,history,owner,kilometers,fuel,last_service,transmission,registration,insurance_type,insurance_validity,year,brand,model,location,url,price
0,Non-Accidental,2nd Owner,"60,743",Diesel,04 Jul 2022,AUTOMATIC,GJ-01-x-xxxx,3rd Party,Jul 2023,July 2017,Ford,Endeavour 2.2l 4X2 AT Trend AUTOMATIC,Ahmedabad,https://www.cars24.com/buy-used-ford-endeavour-2017-cars-ahmedabad-11435492710/,"22,57,499"
1,Non-Accidental,2nd Owner,"40,422",Diesel,16 Feb 2022,AUTOMATIC,GJ-27-x-xxxx,3rd Party,Jul 2023,February 2018,Audi,A3 35TDI PREMIUM AUTOMATIC,Ahmedabad,https://www.cars24.com/buy-used-audi-a3-2018-cars-ahmedabad-1143438048/,"19,68,199"
2,Non-Accidental,1st Owner,"8,244",Diesel,27 Jun 2022,MANUAL,GJ-03-x-xxxx,3rd Party,Jul 2023,September 2021,MG,HECTOR SHARP 2.0 DIESEL MANUAL,Ahmedabad,https://www.cars24.com/buy-used-mg-hector-2021-cars-ahmedabad-15074597793/,"19,19,799"
3,Non-Accidental,1st Owner,"62,014",Petrol,29 Jun 2022,AUTOMATIC,GJ-01-x-xxxx,Zero Depreciation,Feb 2023,January 2018,Skoda,Octavia LK 1.8 TSI AT AUTOMATIC,Ahmedabad,https://www.cars24.com/buy-used-skoda-octavia-2018-cars-ahmedabad-11424895777/,"18,34,799"
4,Non-Accidental,1st Owner,"38,715",Diesel,06 Jun 2022,MANUAL,GJ-18-x-xxxx,Zero Depreciation,Feb 2023,January 2021,Tata,Harrier XT+ 2.0 KRYOTEC MANUAL,Ahmedabad,https://www.cars24.com/buy-used-tata-harrier-2021-cars-gandhinagar-14204193717/,"17,89,599"
5,Non-Accidental,1st Owner,"29,552",Diesel,12 May 2022,MANUAL,GJ-36-x-xxxx,Zero Depreciation,Mar 2023,January 2020,Honda,Civic ZX MT DIESEL MANUAL,Ahmedabad,https://www.cars24.com/buy-used-honda-civic-2020-cars-ahmedabad-15024195796/,"17,10,199"
6,Non-Accidental,1st Owner,"3,378",Diesel,05 Mar 2022,MANUAL,GJ-12-x-xxxx,Zero Depreciation,Dec 2022,December 2021,Hyundai,Creta SX MT MANUAL,Ahmedabad,https://www.cars24.com/buy-used-hyundai-creta-2021-cars-ahmedabad-1145883263/,"16,73,799"
7,Non-Accidental,2nd Owner,"55,484",Diesel,24 May 2022,MANUAL,GJ-03-x-xxxx,Zero Depreciation,Jan 2023,October 2019,MG,HECTOR SHARP 2.0 DIESEL MANUAL,Ahmedabad,https://www.cars24.com/buy-used-mg-hector-2019-cars-ahmedabad-11460991793/,"16,44,699"
8,Non-Accidental,1st Owner,"8,717",Petrol,29 Jun 2022,AUTOMATIC,GJ-05-x-xxxx,3rd Party,Jul 2023,March 2020,MG,HECTOR SHARP DCT PETROL AUTOMATIC,Ahmedabad,https://www.cars24.com/buy-used-mg-hector-2020-cars-ahmedabad-1039767242/,"16,38,399"
9,Non-Accidental,1st Owner,"10,501",Petrol,29 Jun 2022,AUTOMATIC,GJ-03-x-xxxx,3rd Party,Feb 2023,February 2020,MG,HECTOR SHARP DCT PETROL AUTOMATIC,Ahmedabad,https://www.cars24.com/buy-used-mg-hector-2020-cars-rajkot-1509170466/,"16,35,999"
10,Non-Accidental,1st Owner,"23,140",Petrol,09 May 2022,AUTOMATIC,GJ-03-x-xxxx,Zero Depreciation,Mar 2023,February 2020,MG,HECTOR SHARP DCT PETROL AUTOMATIC,Ahmedabad,https://www.cars24.com/buy-used-mg-hector-2020-cars-ahmedabad-1505762360/,"16,20,599"
11,Non-Accidental,1st Owner,950,Petrol,01 Jul 2022,AUTOMATIC,GJ-05-x-xxxx,Zero Depreciation,Dec 2022,November 2021,Mahindra,Thar LX PETROL AT 4WD AUTOMATIC,Ahmedabad,https://www.cars24.com/buy-used-mahindra-thar-2021-cars-surat-13545992790/,"16,14,899"
12,Non-Accidental,1st Owner,"3,624",Petrol,07 Jun 2022,AUTOMATIC,GJ-03-x-xxxx,3rd Party,Jul 2023,August 2021,Mahindra,Thar LX PETROL AT 4WD AUTOMATIC,Ahmedabad,https://www.cars24.com/buy-used-mahindra-thar-2021-cars-rajkot-15073793710/,"16,14,899"
13,Non-Accidental,1st Owner,"17,382",Petrol,18 Jun 2022,AUTOMATIC,GJ-06-x-xxxx,Comprehensive,Feb 2023,January 2020,MG,HECTOR SHARP DCT PETROL AUTOMATIC,Ahmedabad,https://www.cars24.com/buy-used-mg-hector-2020-cars-ahmedabad-11499098758/,"16,08,099"
14,Non-Accidental,1st Owner,"14,982",Petrol,29 Jun 2022,NA,GJ-27-x-xxxx,Zero Depreciation,Mar 2023,February 2021,MG,HECTOR SHARP HYBRID 1.5 DUAL TONE,Ahmedabad,https://www.cars24.com/buy-used-mg-hector-2021-cars-ahmedabad-11499099778/,"15,77,699"
15,Non-Accidental,1st Owner,"27,710",Petrol,03 Jul 2022,AUTOMATIC,GJ-05-x-xxxx,Zero Depreciation,Jan 2023,January 2020,MG,HECTOR SHARP DCT PETROL AUTOMATIC,Ahmedabad,https://www.cars24.com/buy-used-mg-hector-2020-cars-surat-13583292776/,"15,67,999"
16,Non-Accidental,1st Owner,"14,232",Petrol,23 May 2022,NA,GJ-27-x-xxxx,Zero Depreciation,Jul 2024,July 2021,Skoda,KUSHAQ STYLE 1.0TSI AT,Ahmedabad,https://www.cars24.com/buy-used-skoda-kushaq-2021-cars-ahmedabad-11483096770/,"15,10,599"
17,Non-Accidental,1st Owner,"52,845",Petrol,29 Jun 2022,AUTOMATIC,GJ-01-x-xxxx,3rd Party,Apr 2023,March 2017,Hyundai,Tucson New 2WD AT GL PETROL AUTOMATIC,Ahmedabad,https://www.cars24.com/buy-used-hyundai-tucson-new-2017-cars-ahmedabad-11484497714/,"15,03,699"
18,Non-Accidental,1st Owner,"52,410",Diesel,30 Jun 2022,MANUAL,GJ-01-x-xxxx,3rd Party,Jul 2023,January 2018,Toyota,Innova Crysta 2.4 GX 7 STR MANUAL,Ahmedabad,https://www.cars24.com/buy-used-toyota-innova-crysta-2018-cars-ahmedabad-11469191797/,"14,73,575"
19,Non-Accidental,1st Owner,"65,365",Diesel,01 Jun 2022,MANUAL,GJ-17-x-xxxx,3rd Party,Jul 2023,March 2020,Hyundai,Creta SX MT MANUAL,Ahmedabad,https://www.cars24.com/buy-used-hyundai-creta-2020-cars-vadodara-13615191719/,"14,68,899"
20,Non-Accidental,1st Owner,"20,306",Petrol,28 Jun 2022,MANUAL,GJ-38-x-xxxx,Zero Depreciation,Mar 2023,January 2021,Honda,City ZX MT PETROL MANUAL,Ahmedabad,https://www.cars24.com/buy-used-honda-city-2021-cars-ahmedabad-11412699711/,"14,29,399"
21,Non-Accidental,1st Owner,"60,946",Diesel,02 Jul 2022,MANUAL,GJ-01-x-xxxx,3rd Party,Jul 2023,January 2019,Jeep,Compass 2.0 LIMITED MANUAL,Ahmedabad,https://www.cars24.com/buy-used-jeep-compass-2019-cars-ahmedabad-1147364122/,"14,25,399"
22,Non-Accidental,1st Owner,"60,974",Petrol,01 Jul 2022,AUTOMATIC,GJ-05-x-xxxx,3rd Party,Jul 2023,September 2019,KIA,SELTOS GTX 1.4 GDI AT PETROL AUTOMATIC,Ahmedabad,https://www.cars24.com/buy-used-kia-seltos-2019-cars-surat-1358894569/,"14,17,099"
23,Non-Accidental,1st Owner,"10,488",Petrol,01 Jul 2022,MANUAL,GJ-01-x-xxxx,3rd Party,Jul 2023,April 2019,Jeep,Compass SPORT PLUS PETROL MANUAL,Ahmedabad,https://www.cars24.com/buy-used-jeep-compass-2019-cars-ahmedabad-11444994796/,"13,98,099"
24,Non-Accidental,3rd Owner,"33,198",Petrol,12 May 2022,AUTOMATIC,GJ-05-x-xxxx,3rd Party,Jul 2023,October 2019,MG,HECTOR SHARP DCT PETROL AUTOMATIC,Ahmedabad,https://www.cars24.com/buy-used-mg-hector-2019-cars-surat-13551493793/,"13,95,599"
25,Non-Accidental,1st Owner,"14,847",Petrol,26 Jun 2022,MANUAL,GJ-38-x-xxxx,Zero Depreciation,May 2023,February 2020,Hyundai,Creta SX PETROL MT MANUAL,Ahmedabad,https://www.cars24.com/buy-used-hyundai-creta-2020-cars-ahmedabad-11425795776/,"13,86,199"
26,Non-Accidental,2nd Owner,"9,553",Petrol,01 Jul 2022,AUTOMATIC,GJ-06-x-xxxx,3rd Party,Jul 2023,May 2019,Hyundai,Creta 1.6 VTVT SX AUTO AUTOMATIC,Ahmedabad,https://www.cars24.com/buy-used-hyundai-creta-2019-cars-vadodara-13628395772/,"13,76,919"
27,Non-Accidental,1st Owner,"20,377",Petrol,11 Jun 2022,AUTOMATIC,GJ-27-x-xxxx,3rd Party,Jul 2023,May 2021,Honda,City VX CVT PETROL AUTOMATIC,Ahmedabad,https://www.cars24.com/buy-used-honda-city-2021-cars-ahmedabad-11423499719/,"13,67,099"
28,Non-Accidental,1st Owner,"58,603",Petrol,25 Apr 2022,AUTOMATIC,GJ-05-x-xxxx,3rd Party,Jul 2023,August 2019,KIA,SELTOS HTX AT PETROL AUTOMATIC,Ahmedabad,https://www.cars24.com/buy-used-kia-seltos-2019-cars-surat-1359796862/,"13,64,499"
29,Non-Accidental,1st Owner,"6,597",Petrol,02 Jul 2022,MANUAL,GJ-05-x-xxxx,3rd Party,Dec 2023,December 2020,Hyundai,Creta SX PETROL MT MANUAL,Ahmedabad,https://www.cars24.com/buy-used-hyundai-creta-2020-cars-surat-13562898717/,"13,48,799"
30,Non-Accidental,1st Owner,"52,970",Diesel,27 Jun 2022,MANUAL,GJ-16-x-xxxx,3rd Party,Jul 2023,February 2020,KIA,SELTOS HTK PLUS 1.5 DIESEL MANUAL,Ahmedabad,https://www.cars24.com/buy-used-kia-seltos-2020-cars-ahmedabad-1148576366/,"13,28,499"
31,Non-Accidental,1st Owner,"84,312",Diesel,02 Jul 2022,AUTOMATIC,GJ-01-x-xxxx,3rd Party,Jul 2023,January 2019,Mahindra,XUV500 W11 AT AUTOMATIC,Ahmedabad,https://www.cars24.com/buy-used-mahindra-xuv500-2019-cars-ahmedabad-1149848369/,"13,12,299"
32,Non-Accidental,1st Owner,"13,069",Petrol,18 May 2022,AUTOMATIC,GJ-06-x-xxxx,Comprehensive,Feb 2023,January 2020,Honda,City VX CVT PETROL AUTOMATIC,Ahmedabad,https://www.cars24.com/buy-used-honda-city-2020-cars-ahmedabad-11443291777/,"12,96,599"
33,Non-Accidental,1st Owner,"31,889",Petrol,02 Jul 2022,AUTOMATIC,GJ-01-x-xxxx,3rd Party,Jul 2023,March 2019,Hyundai,Creta 1.6 VTVT SX AUTO AUTOMATIC,Ahmedabad,https://www.cars24.com/buy-used-hyundai-creta-2019-cars-ahmedabad-1140173864/,"12,78,099"
34,Non-Accidental,1st Owner,"23,319",Petrol,11 Jan 2022,NA,GJ-18-x-xxxx,Comprehensive,Oct 2022,October 2020,Honda,City ZX MT PETROL,Ahmedabad,https://www.cars24.com/buy-used-honda-city-2020-cars-ahmedabad-1427471460/,"12,62,899"
35,Non-Accidental,1st Owner,"74,829",Diesel,05 Jul 2022,AUTOMATIC,GJ-01-x-xxxx,3rd Party,Jul 2023,June 2017,Hyundai,New Elantra 1.6 SX AT O AUTOMATIC,Ahmedabad,https://www.cars24.com/buy-used-hyundai-new-elantra-2017-cars-ahmedabad-1147454162/,"12,61,599"
36,Non-Accidental,2nd Owner,"64,002",Petrol,04 Jul 2022,AUTOMATIC,GJ-06-x-xxxx,3rd Party,Jul 2023,February 2017,Skoda,Octavia 1.8 TSI STYLE PLUS AT AUTOMATIC,Ahmedabad,https://www.cars24.com/buy-used-skoda-octavia-2017-cars-ahmedabad-11451794795/,"12,61,199"
37,Non-Accidental,1st Owner,"37,237",Diesel,05 Jul 2022,MANUAL,GJ-01-x-xxxx,3rd Party,Jul 2023,February 2018,Jeep,Compass 2.0 LIMITED MANUAL,Ahmedabad,https://www.cars24.com/buy-used-jeep-compass-2018-cars-ahmedabad-1148471868/,"12,56,799"
38,Non-Accidental,1st Owner,"29,880",Petrol,28 Jun 2022,AUTOMATIC,GJ-21-x-xxxx,3rd Party,Feb 2023,January 2020,Honda,City VX CVT PETROL AUTOMATIC,Ahmedabad,https://www.cars24.com/buy-used-honda-city-2020-cars-ahmedabad-1140792766/,"11,98,999"
39,Non-Accidental,1st Owner,"20,061",Petrol,28 Jun 2022,MANUAL,GJ-05-x-xxxx,3rd Party,Nov 2023,November 2020,KIA,SELTOS HTK PLUS 1.5 PETROL MANUAL,Ahmedabad,https://www.cars24.com/buy-used-kia-seltos-2020-cars-surat-13560895779/,"11,96,799"
40,Non-Accidental,1st Owner,"58,756",Diesel,05 Jul 2022,AUTOMATIC,GJ-01-x-xxxx,3rd Party,Jul 2023,March 2018,Hyundai,Creta 1.6 CRDI SX PLUS AUTO AUTOMATIC,Ahmedabad,https://www.cars24.com/buy-used-hyundai-creta-2018-cars-ahmedabad-1140410069/,"11,92,499"
41,Non-Accidental,1st Owner,"2,676",Petrol,06 Jul 2022,AUTOMATIC,GJ-06-x-xxxx,Comprehensive,Nov 2022,November 2021,Hyundai,VENUE 1.0 TURBO GDI SX+ AT AUTOMATIC,Ahmedabad,https://www.cars24.com/buy-used-hyundai-venue-2021-cars-ahmedabad-11481892718/,"11,91,799"
42,Non-Accidental,1st Owner,"63,556",Petrol,05 Apr 2022,AUTOMATIC,GJ-01-x-xxxx,3rd Party,Jul 2023,August 2018,Hyundai,Creta 1.6 SX AT PETROL AUTOMATIC,Ahmedabad,https://www.cars24.com/buy-used-hyundai-creta-2018-cars-ahmedabad-1148134860/,"11,89,799"
43,Non-Accidental,1st Owner,"72,123",Diesel,02 Jul 2022,MANUAL,GJ-11-x-xxxx,Comprehensive,Jan 2023,January 2018,Hyundai,Creta 1.6 SX (O) CRDI MANUAL,Ahmedabad,https://www.cars24.com/buy-used-hyundai-creta-2018-cars-gandhinagar-14259194791/,"11,70,164"
44,Non-Accidental,1st Owner,"83,685",Diesel,27 Jan 2022,AUTOMATIC,GJ-01-x-xxxx,3rd Party,Jul 2023,March 2018,Hyundai,Creta 1.6 CRDI SX PLUS AUTO AUTOMATIC,Ahmedabad,https://www.cars24.com/buy-used-hyundai-creta-2018-cars-ahmedabad-1144655260/,"11,59,699"
45,Non-Accidental,1st Owner,"63,038",Petrol,26 Jun 2022,AUTOMATIC,GJ-23-x-xxxx,3rd Party,Jul 2023,October 2017,Jeep,Compass LIMITED 1.4 AT AUTOMATIC,Ahmedabad,https://www.cars24.com/buy-used-jeep-compass-2017-cars-ahmedabad-2065423806/,"11,25,799"
46,Non-Accidental,1st Owner,"57,370",Petrol + CNG,28 Jun 2022,AUTOMATIC,GJ-01-x-xxxx,Zero Depreciation,Oct 2022,September 2018,Honda,City ZX CVT AUTOMATIC,Ahmedabad,https://www.cars24.com/buy-used-honda-city-2018-cars-ahmedabad-1140240260/,"11,24,099"
47,Non-Accidental,1st Owner,"19,762",Petrol,06 Jul 2022,MANUAL,GJ-15-x-xxxx,Zero Depreciation,Oct 2022,September 2019,KIA,SELTOS HTK 1.5 PETROL MANUAL,Ahmedabad,https://www.cars24.com/buy-used-kia-seltos-2019-cars-surat-1351283068/,"11,07,499"
48,Non-Accidental,1st Owner,"10,285",Petrol,08 Apr 2022,NA,GJ-18-x-xxxx,3rd Party,Jul 2023,July 2021,Maruti,S Cross ZETA AT 1.5 SHVS,Ahmedabad,https://www.cars24.com/buy-used-maruti-s-cross-2021-cars-ahmedabad-1141382466/,"10,79,099"
49,Non-Accidental,2nd Owner,"47,483",Diesel,03 May 2022,MANUAL,GJ-05-x-xxxx,3rd Party,Jul 2023,January 2018,Mahindra,XUV500 W9 MANUAL,Ahmedabad,https://www.cars24.com/buy-used-mahindra-xuv500-2018-cars-surat-13553898792/,"10,73,199"
50,Non-Accidental,1st Owner,"57,552",Diesel,06 Jul 2022,MANUAL,GJ-01-x-xxxx,Zero Depreciation,Jan 2023,January 2019,Mahindra,XUV500 W7 FWD MANUAL,Ahmedabad,https://www.cars24.com/buy-used-mahindra-xuv500-2019-cars-ahmedabad-1140795567/,"10,71,349"
51,Non-Accidental,1st Owner,"1,15,157",Diesel,05 Jul 2022,MANUAL,GJ-38-x-xxxx,3rd Party,Oct 2022,August 2018,Mahindra,XUV500 W9 MANUAL,Ahmedabad,https://www.cars24.com/buy-used-mahindra-xuv500-2018-cars-ahmedabad-1141295905/,"10,59,599"
52,Non-Accidental,1st Owner,"36,999",Petrol,26 Jun 2022,MANUAL,GJ-15-x-xxxx,Zero Depreciation,Oct 2022,September 2019,KIA,SELTOS HTK 1.5 PETROL MANUAL,Ahmedabad,https://www.cars24.com/buy-used-kia-seltos-2019-cars-surat-13529698771/,"10,57,599"
53,Non-Accidental,2nd Owner,"14,064",Petrol,29 Jun 2022,MANUAL,GJ-27-x-xxxx,3rd Party,Oct 2023,July 2020,Hyundai,VENUE SX 1.0 GDI IMT MANUAL,Ahmedabad,https://www.cars24.com/buy-used-hyundai-venue-2020-cars-ahmedabad-11422097711/,"10,48,999"
54,Non-Accidental,1st Owner,"77,796",Diesel,13 May 2022,AUTOMATIC,GJ-01-x-xxxx,3rd Party,Jul 2023,June 2018,Volkswagen,Vento HIGHLINE PLUS TDI AT AUTOMATIC,Ahmedabad,https://www.cars24.com/buy-used-volkswagen-vento-2018-cars-ahmedabad-11414899798/,"10,41,399"
55,Non-Accidental,2nd Owner,"40,336",Diesel,06 Jul 2022,AUTOMATIC,GJ-27-x-xxxx,3rd Party,Jul 2023,January 2019,Hyundai,Verna 1.6 CRDI SX + AT AUTOMATIC,Ahmedabad,https://www.cars24.com/buy-used-hyundai-verna-2019-cars-ahmedabad-1149421560/,"10,41,199"
56,Non-Accidental,2nd Owner,"21,596",Petrol,27 Jun 2022,MANUAL,GJ-07-x-xxxx,3rd Party,Jul 2023,February 2020,Maruti,Ertiga ZXI Plus SHVS MANUAL,Ahmedabad,https://www.cars24.com/buy-used-maruti-ertiga-2020-cars-ahmedabad-1143314365/,"10,39,099"
57,Non-Accidental,1st Owner,"29,438",Petrol,09 May 2022,MANUAL,GJ-01-x-xxxx,3rd Party,Jul 2023,February 2020,Maruti,Ertiga ZXI Plus SHVS MANUAL,Ahmedabad,https://www.cars24.com/buy-used-maruti-ertiga-2020-cars-ahmedabad-11463696794/,"10,39,099"
58,,,,,,,,,,,,,Ahmedabad,https://www.cars24.com/buy-used-jeep-compass-2017-cars-ahmedabad-1358479802/,"10,30,399"
59,Non-Accidental,2nd Owner,"1,47,524",Diesel,29 Jun 2022,MANUAL,GJ-01-x-xxxx,3rd Party,Jul 2023,May 2012,Toyota,Fortuner 3.0 MT 4X4 MANUAL,Ahmedabad,https://www.cars24.com/buy-used-toyota-fortuner-2012-cars-ahmedabad-1140154903/,"10,13,799"
60,Non-Accidental,2nd Owner,"17,142",Petrol,16 Feb 2022,AUTOMATIC,GJ-27-x-xxxx,Zero Depreciation,Oct 2022,October 2018,Hyundai,Verna 1.6 SX VTVT AT (O) AUTOMATIC,Ahmedabad,https://www.cars24.com/buy-used-hyundai-verna-2018-cars-ahmedabad-1140168266/,"10,11,499"
61,Non-Accidental,2nd Owner,"14,833",Petrol,26 Jan 2022,MANUAL,GJ-27-x-xxxx,3rd Party,Jul 2023,June 2019,Hyundai,VENUE 1.0L Turbo GDI SX(O) MT MANUAL,Ahmedabad,https://www.cars24.com/buy-used-hyundai-venue-2019-cars-ahmedabad-1140335064/,"10,02,299"
62,Non-Accidental,1st Owner,"12,542",Petrol,23 May 2022,AUTOMATIC,GJ-38-x-xxxx,Zero Depreciation,Nov 2022,October 2020,Hyundai,NEW I20 ASTA (O) 1.0 TURBO GDI AT AUTOMATIC,Ahmedabad,https://www.cars24.com/buy-used-hyundai-new-i20-2020-cars-ahmedabad-11480399776/,"9,99,699"
63,,,,,,,,,,,,,Ahmedabad,https://www.cars24.com/buy-used-honda-city-2018-cars-ahmedabad-1146430407/,"9,92,399"
64,Non-Accidental,1st Owner,"3,006",Petrol,14 Jun 2022,MANUAL,GJ-06-x-xxxx,Zero Depreciation,Dec 2022,October 2020,Hyundai,VENUE 1.0L Turbo GDI SX(O) MT MANUAL,Ahmedabad,https://www.cars24.com/buy-used-hyundai-venue-2020-cars-vadodara-13645397756/,"9,91,199"
65,Non-Accidental,1st Owner,"14,122",Petrol,20 May 2022,MANUAL,GJ-08-x-xxxx,Zero Depreciation,Feb 2023,January 2022,Maruti,S Cross ZETA SHVS PETROL MANUAL,Ahmedabad,https://www.cars24.com/buy-used-maruti-s-cross-2022-cars-ahmedabad-11465595770/,"9,87,999"
66,Non-Accidental,2nd Owner,"5,788",Petrol,24 May 2022,MANUAL,GJ-01-x-xxxx,Zero Depreciation,Apr 2023,January 2019,Hyundai,Verna 1.6 SX VTVT MANUAL,Ahmedabad,https://www.cars24.com/buy-used-hyundai-verna-2019-cars-ahmedabad-20470896797/,"9,83,899"
67,Non-Accidental,1st Owner,"20,725",Diesel,29 Jun 2022,NA,GJ-06-x-xxxx,Comprehensive,Nov 2022,October 2020,Hyundai,NEW I20 ASTA (O) 1.5 CRDI MT,Ahmedabad,https://www.cars24.com/buy-used-hyundai-new-i20-2020-cars-ahmedabad-11410598718/,"9,79,399"
68,Non-Accidental,1st Owner,"9,057",Petrol,28 Jun 2022,MANUAL,GJ-05-x-xxxx,3rd Party,Jul 2023,September 2020,Hyundai,VENUE SX 1.0 GDI IMT MANUAL,Ahmedabad,https://www.cars24.com/buy-used-hyundai-venue-2020-cars-ahmedabad-1355777101/,"9,76,999"
69,Non-Accidental,2nd Owner,"19,994",Petrol,05 Jul 2022,AUTOMATIC,GJ-38-x-xxxx,3rd Party,Jul 2023,May 2019,Hyundai,VENUE 1.0 TURBO GDI SX+ AT AUTOMATIC,Ahmedabad,https://www.cars24.com/buy-used-hyundai-venue-2019-cars-ahmedabad-11435690714/,"9,75,099"
70,Non-Accidental,1st Owner,"70,215",Petrol,02 Jul 2022,MANUAL,GJ-15-x-xxxx,Zero Depreciation,Oct 2022,September 2019,Maruti,XL6 ALPHA SHVS MT MANUAL,Ahmedabad,https://www.cars24.com/buy-used-maruti-xl6-2019-cars-surat-13504099796/,"9,47,499"
71,Non-Accidental,2nd Owner,"8,476",Petrol,28 Jun 2022,AUTOMATIC,GJ-03-x-xxxx,Zero Depreciation,Oct 2022,October 2020,Volkswagen,Polo GT TSI AT 1.0 AUTOMATIC,Ahmedabad,https://www.cars24.com/buy-used-volkswagen-polo-2020-cars-rajkot-15024797771/,"9,45,399"
72,Non-Accidental,1st Owner,"13,791",Petrol,06 Jul 2022,MANUAL,GJ-05-x-xxxx,Zero Depreciation,Feb 2023,February 2020,Maruti,Ertiga ZXI SMART HYBRID MANUAL,Ahmedabad,https://www.cars24.com/buy-used-maruti-ertiga-2020-cars-surat-1351036967/,"9,45,299"
73,Non-Accidental,1st Owner,"3,195",Petrol,17 May 2022,AUTOMATIC,GJ-06-x-xxxx,Comprehensive,Apr 2023,March 2021,Maruti,Baleno ZETA 1.2 K12 CVT AUTOMATIC,Ahmedabad,https://www.cars24.com/buy-used-maruti-baleno-2021-cars-vadodara-13625890770/,"9,44,899"
74,Non-Accidental,1st Owner,"22,649",Petrol,05 Jul 2022,MANUAL,GJ-01-x-xxxx,Zero Depreciation,Apr 2023,March 2021,Volkswagen,Vento COMFORTLINE 1.0 TSI MT MANUAL,Ahmedabad,https://www.cars24.com/buy-used-volkswagen-vento-2021-cars-ahmedabad-11446599796/,"9,40,399"
75,Non-Accidental,2nd Owner,"58,758",Petrol,28 Jun 2022,MANUAL,GJ-27-x-xxxx,3rd Party,Jul 2023,May 2019,Honda,City VX MT PETROL MANUAL,Ahmedabad,https://www.cars24.com/buy-used-honda-city-2019-cars-ahmedabad-1141675762/,"9,35,599"
76,Non-Accidental,1st Owner,"25,293",Petrol,15 Jun 2022,MANUAL,GJ-27-x-xxxx,Zero Depreciation,Nov 2022,November 2020,Maruti,Vitara Brezza ZXI + MANUAL,Ahmedabad,https://www.cars24.com/buy-used-maruti-vitara-brezza-2020-cars-ahmedabad-11477597750/,"9,33,399"
77,Non-Accidental,1st Owner,"24,186",Diesel,06 Jul 2022,MANUAL,GJ-05-x-xxxx,3rd Party,Jul 2023,January 2019,Ford,Ecosport 1.5TITANIUM TDCI MANUAL,Ahmedabad,https://www.cars24.com/buy-used-ford-ecosport-2019-cars-surat-1356895361/,"9,04,899"
78,Non-Accidental,1st Owner,"64,465",Diesel,28 Jun 2022,MANUAL,GJ-18-x-xxxx,Comprehensive,Jan 2023,January 2019,Ford,Ecosport 1.5TITANIUM TDCI MANUAL,Ahmedabad,https://www.cars24.com/buy-used-ford-ecosport-2019-cars-gandhinagar-1420358269/,"8,98,299"
79,Non-Accidental,1st Owner,"40,145",Petrol,05 Jul 2022,AUTOMATIC,GJ-01-x-xxxx,3rd Party,Jul 2023,September 2020,Volkswagen,Polo GT TSI AT 1.0 AUTOMATIC,Ahmedabad,https://www.cars24.com/buy-used-volkswagen-polo-2020-cars-surat-1351324962/,"8,79,699"
80,Non-Accidental,1st Owner,"29,821",Diesel,02 Jul 2022,MANUAL,GJ-05-x-xxxx,Zero Depreciation,Feb 2023,January 2019,Ford,Ecosport 1.5TITANIUM TDCI MANUAL,Ahmedabad,https://www.cars24.com/buy-used-ford-ecosport-2019-cars-surat-1351213863/,"8,75,499"
81,Non-Accidental,1st Owner,"4,126",Petrol,04 Jul 2022,NA,GJ-18-x-xxxx,Zero Depreciation,Mar 2023,January 2021,Renault,Kiger RXZ AMT 1.0 DUAL TONE,Ahmedabad,https://www.cars24.com/buy-used-renault-kiger-2021-cars-gandhinagar-14226592772/,"8,66,299"
82,Non-Accidental,1st Owner,"45,502",Petrol,02 Jul 2022,MANUAL,GJ-01-x-xxxx,Comprehensive,May 2023,February 2020,Hyundai,VENUE S MT 1.2 KAPPA MANUAL,Ahmedabad,https://www.cars24.com/buy-used-hyundai-venue-2020-cars-ahmedabad-11427496770/,"8,64,899"
83,Non-Accidental,1st Owner,"6,355",Petrol,06 Jul 2022,NA,GJ-38-x-xxxx,3rd Party,Dec 2023,October 2020,Hyundai,NEW I20 Asta 1.0 GDI Turbo IMT,Ahmedabad,https://www.cars24.com/buy-used-hyundai-new-i20-2020-cars-ahmedabad-11460898717/,"8,59,099"
84,Non-Accidental,1st Owner,"95,439",Petrol,30 Jun 2022,AUTOMATIC,GJ-01-x-xxxx,3rd Party,Jul 2023,June 2018,Honda,City VX CVT PETROL AUTOMATIC,Ahmedabad,https://www.cars24.com/buy-used-honda-city-2018-cars-ahmedabad-1140973605/,"8,37,199"
85,Non-Accidental,2nd Owner,"34,014",Petrol,28 Jun 2022,MANUAL,GJ-21-x-xxxx,3rd Party,Jul 2023,May 2019,Hyundai,Verna 1.6 SX VTVT MANUAL,Ahmedabad,https://www.cars24.com/buy-used-hyundai-verna-2019-cars-surat-1359538068/,"8,30,949"
86,Non-Accidental,2nd Owner,"76,040",Petrol,04 Jul 2022,MANUAL,GJ-06-x-xxxx,Zero Depreciation,Dec 2022,August 2018,Honda,City SV MT EDGE EDITION PETROL MANUAL,Ahmedabad,https://www.cars24.com/buy-used-honda-city-2018-cars-ahmedabad-11409494710/,"8,26,824"
87,Non-Accidental,1st Owner,"29,669",Petrol,30 Jun 2022,MANUAL,GJ-05-x-xxxx,3rd Party,Jul 2023,March 2021,Hyundai,VENUE S MT 1.2 KAPPA MANUAL,Ahmedabad,https://www.cars24.com/buy-used-hyundai-venue-2021-cars-surat-13514099794/,"8,24,999"
88,Non-Accidental,1st Owner,"16,257",Petrol,08 Jun 2022,MANUAL,GJ-06-x-xxxx,3rd Party,Jul 2023,September 2020,Tata,NEXON XZ 1.2 MANUAL,Ahmedabad,https://www.cars24.com/buy-used-tata-nexon-2020-cars-vadodara-13698590710/,"8,24,699"
89,Non-Accidental,1st Owner,"77,774",Diesel,27 Jun 2022,MANUAL,GJ-19-x-xxxx,Comprehensive,Dec 2022,June 2019,Ford,Ecosport 1.5TITANIUM TDCI MANUAL,Ahmedabad,https://www.cars24.com/buy-used-ford-ecosport-2019-cars-surat-1355282667/,"8,16,099"
90,Non-Accidental,1st Owner,"39,033",Diesel,21 Mar 2022,MANUAL,GJ-09-x-xxxx,3rd Party,Jul 2023,March 2018,Maruti,Vitara Brezza ZDI MANUAL,Ahmedabad,https://www.cars24.com/buy-used-maruti-vitara-brezza-2018-cars-ahmedabad-1148994029/,"8,06,899"
91,Non-Accidental,1st Owner,"41,888",Petrol,03 Jul 2022,AUTOMATIC,GJ-18-x-xxxx,Zero Depreciation,Nov 2022,October 2017,Maruti,Ciaz ZETA 1.4 VVT AMT AUTOMATIC,Ahmedabad,https://www.cars24.com/buy-used-maruti-ciaz-2017-cars-gandhinagar-14292599715/,"8,00,699"
92,Non-Accidental,1st Owner,"77,481",Diesel,29 Jun 2022,MANUAL,GJ-06-x-xxxx,3rd Party,Jul 2023,March 2016,Maruti,Vitara Brezza ZDI PLUS DUAL TONE MANUAL,Ahmedabad,https://www.cars24.com/buy-used-maruti-vitara-brezza-2016-cars-vadodara-13699692713/,"7,95,299"
93,Non-Accidental,1st Owner,"49,169",Petrol,26 Jun 2022,MANUAL,GJ-15-x-xxxx,3rd Party,Jul 2023,September 2017,Hyundai,Verna 1.6 SX VTVT MANUAL,Ahmedabad,https://www.cars24.com/buy-used-hyundai-verna-2017-cars-ahmedabad-1350762205/,"7,94,499"
94,Non-Accidental,1st Owner,"65,130",Petrol,24 Mar 2022,MANUAL,GJ-01-x-xxxx,Zero Depreciation,Jan 2023,January 2019,Honda,WR-V 1.2 i-VTEC VX MT MANUAL,Ahmedabad,https://www.cars24.com/buy-used-honda-wr-v-2019-cars-ahmedabad-1143672468/,"7,85,999"
95,Non-Accidental,1st Owner,"14,551",Petrol,04 Jul 2022,MANUAL,GJ-01-x-xxxx,Comprehensive,Feb 2023,January 2020,Maruti,Baleno ZETA 1.2 K12 MANUAL,Ahmedabad,https://www.cars24.com/buy-used-maruti-baleno-2020-cars-ahmedabad-11477993717/,"7,81,199"
96,Non-Accidental,1st Owner,"13,713",Petrol,03 Jul 2022,MANUAL,GJ-01-x-xxxx,3rd Party,Nov 2022,September 2018,Hyundai,Elite i20 ASTA 1.2 MANUAL,Ahmedabad,https://www.cars24.com/buy-used-hyundai-elite-i20-2018-cars-ahmedabad-11403993715/,"7,68,299"
97,Non-Accidental,1st Owner,"8,559",Petrol,05 Jul 2022,MANUAL,GJ-05-x-xxxx,3rd Party,Jul 2023,June 2019,Honda,Amaze 1.2 VXMT I VTEC MANUAL,Ahmedabad,https://www.cars24.com/buy-used-honda-amaze-2019-cars-surat-13523295795/,"7,57,499"
98,Non-Accidental,1st Owner,"9,204",Petrol,11 Apr 2022,MANUAL,GJ-06-x-xxxx,Zero Depreciation,Nov 2022,November 2020,Maruti,Baleno ZETA 1.2 K12 MANUAL,Ahmedabad,https://www.cars24.com/buy-used-maruti-baleno-2020-cars-vadodara-1362940268/,"7,55,799"
99,Non-Accidental,1st Owner,"2,385",Petrol,02 Jul 2022,MANUAL,GJ-01-x-xxxx,3rd Party,Jul 2023,July 2021,Maruti,Baleno DELTA 1.2 K12 MANUAL,Ahmedabad,https://www.cars24.com/buy-used-maruti-baleno-2021-cars-ahmedabad-11425695778/,"7,54,399"
100,Non-Accidental,1st Owner,"7,138",Petrol,23 May 2022,MANUAL,GJ-01-x-xxxx,3rd Party,Jul 2023,March 2021,Maruti,Baleno DELTA 1.2 K12 MANUAL,Ahmedabad,https://www.cars24.com/buy-used-maruti-baleno-2021-cars-ahmedabad-11444599770/,"7,54,399"
101,Non-Accidental,1st Owner,"20,748",Petrol,12 Apr 2022,MANUAL,GJ-05-x-xxxx,3rd Party,Jul 2023,April 2018,Hyundai,Elite i20 ASTA 1.2 MANUAL,Ahmedabad,https://www.cars24.com/buy-used-hyundai-elite-i20-2018-cars-surat-1350776867/,"7,49,099"
102,Non-Accidental,1st Owner,"60,326",Petrol,04 Jul 2022,MANUAL,GJ-01-x-xxxx,3rd Party,Jan 2023,January 2020,Maruti,Baleno ZETA 1.2 K12 MANUAL,Ahmedabad,https://www.cars24.com/buy-used-maruti-baleno-2020-cars-ahmedabad-11464797792/,"7,32,899"
103,Non-Accidental,1st Owner,"27,391",Petrol,20 May 2022,MANUAL,GJ-24-x-xxxx,Zero Depreciation,Oct 2022,September 2020,Maruti,Baleno ZETA 1.2 K12 MANUAL,Ahmedabad,https://www.cars24.com/buy-used-maruti-baleno-2020-cars-ahmedabad-11435395777/,"7,31,199"
104,Non-Accidental,2nd Owner,"59,878",Diesel,13 Apr 2022,MANUAL,GJ-03-x-xxxx,3rd Party,Jul 2023,March 2017,Ford,Ecosport 1.5 TITANIUMTDCI OPT MANUAL,Ahmedabad,https://www.cars24.com/buy-used-ford-ecosport-2017-cars-ahmedabad-1142720967/,"7,26,699"
105,Non-Accidental,1st Owner,"7,600",Petrol,30 Jun 2022,MANUAL,GJ-01-x-xxxx,3rd Party,Mar 2023,January 2020,Maruti,Baleno DELTA 1.2 K12 MANUAL,Ahmedabad,https://www.cars24.com/buy-used-maruti-baleno-2020-cars-ahmedabad-1141170860/,"7,22,599"
106,Non-Accidental,1st Owner,"64,886",Petrol,06 Jul 2022,MANUAL,GJ-01-x-xxxx,3rd Party,Jul 2023,September 2020,Maruti,Baleno ZETA 1.2 K12 MANUAL,Ahmedabad,https://www.cars24.com/buy-used-maruti-baleno-2020-cars-ahmedabad-11461492793/,"7,20,999"
107,Non-Accidental,1st Owner,"46,150",Petrol,26 Jun 2022,MANUAL,GJ-01-x-xxxx,Zero Depreciation,Feb 2023,January 2020,Maruti,Baleno DELTA 1.2 K12 MANUAL,Ahmedabad,https://www.cars24.com/buy-used-maruti-baleno-2020-cars-ahmedabad-11463392799/,"7,19,959"
108,Non-Accidental,1st Owner,"19,851",Petrol,01 Jul 2022,MANUAL,GJ-01-x-xxxx,3rd Party,Jul 2023,August 2020,Maruti,Dzire VXI MANUAL,Ahmedabad,https://www.cars24.com/buy-used-maruti-dzire-2020-cars-ahmedabad-11492693792/,"7,18,099"
109,Non-Accidental,1st Owner,"13,099",Petrol,27 Jun 2022,MANUAL,GJ-18-x-xxxx,3rd Party,Jan 2024,December 2021,Maruti,Dzire VXI MANUAL,Ahmedabad,https://www.cars24.com/buy-used-maruti-dzire-2021-cars-ahmedabad-1149486468/,"7,15,299"
110,Non-Accidental,1st Owner,"20,691",Petrol,31 May 2022,MANUAL,GJ-01-x-xxxx,Zero Depreciation,Jan 2023,January 2019,Maruti,Dzire VXI MANUAL,Ahmedabad,https://www.cars24.com/buy-used-maruti-dzire-2019-cars-ahmedabad-11451992714/,"7,11,499"
111,Non-Accidental,1st Owner,"21,363",Petrol,29 Jun 2022,MANUAL,GJ-01-x-xxxx,Zero Depreciation,Mar 2023,February 2021,Maruti,Baleno DELTA 1.2 K12 MANUAL,Ahmedabad,https://www.cars24.com/buy-used-maruti-baleno-2021-cars-ahmedabad-11461298770/,"7,10,399"
112,Non-Accidental,2nd Owner,"40,354",Diesel,22 Feb 2022,MANUAL,GJ-03-x-xxxx,3rd Party,Jul 2023,January 2018,Honda,WR-V 1.5 i-DTEC VX MT MANUAL,Ahmedabad,https://www.cars24.com/buy-used-honda-wr-v-2018-cars-ahmedabad-1353263307/,"7,08,499"
113,Non-Accidental,1st Owner,"8,269",Petrol,29 Jun 2022,MANUAL,GJ-05-x-xxxx,3rd Party,Sept 2023,August 2020,Volkswagen,Polo COMFORTLINE PLUS 1.0 MANUAL,Ahmedabad,https://www.cars24.com/buy-used-volkswagen-polo-2020-cars-surat-13535093775/,"7,07,399"
114,Non-Accidental,1st Owner,"29,770",Diesel,12 Mar 2022,MANUAL,GJ-12-x-xxxx,3rd Party,Jul 2023,May 2019,Maruti,Dzire VDI MANUAL,Ahmedabad,https://www.cars24.com/buy-used-maruti-dzire-2019-cars-ahmedabad-1284658965/,"7,06,199"
115,Non-Accidental,1st Owner,"3,111",Petrol,27 Jun 2022,MANUAL,GJ-01-x-xxxx,3rd Party,Jul 2023,July 2020,Maruti,Baleno DELTA 1.2 K12 MANUAL,Ahmedabad,https://www.cars24.com/buy-used-maruti-baleno-2020-cars-ahmedabad-1140912862/,"7,05,999"
116,Non-Accidental,1st Owner,"8,696",Petrol,06 Jul 2022,MANUAL,GJ-01-x-xxxx,Zero Depreciation,Oct 2022,April 2019,Maruti,Dzire VXI MANUAL,Ahmedabad,https://www.cars24.com/buy-used-maruti-dzire-2019-cars-ahmedabad-1145475864/,"7,01,551"
117,Non-Accidental,1st Owner,"20,761",Petrol,05 Jul 2022,MANUAL,GJ-06-x-xxxx,Zero Depreciation,May 2023,April 2019,Maruti,Dzire VXI MANUAL,Ahmedabad,https://www.cars24.com/buy-used-maruti-dzire-2019-cars-vadodara-13673594790/,"7,00,999"
118,Non-Accidental,2nd Owner,"2,81,380",Diesel,06 Jul 2022,MANUAL,GJ-05-x-xxxx,3rd Party,Jul 2023,September 2013,Toyota,Innova 2.5 VX 8 STR BS IV MANUAL,Ahmedabad,https://www.cars24.com/buy-used-toyota-innova-2013-cars-ahmedabad-1359550721/,"7,00,099"
119,Non-Accidental,1st Owner,"45,065",Petrol,27 Jun 2022,MANUAL,GJ-06-x-xxxx,3rd Party,Jul 2023,October 2017,Hyundai,Elite i20 ASTA 1.2 (O) MANUAL,Ahmedabad,https://www.cars24.com/buy-used-hyundai-elite-i20-2017-cars-ahmedabad-1148883669/,"6,89,699"
120,Non-Accidental,1st Owner,"24,211",Petrol,26 Jun 2022,MANUAL,GJ-06-x-xxxx,Comprehensive,Dec 2022,July 2018,Honda,Jazz 1.2 V MT MANUAL,Ahmedabad,https://www.cars24.com/buy-used-honda-jazz-2018-cars-vadodara-13614290796/,"6,89,349"
121,Non-Accidental,1st Owner,"45,942",Petrol,19 Apr 2022,MANUAL,GJ-09-x-xxxx,3rd Party,Jul 2023,August 2021,Maruti,Baleno ALPHA 1.2 K12 MANUAL,Ahmedabad,https://www.cars24.com/buy-used-maruti-baleno-2021-cars-gandhinagar-1425180861/,"6,88,499"
122,Non-Accidental,1st Owner,"39,999",Petrol,30 Jun 2022,MANUAL,GJ-06-x-xxxx,3rd Party,Mar 2023,February 2020,Maruti,Baleno ALPHA 1.2 K12 MANUAL,Ahmedabad,https://www.cars24.com/buy-used-maruti-baleno-2020-cars-ahmedabad-11474994798/,"6,86,799"
123,Non-Accidental,1st Owner,"39,582",Petrol,04 Jul 2022,MANUAL,GJ-05-x-xxxx,3rd Party,Jul 2023,March 2019,Maruti,Dzire VXI MANUAL,Ahmedabad,https://www.cars24.com/buy-used-maruti-dzire-2019-cars-surat-13574496770/,"6,85,999"
124,,,,,,,,,,,,,Ahmedabad,https://www.cars24.com/buy-used-maruti-baleno-2020-cars-ahmedabad-1145156601/,"6,85,899"
125,Non-Accidental,1st Owner,"9,727",Petrol,30 Jun 2022,MANUAL,GJ-27-x-xxxx,Zero Depreciation,Oct 2022,October 2020,Maruti,Baleno DELTA 1.2 K12 MANUAL,Ahmedabad,https://www.cars24.com/buy-used-maruti-baleno-2020-cars-ahmedabad-1145332769/,"6,84,999"
126,Non-Accidental,1st Owner,"18,618",Petrol,03 Jul 2022,MANUAL,GJ-01-x-xxxx,3rd Party,Oct 2022,August 2019,Maruti,Dzire VXI MANUAL,Ahmedabad,https://www.cars24.com/buy-used-maruti-dzire-2019-cars-ahmedabad-1142438665/,"6,83,499"
127,Non-Accidental,1st Owner,"56,825",Petrol,28 Jun 2022,MANUAL,GJ-01-x-xxxx,3rd Party,Jul 2023,March 2018,Honda,Jazz 1.2 V MT MANUAL,Ahmedabad,https://www.cars24.com/buy-used-honda-jazz-2018-cars-ahmedabad-1141416360/,"6,80,499"
128,Non-Accidental,1st Owner,"16,493",Petrol,31 Mar 2022,MANUAL,GJ-06-x-xxxx,Zero Depreciation,Mar 2023,January 2020,Maruti,Baleno DELTA 1.2 K12 MANUAL,Ahmedabad,https://www.cars24.com/buy-used-maruti-baleno-2020-cars-ahmedabad-1147472666/,"6,80,399"
129,Non-Accidental,1st Owner,"22,651",Petrol,06 Jul 2022,MANUAL,GJ-06-x-xxxx,Comprehensive,Jan 2023,January 2021,Maruti,Baleno DELTA 1.2 K12 MANUAL,Ahmedabad,https://www.cars24.com/buy-used-maruti-baleno-2021-cars-ahmedabad-1148680763/,"6,80,199"
130,Non-Accidental,1st Owner,"1,50,355",Diesel,30 Jun 2022,MANUAL,GJ-05-x-xxxx,3rd Party,Jul 2023,April 2016,Maruti,Vitara Brezza ZDI PLUS DUAL TONE MANUAL,Ahmedabad,https://www.cars24.com/buy-used-maruti-vitara-brezza-2016-cars-ahmedabad-1357099805/,"6,79,899"
131,Non-Accidental,1st Owner,"6,227",Petrol,27 Jun 2022,MANUAL,GJ-01-x-xxxx,3rd Party,Jul 2023,December 2019,Maruti,Dzire VXI MANUAL,Ahmedabad,https://www.cars24.com/buy-used-maruti-dzire-2019-cars-ahmedabad-1140625460/,"6,79,499"
132,Non-Accidental,1st Owner,"11,960",Petrol,03 Jul 2022,MANUAL,GJ-18-x-xxxx,3rd Party,Jul 2023,September 2018,Maruti,Dzire VXI MANUAL,Ahmedabad,https://www.cars24.com/buy-used-maruti-dzire-2018-cars-ahmedabad-11444895776/,"6,78,799"
133,Non-Accidental,1st Owner,"46,597",Petrol,28 Jun 2022,MANUAL,GJ-27-x-xxxx,3rd Party,Jul 2023,May 2019,Maruti,Baleno ZETA 1.2 K12 MANUAL,Ahmedabad,https://www.cars24.com/buy-used-maruti-baleno-2019-cars-ahmedabad-11470491795/,"6,77,799"
134,Non-Accidental,1st Owner,"16,150",Petrol,05 Jul 2022,MANUAL,GJ-03-x-xxxx,Comprehensive,Nov 2022,September 2018,Maruti,Dzire VXI MANUAL,Ahmedabad,https://www.cars24.com/buy-used-maruti-dzire-2018-cars-rajkot-15064491715/,"6,71,099"
135,Non-Accidental,1st Owner,"12,248",Petrol,28 Jun 2022,MANUAL,GJ-01-x-xxxx,3rd Party,Jul 2023,July 2019,Maruti,Baleno DELTA 1.2 K12 MANUAL,Ahmedabad,https://www.cars24.com/buy-used-maruti-baleno-2019-cars-ahmedabad-1149283668/,"6,70,619"
136,Non-Accidental,3rd Owner,"61,219",Petrol,25 Mar 2022,AUTOMATIC,GJ-27-x-xxxx,3rd Party,Jul 2023,February 2015,Honda,City VX CVT PETROL AUTOMATIC,Ahmedabad,https://www.cars24.com/buy-used-honda-city-2015-cars-ahmedabad-1147975662/,"6,69,699"
137,Non-Accidental,1st Owner,"15,248",Petrol,03 Jul 2022,MANUAL,GJ-18-x-xxxx,3rd Party,Jul 2023,July 2019,Maruti,Dzire VXI MANUAL,Ahmedabad,https://www.cars24.com/buy-used-maruti-dzire-2019-cars-ahmedabad-1141397761/,"6,68,099"
138,Non-Accidental,1st Owner,"19,817",Petrol,19 May 2022,MANUAL,GJ-06-x-xxxx,3rd Party,Oct 2023,October 2020,Hyundai,GRAND I10 NIOS SPORTZ PETROL MANUAL,Ahmedabad,https://www.cars24.com/buy-used-hyundai-grand-i10-nios-2020-cars-ahmedabad-11463694779/,"6,66,799"
139,Non-Accidental,1st Owner,"32,623",Petrol,30 Jun 2022,MANUAL,GJ-12-x-xxxx,3rd Party,Jul 2023,July 2020,Maruti,Dzire VXI MANUAL,Ahmedabad,https://www.cars24.com/buy-used-maruti-dzire-2020-cars-ahmedabad-1148951066/,"6,63,599"
140,Non-Accidental,1st Owner,"39,361",Petrol,29 Jun 2022,MANUAL,GJ-27-x-xxxx,3rd Party,Oct 2022,August 2019,Maruti,Dzire VXI MANUAL,Ahmedabad,https://www.cars24.com/buy-used-maruti-dzire-2019-cars-ahmedabad-1143950267/,"6,60,899"
141,Non-Accidental,1st Owner,"82,050",Petrol,26 Feb 2022,MANUAL,GJ-01-x-xxxx,3rd Party,Jul 2023,January 2017,Ford,Ecosport 1.5 TITANIUM TI VCT MANUAL,Ahmedabad,https://www.cars24.com/buy-used-ford-ecosport-2017-cars-ahmedabad-1144445160/,"6,58,799"
142,Non-Accidental,2nd Owner,"8,543",Petrol,04 Jul 2022,MANUAL,GJ-24-x-xxxx,3rd Party,Jul 2023,April 2021,Maruti,Swift VXI MANUAL,Ahmedabad,https://www.cars24.com/buy-used-maruti-swift-2021-cars-ahmedabad-1147114862/,"6,56,599"
143,Non-Accidental,1st Owner,"21,445",Petrol,28 Jun 2022,MANUAL,UP-16-x-xxxx,Zero Depreciation,Oct 2022,July 2018,Maruti,Baleno DELTA 1.2 K12 MANUAL,Ahmedabad,https://www.cars24.com/buy-used-maruti-baleno-2018-cars-vadodara-13677196770/,"6,50,299"
144,Non-Accidental,1st Owner,"21,948",Petrol,30 Jun 2022,MANUAL,GJ-05-x-xxxx,3rd Party,Jul 2023,February 2019,Maruti,Baleno DELTA 1.2 K12 MANUAL,Ahmedabad,https://www.cars24.com/buy-used-maruti-baleno-2019-cars-surat-1357273467/,"6,49,299"
145,Non-Accidental,1st Owner,"83,622",Petrol,04 Jul 2022,MANUAL,GJ-01-x-xxxx,3rd Party,Jul 2023,February 2018,Maruti,Ciaz ZETA 1.4 VVT MANUAL,Ahmedabad,https://www.cars24.com/buy-used-maruti-ciaz-2018-cars-ahmedabad-1140102105/,"6,49,099"
146,Non-Accidental,1st Owner,"25,579",Petrol,03 Jul 2022,AUTOMATIC,GJ-01-x-xxxx,3rd Party,Jul 2023,September 2019,Maruti,Swift VXI AMT AUTOMATIC,Ahmedabad,https://www.cars24.com/buy-used-maruti-swift-2019-cars-ahmedabad-11437398759/,"6,42,299"
147,Non-Accidental,1st Owner,"19,607",Petrol,01 Jul 2022,MANUAL,GJ-18-x-xxxx,3rd Party,Jul 2023,October 2018,Maruti,Baleno ZETA 1.2 K12 MANUAL,Ahmedabad,https://www.cars24.com/buy-used-maruti-baleno-2018-cars-gandhinagar-1428013769/,"6,41,899"
148,Non-Accidental,1st Owner,"45,720",Petrol,14 Feb 2022,MANUAL,GJ-18-x-xxxx,3rd Party,Jul 2023,July 2019,Maruti,Dzire VXI MANUAL,Ahmedabad,https://www.cars24.com/buy-used-maruti-dzire-2019-cars-ahmedabad-1140658660/,"6,39,699"
149,Non-Accidental,1st Owner,"37,768",Petrol,09 May 2022,MANUAL,GJ-27-x-xxxx,3rd Party,Jul 2023,April 2019,Honda,Amaze 1.2 SMT I VTEC MANUAL,Ahmedabad,https://www.cars24.com/buy-used-honda-amaze-2019-cars-ahmedabad-11420792792/,"6,33,499"
150,Non-Accidental,1st Owner,"58,978",Petrol,01 Apr 2022,MANUAL,GJ-06-x-xxxx,Comprehensive,Jan 2023,January 2019,Maruti,Dzire VXI MANUAL,Ahmedabad,https://www.cars24.com/buy-used-maruti-dzire-2019-cars-ahmedabad-1144744461/,"6,31,599"
151,Non-Accidental,1st Owner,"32,404",Petrol,10 May 2022,MANUAL,GJ-06-x-xxxx,3rd Party,Jul 2023,August 2018,Maruti,Baleno DELTA 1.2 K12 MANUAL,Ahmedabad,https://www.cars24.com/buy-used-maruti-baleno-2018-cars-ahmedabad-11478095791/,"6,28,699"
152,Non-Accidental,1st Owner,"29,746",Petrol,28 Jun 2022,MANUAL,GJ-01-x-xxxx,3rd Party,Jul 2023,June 2017,Maruti,Baleno DELTA 1.2 K12 MANUAL,Ahmedabad,https://www.cars24.com/buy-used-maruti-baleno-2017-cars-ahmedabad-11402096774/,"6,27,299"
153,Non-Accidental,1st Owner,"59,803",Petrol,28 Jun 2022,AUTOMATIC,GJ-27-x-xxxx,3rd Party,Jul 2023,June 2018,Maruti,Swift VXI AMT AUTOMATIC,Ahmedabad,https://www.cars24.com/buy-used-maruti-swift-2018-cars-surat-1357538461/,"6,25,299"
154,Non-Accidental,1st Owner,"19,124",Petrol,06 Jul 2022,MANUAL,GJ-06-x-xxxx,3rd Party,Oct 2023,October 2020,Hyundai,GRAND I10 NIOS SPORTZ PETROL MANUAL,Ahmedabad,https://www.cars24.com/buy-used-hyundai-grand-i10-nios-2020-cars-ahmedabad-1146214363/,"6,24,399"
155,Non-Accidental,1st Owner,"46,727",Petrol,26 Jun 2022,MANUAL,GJ-01-x-xxxx,Zero Depreciation,Mar 2023,April 2017,Maruti,Baleno DELTA 1.2 K12 MANUAL,Ahmedabad,https://www.cars24.com/buy-used-maruti-baleno-2017-cars-ahmedabad-11429899774/,"6,20,699"
156,Non-Accidental,1st Owner,"9,193",Petrol,01 Jul 2022,MANUAL,GJ-12-x-xxxx,3rd Party,Oct 2022,July 2017,Maruti,Baleno DELTA 1.2 K12 MANUAL,Ahmedabad,https://www.cars24.com/buy-used-maruti-baleno-2017-cars-ahmedabad-1149914767/,"6,20,499"
157,Non-Accidental,1st Owner,"86,885",Petrol,31 Mar 2022,MANUAL,GJ-01-x-xxxx,3rd Party,Jul 2023,May 2019,Maruti,Baleno DELTA 1.2 K12 MANUAL,Ahmedabad,https://www.cars24.com/buy-used-maruti-baleno-2019-cars-ahmedabad-1149214967/,"6,18,199"
158,Non-Accidental,1st Owner,"58,187",Petrol,26 Jan 2022,MANUAL,GJ-01-x-xxxx,3rd Party,Jul 2023,January 2016,Hyundai,Elite i20 ASTA 1.2 (O) MANUAL,Ahmedabad,https://www.cars24.com/buy-used-hyundai-elite-i20-2016-cars-ahmedabad-1144415162/,"6,12,299"
159,Non-Accidental,1st Owner,"16,167",Petrol,28 May 2022,MANUAL,GJ-18-x-xxxx,3rd Party,Jul 2023,May 2019,Hyundai,Grand i10 SPORTZ 1.2 KAPPA VTVT MANUAL,Ahmedabad,https://www.cars24.com/buy-used-hyundai-grand-i10-2019-cars-gandhinagar-14295392776/,"6,08,699"
160,Non-Accidental,1st Owner,"12,536",Petrol,06 Jul 2022,MANUAL,GJ-07-x-xxxx,3rd Party,Jul 2023,March 2019,Hyundai,Grand i10 1.2 KAPPA SPORTZ (O) MANUAL,Ahmedabad,https://www.cars24.com/buy-used-hyundai-grand-i10-2019-cars-ahmedabad-1140324267/,"6,07,799"
161,Non-Accidental,1st Owner,"38,454",Petrol,06 Jul 2022,MANUAL,GJ-05-x-xxxx,3rd Party,Jul 2023,September 2017,Maruti,Dzire VXI MANUAL,Ahmedabad,https://www.cars24.com/buy-used-maruti-dzire-2017-cars-surat-1353116964/,"6,06,199"
162,Non-Accidental,1st Owner,"19,147",Petrol,31 May 2022,MANUAL,GJ-03-x-xxxx,3rd Party,Jul 2023,January 2019,Hyundai,Grand i10 SPORTZ 1.2 KAPPA VTVT MANUAL,Ahmedabad,https://www.cars24.com/buy-used-hyundai-grand-i10-2019-cars-rajkot-1506406368/,"6,03,999"
163,Non-Accidental,1st Owner,"56,604",Petrol,05 Jul 2022,MANUAL,GJ-27-x-xxxx,Zero Depreciation,Mar 2023,August 2017,Hyundai,Elite i20 SPORTZ 1.2 MANUAL,Ahmedabad,https://www.cars24.com/buy-used-hyundai-elite-i20-2017-cars-ahmedabad-11428497777/,"6,03,799"
164,Non-Accidental,1st Owner,"67,349",Petrol,26 Jun 2022,MANUAL,GJ-16-x-xxxx,3rd Party,Jul 2023,February 2018,Maruti,Baleno DELTA 1.2 K12 MANUAL,Ahmedabad,https://www.cars24.com/buy-used-maruti-baleno-2018-cars-surat-1356324463/,"6,03,299"
165,Non-Accidental,1st Owner,"83,867",Petrol,01 Jul 2022,MANUAL,GJ-06-x-xxxx,3rd Party,Jul 2023,May 2017,Skoda,Rapid AMBITION 1.6 MPFI MT MANUAL,Ahmedabad,https://www.cars24.com/buy-used-skoda-rapid-2017-cars-vadodara-13680391777/,"6,02,899"
166,Non-Accidental,1st Owner,"66,749",Petrol,28 Jun 2022,MANUAL,GJ-06-x-xxxx,3rd Party,Jul 2023,August 2019,Maruti,Baleno DELTA 1.2 K12 MANUAL,Ahmedabad,https://www.cars24.com/buy-used-maruti-baleno-2019-cars-ahmedabad-1140299960/,"5,94,599"
167,Non-Accidental,1st Owner,"28,057",Petrol + CNG,29 Jun 2022,MANUAL,GJ-06-x-xxxx,Zero Depreciation,Mar 2023,February 2021,Maruti,New Wagon-R 1.0 Lxi (o) cng MANUAL,Ahmedabad,https://www.cars24.com/buy-used-maruti-new--wagon-r-2021-cars-vadodara-13663696795/,"5,93,199"
168,Non-Accidental,1st Owner,"3,271",Petrol,16 May 2022,AUTOMATIC,GJ-03-x-xxxx,3rd Party,Jul 2023,January 2019,Hyundai,NEW SANTRO 1.1 SPORTS AMT AUTOMATIC,Ahmedabad,https://www.cars24.com/buy-used-hyundai-new-santro-2019-cars-ahmedabad-15021598774/,"5,91,799"
169,Non-Accidental,1st Owner,"36,866",Petrol,28 Jun 2022,MANUAL,GJ-27-x-xxxx,Zero Depreciation,Dec 2022,November 2020,Maruti,Swift VXI MANUAL,Ahmedabad,https://www.cars24.com/buy-used-maruti-swift-2020-cars-ahmedabad-11482096770/,"5,89,699"
170,Non-Accidental,1st Owner,"61,208",Petrol,06 Jul 2022,MANUAL,GJ-09-x-xxxx,3rd Party,Aug 2023,August 2020,Maruti,Swift VXI MANUAL,Ahmedabad,https://www.cars24.com/buy-used-maruti-swift-2020-cars-ahmedabad-11405394717/,"5,89,699"
171,Non-Accidental,1st Owner,"34,151",Petrol,08 Apr 2022,MANUAL,GJ-27-x-xxxx,3rd Party,Jul 2023,March 2017,Maruti,Baleno DELTA 1.2 K12 MANUAL,Ahmedabad,https://www.cars24.com/buy-used-maruti-baleno-2017-cars-ahmedabad-1146524865/,"5,89,499"
172,Non-Accidental,2nd Owner,"87,194",Petrol,17 Mar 2022,MANUAL,KA-20-x-xxxx,3rd Party,Jul 2023,November 2014,Honda,City V MT PETROL MANUAL,Ahmedabad,https://www.cars24.com/buy-used-honda-city-2014-cars-ahmedabad-1084313206/,"5,88,499"
173,Non-Accidental,1st Owner,"68,394",Diesel,21 Jan 2022,MANUAL,GJ-18-x-xxxx,3rd Party,Jul 2023,January 2017,Volkswagen,Polo HIGHLINE1.5L DIESEL MANUAL,Ahmedabad,https://www.cars24.com/buy-used-volkswagen-polo-2017-cars-ahmedabad-1146825665/,"5,84,199"
174,Non-Accidental,1st Owner,"19,521",Petrol,27 Jun 2022,MANUAL,GJ-05-x-xxxx,3rd Party,Jul 2023,January 2018,Hyundai,Grand i10 SPORTZ 1.2 KAPPA VTVT MANUAL,Ahmedabad,https://www.cars24.com/buy-used-hyundai-grand-i10-2018-cars-surat-13530694794/,"5,84,099"
175,Non-Accidental,1st Owner,"14,793",Petrol,28 Jun 2022,MANUAL,GJ-06-x-xxxx,3rd Party,Jul 2023,March 2018,Hyundai,Grand i10 SPORTZ 1.2 KAPPA VTVT MANUAL,Ahmedabad,https://www.cars24.com/buy-used-hyundai-grand-i10-2018-cars-vadodara-13609090712/,"5,84,099"
176,Non-Accidental,1st Owner,"16,885",Petrol,03 Jul 2022,MANUAL,GJ-01-x-xxxx,3rd Party,Jul 2023,May 2019,Maruti,Swift LXI MANUAL,Ahmedabad,https://www.cars24.com/buy-used-maruti-swift-2019-cars-ahmedabad-11488093712/,"5,82,299"
177,Non-Accidental,1st Owner,"3,586",Petrol,05 Jul 2022,MANUAL,GJ-06-x-xxxx,Zero Depreciation,Mar 2023,January 2020,Maruti,New Wagon-R VXI 1.0 MANUAL,Ahmedabad,https://www.cars24.com/buy-used-maruti-new--wagon-r-2020-cars-vadodara-1363266367/,"5,80,599"
178,Non-Accidental,1st Owner,"14,469",Petrol,29 Jun 2022,MANUAL,GJ-06-x-xxxx,3rd Party,Jul 2023,June 2020,Volkswagen,Polo Trendline 1.0 L Petrol MANUAL,Ahmedabad,https://www.cars24.com/buy-used-volkswagen-polo-2020-cars-vadodara-13666293713/,"5,80,399"
179,Non-Accidental,1st Owner,"16,858",Petrol,29 Jan 2022,MANUAL,GJ-01-x-xxxx,3rd Party,Jul 2023,August 2017,Maruti,Baleno DELTA 1.2 K12 MANUAL,Ahmedabad,https://www.cars24.com/buy-used-maruti-baleno-2017-cars-ahmedabad-1145555064/,"5,77,799"
180,Non-Accidental,1st Owner,"61,714",Petrol,04 Jul 2022,MANUAL,GJ-01-x-xxxx,Comprehensive,Dec 2022,November 2017,Hyundai,Elite i20 SPORTZ 1.2 MANUAL,Ahmedabad,https://www.cars24.com/buy-used-hyundai-elite-i20-2017-cars-ahmedabad-1140646060/,"5,73,299"
181,Non-Accidental,1st Owner,"38,791",Petrol,01 Jul 2022,MANUAL,GJ-06-x-xxxx,3rd Party,Jul 2023,March 2016,Hyundai,Elite i20 SPORTZ 1.2 MANUAL,Ahmedabad,https://www.cars24.com/buy-used-hyundai-elite-i20-2016-cars-ahmedabad-11462999714/,"5,73,299"
182,Non-Accidental,1st Owner,"57,206",Petrol,12 Jun 2022,MANUAL,GJ-06-x-xxxx,3rd Party,Jul 2023,June 2016,Hyundai,Elite i20 SPORTZ 1.2 MANUAL,Ahmedabad,https://www.cars24.com/buy-used-hyundai-elite-i20-2016-cars-ahmedabad-11436790715/,"5,73,299"
183,Non-Accidental,1st Owner,"61,631",Petrol + CNG,01 Jul 2022,MANUAL,GJ-38-x-xxxx,Zero Depreciation,Jan 2023,November 2021,Hyundai,NEW SANTRO 1.1 MAGNA CNG MT MANUAL,Ahmedabad,https://www.cars24.com/buy-used-hyundai-new-santro-2021-cars-ahmedabad-1141934465/,"5,72,699"
184,Non-Accidental,1st Owner,"26,980",Petrol,06 Apr 2022,MANUAL,GJ-06-x-xxxx,3rd Party,Jan 2023,August 2018,Volkswagen,Polo COMFORTLINE 1.0 PETROL MANUAL,Ahmedabad,https://www.cars24.com/buy-used-volkswagen-polo-2018-cars-ahmedabad-1142194465/,"5,71,099"
185,Non-Accidental,1st Owner,"10,887",Petrol,09 Jun 2022,MANUAL,GJ-03-x-xxxx,3rd Party,Feb 2024,February 2021,Maruti,IGNIS SIGMA 1.2 K12 MANUAL,Ahmedabad,https://www.cars24.com/buy-used-maruti-ignis-2021-cars-rajkot-15086394716/,"5,65,099"
186,Non-Accidental,1st Owner,"9,045",Petrol,29 Jun 2022,MANUAL,GJ-18-x-xxxx,3rd Party,May 2024,April 2021,Maruti,IGNIS SIGMA 1.2 K12 MANUAL,Ahmedabad,https://www.cars24.com/buy-used-maruti-ignis-2021-cars-gandhinagar-14250896790/,"5,65,099"
187,Non-Accidental,2nd Owner,"37,711",Petrol,19 Feb 2022,MANUAL,GJ-06-x-xxxx,3rd Party,Jul 2023,January 2019,Maruti,Swift VXI MANUAL,Ahmedabad,https://www.cars24.com/buy-used-maruti-swift-2019-cars-ahmedabad-1356761364/,"5,63,799"
188,Non-Accidental,2nd Owner,"46,384",Petrol,06 Jul 2022,MANUAL,GJ-27-x-xxxx,3rd Party,Jul 2023,June 2019,Maruti,Swift VXI MANUAL,Ahmedabad,https://www.cars24.com/buy-used-maruti-swift-2019-cars-ahmedabad-1147440064/,"5,63,799"
189,Non-Accidental,1st Owner,"48,541",Petrol,05 Jul 2022,MANUAL,GJ-05-x-xxxx,Zero Depreciation,Nov 2022,April 2017,Maruti,Baleno ZETA 1.2 K12 MANUAL,Ahmedabad,https://www.cars24.com/buy-used-maruti-baleno-2017-cars-surat-1358414263/,"5,63,599"
190,Non-Accidental,1st Owner,"50,419",Petrol,03 Jul 2022,MANUAL,GJ-01-x-xxxx,3rd Party,Dec 2022,November 2014,Hyundai,Elite i20 ASTA 1.2 MANUAL,Ahmedabad,https://www.cars24.com/buy-used-hyundai-elite-i20-2014-cars-ahmedabad-1141463267/,"5,63,299"
191,Non-Accidental,1st Owner,"59,008",Petrol,01 Jul 2022,MANUAL,GJ-01-x-xxxx,3rd Party,Jul 2023,April 2018,Hyundai,Xcent S 1.2 MANUAL,Ahmedabad,https://www.cars24.com/buy-used-hyundai-xcent-2018-cars-ahmedabad-1146506267/,"5,59,499"
192,Non-Accidental,1st Owner,"20,605",Petrol,05 Jul 2022,MANUAL,GJ-01-x-xxxx,3rd Party,Jul 2023,April 2019,Maruti,New Wagon-R ZXI 1.2 MANUAL,Ahmedabad,https://www.cars24.com/buy-used-maruti-new--wagon-r-2019-cars-ahmedabad-1142574361/,"5,56,599"
193,Non-Accidental,1st Owner,"56,814",Petrol,04 Jul 2022,MANUAL,GJ-15-x-xxxx,3rd Party,Jul 2023,July 2016,Maruti,Baleno ZETA 1.2 K12 MANUAL,Ahmedabad,https://www.cars24.com/buy-used-maruti-baleno-2016-cars-ahmedabad-1358753961/,"5,55,499"
194,Non-Accidental,1st Owner,"76,932",Petrol,27 Jun 2022,MANUAL,GJ-06-x-xxxx,3rd Party,Jul 2023,May 2017,Maruti,Baleno ZETA 1.2 K12 MANUAL,Ahmedabad,https://www.cars24.com/buy-used-maruti-baleno-2017-cars-ahmedabad-1149564364/,"5,53,599"
195,Non-Accidental,1st Owner,"19,549",Petrol + CNG,03 Jul 2022,MANUAL,GJ-38-x-xxxx,3rd Party,Jul 2023,August 2021,Maruti,Alto LXI CNG (O) MANUAL,Ahmedabad,https://www.cars24.com/buy-used-maruti-alto-2021-cars-ahmedabad-11495891775/,"5,53,099"
196,Non-Accidental,2nd Owner,"54,562",Petrol,27 Jun 2022,MANUAL,MH-46-x-xxxx,Comprehensive,Mar 2023,January 2016,Hyundai,i20 Active 1.2 S MANUAL,Ahmedabad,https://www.cars24.com/buy-used-hyundai-i20-active-2016-cars-vadodara-13612090794/,"5,52,199"
197,Non-Accidental,2nd Owner,"59,933",Petrol,04 Jul 2022,MANUAL,GJ-18-x-xxxx,Comprehensive,Nov 2022,November 2016,Volkswagen,Vento HIGHLINE PETROL MANUAL,Ahmedabad,https://www.cars24.com/buy-used-volkswagen-vento-2016-cars-ahmedabad-1145455863/,"5,50,199"
198,Non-Accidental,2nd Owner,"65,499",Petrol,02 Jul 2022,MANUAL,GJ-16-x-xxxx,Comprehensive,May 2023,March 2016,Maruti,Baleno ALPHA 1.2 K12 MANUAL,Ahmedabad,https://www.cars24.com/buy-used-maruti-baleno-2016-cars-vadodara-13611299791/,"5,49,699"
199,Non-Accidental,1st Owner,"41,419",Petrol,27 Jun 2022,MANUAL,GJ-06-x-xxxx,3rd Party,Jul 2023,February 2019,Maruti,New Wagon-R VXI 1.2L MANUAL,Ahmedabad,https://www.cars24.com/buy-used-maruti-new--wagon-r-2019-cars-ahmedabad-1146570161/,"5,49,599"
200,Non-Accidental,1st Owner,"18,829",Petrol,23 Mar 2022,AUTOMATIC,GJ-05-x-xxxx,Comprehensive,Dec 2022,August 2017,Honda,Brio 1.2 VX AT I VTEC AUTOMATIC,Ahmedabad,https://www.cars24.com/buy-used-honda-brio-2017-cars-surat-1351844663/,"5,47,099"
201,Non-Accidental,1st Owner,"13,357",Petrol,06 Mar 2022,MANUAL,GJ-01-x-xxxx,3rd Party,Jul 2023,April 2017,Hyundai,Grand i10 SPORTZ 1.2 KAPPA VTVT MANUAL,Ahmedabad,https://www.cars24.com/buy-used-hyundai-grand-i10-2017-cars-ahmedabad-1148822965/,"5,44,999"
202,Non-Accidental,1st Owner,"1,15,329",Diesel,26 Jun 2022,MANUAL,GJ-17-x-xxxx,3rd Party,Jul 2023,February 2017,Maruti,Baleno DELTA DDIS 190 MANUAL,Ahmedabad,https://www.cars24.com/buy-used-maruti-baleno-2017-cars-ahmedabad-1466627408/,"5,44,599"
203,Non-Accidental,1st Owner,"40,074",Petrol,05 Jul 2022,MANUAL,GJ-06-x-xxxx,3rd Party,Jul 2023,March 2016,Volkswagen,Polo HIGHLINE1.2L PETROL MANUAL,Ahmedabad,https://www.cars24.com/buy-used-volkswagen-polo-2016-cars-ahmedabad-1145712467/,"5,44,099"
204,Non-Accidental,1st Owner,"84,107",Petrol,19 Feb 2022,MANUAL,GJ-35-x-xxxx,3rd Party,Jul 2023,January 2017,Maruti,Baleno RS 1.0 PETROL MANUAL,Ahmedabad,https://www.cars24.com/buy-used-maruti-baleno-2017-cars-ahmedabad-1140843165/,"5,43,199"
205,Non-Accidental,1st Owner,"40,054",Petrol,27 Jun 2022,MANUAL,GJ-01-x-xxxx,3rd Party,Jul 2023,January 2016,Honda,Amaze 1.2 SMT I VTEC MANUAL,Ahmedabad,https://www.cars24.com/buy-used-honda-amaze-2016-cars-ahmedabad-1145174763/,"5,42,899"
206,Non-Accidental,1st Owner,"28,022",Petrol,30 Jun 2022,MANUAL,GJ-01-x-xxxx,3rd Party,Jul 2023,March 2019,Hyundai,Grand i10 SPORTZ 1.2 KAPPA VTVT MANUAL,Ahmedabad,https://www.cars24.com/buy-used-hyundai-grand-i10-2019-cars-ahmedabad-1140608001/,"5,42,099"
207,Non-Accidental,2nd Owner,"58,839",Petrol,27 Jun 2022,MANUAL,GJ-01-x-xxxx,3rd Party,Jan 2023,December 2016,Maruti,Baleno ZETA 1.2 K12 MANUAL,Ahmedabad,https://www.cars24.com/buy-used-maruti-baleno-2016-cars-ahmedabad-11414598799/,"5,39,699"
208,Non-Accidental,2nd Owner,"43,500",Petrol,27 Jun 2022,MANUAL,GJ-23-x-xxxx,3rd Party,Jul 2023,February 2017,Hyundai,Elite i20 Magna Executive 1.2 MANUAL,Ahmedabad,https://www.cars24.com/buy-used-hyundai-elite-i20-2017-cars-ahmedabad-1142094163/,"5,37,999"
209,Non-Accidental,2nd Owner,"55,655",Petrol,29 Jun 2022,MANUAL,GJ-05-x-xxxx,Zero Depreciation,Oct 2022,March 2018,Maruti,Swift VXI MANUAL,Ahmedabad,https://www.cars24.com/buy-used-maruti-swift-2018-cars-surat-13552798777/,"5,37,899"
210,Non-Accidental,2nd Owner,"46,354",Petrol,30 Jun 2022,MANUAL,GJ-08-x-xxxx,3rd Party,Jul 2023,August 2018,Maruti,Swift VXI MANUAL,Ahmedabad,https://www.cars24.com/buy-used-maruti-swift-2018-cars-ahmedabad-11445996714/,"5,37,899"
211,Non-Accidental,1st Owner,"43,667",Petrol,30 Jun 2022,MANUAL,GJ-07-x-xxxx,3rd Party,Jul 2023,April 2017,Hyundai,Grand i10 SPORTZ 1.2 KAPPA VTVT MANUAL,Ahmedabad,https://www.cars24.com/buy-used-hyundai-grand-i10-2017-cars-ahmedabad-1146386268/,"5,35,699"
212,Non-Accidental,2nd Owner,"46,019",Petrol,25 Mar 2022,MANUAL,GJ-23-x-xxxx,3rd Party,Jul 2023,July 2016,Maruti,Baleno ALPHA 1.2 K12 MANUAL,Ahmedabad,https://www.cars24.com/buy-used-maruti-baleno-2016-cars-ahmedabad-1148063960/,"5,33,699"
213,Non-Accidental,2nd Owner,"25,593",Petrol,30 Jun 2022,MANUAL,GJ-15-x-xxxx,Zero Depreciation,Feb 2023,December 2018,Maruti,Swift LXI MANUAL,Ahmedabad,https://www.cars24.com/buy-used-maruti-swift-2018-cars-surat-13563490714/,"5,32,399"
214,Non-Accidental,1st Owner,"41,284",Petrol,06 Jul 2022,MANUAL,GJ-27-x-xxxx,3rd Party,Jul 2023,February 2018,Hyundai,Grand i10 SPORTZ 1.2 KAPPA VTVT MANUAL,Ahmedabad,https://www.cars24.com/buy-used-hyundai-grand-i10-2018-cars-ahmedabad-1146678363/,"5,31,899"
215,Non-Accidental,1st Owner,"30,579",Petrol,04 Apr 2022,MANUAL,GJ-01-x-xxxx,3rd Party,Jul 2023,July 2017,Hyundai,Grand i10 Sportz(O) 1.2 MT MANUAL,Ahmedabad,https://www.cars24.com/buy-used-hyundai-grand-i10-2017-cars-ahmedabad-1149520369/,"5,31,799"
216,Non-Accidental,1st Owner,"2,340",Petrol,06 Jul 2022,MANUAL,GJ-01-x-xxxx,Zero Depreciation,Nov 2022,September 2021,Maruti,Eeco 5 STR WITH AC PLUSHTR MANUAL,Ahmedabad,https://www.cars24.com/buy-used-maruti-eeco-2021-cars-ahmedabad-11439198773/,"5,31,399"
217,Non-Accidental,1st Owner,"11,155",Petrol,05 Jul 2022,MANUAL,GJ-01-x-xxxx,3rd Party,Jan 2024,January 2021,Maruti,Eeco 5 STR WITH AC PLUSHTR MANUAL,Ahmedabad,https://www.cars24.com/buy-used-maruti-eeco-2021-cars-ahmedabad-11442695771/,"5,31,399"
218,Non-Accidental,1st Owner,"3,398",Petrol,28 Jun 2022,MANUAL,GJ-05-x-xxxx,3rd Party,Jul 2023,July 2021,Maruti,Eeco 5 STR WITH AC PLUSHTR MANUAL,Ahmedabad,https://www.cars24.com/buy-used-maruti-eeco-2021-cars-surat-13531298717/,"5,31,399"
219,Non-Accidental,1st Owner,"5,035",Petrol,03 Jul 2022,MANUAL,GJ-27-x-xxxx,3rd Party,Jan 2024,January 2021,Maruti,Eeco 5 STR WITH AC PLUSHTR MANUAL,Ahmedabad,https://www.cars24.com/buy-used-maruti-eeco-2021-cars-ahmedabad-11489591711/,"5,31,399"
220,Non-Accidental,1st Owner,"51,703",Petrol,01 Jul 2022,MANUAL,GJ-01-x-xxxx,3rd Party,Jul 2023,March 2016,Hyundai,Xcent SX 1.2 MANUAL,Ahmedabad,https://www.cars24.com/buy-used-hyundai-xcent-2016-cars-ahmedabad-11414391777/,"5,31,299"
221,,,,,,,,,,,,,Ahmedabad,https://www.cars24.com/buy-used-maruti-baleno-2018-cars-ahmedabad-1145157848/,"5,30,699"
222,Non-Accidental,1st Owner,"41,986",Petrol,26 Jun 2022,MANUAL,GJ-01-x-xxxx,3rd Party,Jul 2023,August 2016,Hyundai,Xcent S 1.2 MANUAL,Ahmedabad,https://www.cars24.com/buy-used-hyundai-xcent-2016-cars-ahmedabad-11452898772/,"5,25,499"
223,Non-Accidental,1st Owner,"43,319",Petrol,11 May 2022,MANUAL,GJ-06-x-xxxx,Zero Depreciation,Oct 2022,July 2017,Hyundai,Xcent E PLUS MANUAL,Ahmedabad,https://www.cars24.com/buy-used-hyundai-xcent-2017-cars-ahmedabad-11468997794/,"5,24,049"
224,Non-Accidental,1st Owner,"15,026",Petrol,26 Jun 2022,MANUAL,GJ-05-x-xxxx,Zero Depreciation,Oct 2022,March 2019,Hyundai,NEW SANTRO SPORTZ 1.1 MANUAL,Ahmedabad,https://www.cars24.com/buy-used-hyundai-new-santro-2019-cars-surat-13500697790/,"5,18,899"
225,,,,,,,,,,,,,Ahmedabad,https://www.cars24.com/buy-used-maruti-ignis-2020-cars-ahmedabad-1359084805/,"5,18,399"
226,Non-Accidental,1st Owner,"36,858",Petrol,22 Jan 2022,MANUAL,GJ-01-x-xxxx,3rd Party,Jul 2023,July 2016,Maruti,Baleno DELTA 1.2 K12 MANUAL,Ahmedabad,https://www.cars24.com/buy-used-maruti-baleno-2016-cars-ahmedabad-1146781864/,"5,17,199"
227,Non-Accidental,1st Owner,"90,855",Petrol,28 Mar 2022,MANUAL,GJ-18-x-xxxx,3rd Party,Jul 2023,June 2016,Maruti,Baleno DELTA 1.2 K12 MANUAL,Ahmedabad,https://www.cars24.com/buy-used-maruti-baleno-2016-cars-ahmedabad-1148914062/,"5,12,899"
228,Non-Accidental,2nd Owner,"50,714",Petrol,30 Jan 2022,MANUAL,GJ-06-x-xxxx,3rd Party,Jul 2023,February 2017,Maruti,Swift VXI MANUAL,Ahmedabad,https://www.cars24.com/buy-used-maruti-swift-2017-cars-ahmedabad-1140991466/,"5,11,699"
229,Non-Accidental,1st Owner,"21,037",Petrol,22 Apr 2022,AUTOMATIC,GJ-21-x-xxxx,Zero Depreciation,Mar 2023,February 2018,Maruti,Wagon R 1.0 VXI AMT AUTOMATIC,Ahmedabad,https://www.cars24.com/buy-used-maruti-wagon-r-1.0-2018-cars-ahmedabad-1357516261/,"5,10,499"
230,Non-Accidental,1st Owner,"67,192",Petrol,11 May 2022,AUTOMATIC,GJ-06-x-xxxx,Zero Depreciation,Feb 2023,January 2019,Maruti,Celerio X Zxi AMT AUTOMATIC,Ahmedabad,https://www.cars24.com/buy-used-maruti-celerio-x-2019-cars-vadodara-13630398798/,"5,08,199"
231,Non-Accidental,1st Owner,"7,807",Petrol,30 Jun 2022,MANUAL,GJ-01-x-xxxx,3rd Party,Jul 2023,May 2017,Hyundai,Grand i10 SPORTZ 1.2 KAPPA VTVT MANUAL,Ahmedabad,https://www.cars24.com/buy-used-hyundai-grand-i10-2017-cars-ahmedabad-1146048505/,"5,07,999"
232,Non-Accidental,1st Owner,"64,064",Petrol,04 Jul 2022,MANUAL,GJ-05-x-xxxx,Comprehensive,Oct 2022,February 2017,Hyundai,Grand i10 SPORTZ 1.2 KAPPA VTVT MANUAL,Ahmedabad,https://www.cars24.com/buy-used-hyundai-grand-i10-2017-cars-ahmedabad-1144121863/,"5,06,799"
233,Non-Accidental,1st Owner,"14,071",Petrol,15 Apr 2022,MANUAL,GJ-01-x-xxxx,3rd Party,Jul 2023,January 2019,Maruti,Celerio X Zxi MANUAL,Ahmedabad,https://www.cars24.com/buy-used-maruti-celerio-x-2019-cars-ahmedabad-1141960968/,"5,03,399"
234,Non-Accidental,2nd Owner,"9,239",Petrol,30 Jun 2022,MANUAL,GJ-01-x-xxxx,3rd Party,Jul 2023,October 2017,Hyundai,Grand i10 SPORTZ 1.2 KAPPA VTVT MANUAL,Ahmedabad,https://www.cars24.com/buy-used-hyundai-grand-i10-2017-cars-ahmedabad-1140190904/,"5,03,199"
235,Non-Accidental,1st Owner,"39,435",Petrol,03 Jul 2022,MANUAL,GJ-05-x-xxxx,Comprehensive,Mar 2023,March 2015,Maruti,Swift VXI MANUAL,Ahmedabad,https://www.cars24.com/buy-used-maruti-swift-2015-cars-surat-13506198794/,"4,97,599"
236,Non-Accidental,1st Owner,"41,708",Petrol,30 Jun 2022,MANUAL,PB-02-x-xxxx,3rd Party,Feb 2023,February 2018,Hyundai,Grand i10 MAGNA 1.2 VTVT MANUAL,Ahmedabad,https://www.cars24.com/buy-used-hyundai-grand-i10-2018-cars-surat-13526694790/,"4,90,699"
237,Non-Accidental,1st Owner,"13,258",Petrol,30 Jun 2022,MANUAL,GJ-02-x-xxxx,3rd Party,May 2024,March 2021,Renault,Kwid 1.0 RXT Opt MANUAL,Ahmedabad,https://www.cars24.com/buy-used-renault-kwid-2021-cars-ahmedabad-11423193719/,"4,89,599"
238,Non-Accidental,1st Owner,"29,085",Petrol,22 Feb 2022,MANUAL,GJ-01-x-xxxx,Comprehensive,Oct 2022,October 2016,Hyundai,Grand i10 SPORTZ 1.2 KAPPA VTVT MANUAL,Ahmedabad,https://www.cars24.com/buy-used-hyundai-grand-i10-2016-cars-ahmedabad-1146043865/,"4,87,399"
239,Non-Accidental,1st Owner,"30,916",Petrol,01 Jul 2022,MANUAL,GJ-20-x-xxxx,Comprehensive,Jan 2023,January 2016,Hyundai,Grand i10 SPORTS 1.2 VTVT MANUAL,Ahmedabad,https://www.cars24.com/buy-used-hyundai-grand-i10-2016-cars-ahmedabad-1147662269/,"4,85,299"
240,Non-Accidental,1st Owner,"72,969",Petrol,04 Jul 2022,MANUAL,GJ-05-x-xxxx,3rd Party,Jul 2023,October 2016,Maruti,Swift VXI MANUAL,Ahmedabad,https://www.cars24.com/buy-used-maruti-swift-2016-cars-ahmedabad-1149782209/,"4,81,099"
241,Non-Accidental,1st Owner,"40,128",Petrol,02 Jul 2022,MANUAL,GJ-01-x-xxxx,3rd Party,Mar 2023,January 2016,Hyundai,Grand i10 SPORTZ 1.2 KAPPA VTVT MANUAL,Ahmedabad,https://www.cars24.com/buy-used-hyundai-grand-i10-2016-cars-ahmedabad-11402896779/,"4,80,899"
242,Non-Accidental,1st Owner,"16,757",Petrol,04 Jul 2022,MANUAL,GJ-01-x-xxxx,3rd Party,Jul 2023,June 2017,Hyundai,Grand i10 MAGNA 1.2 KAPPA VTVT MANUAL,Ahmedabad,https://www.cars24.com/buy-used-hyundai-grand-i10-2017-cars-ahmedabad-1149980164/,"4,80,099"
243,Non-Accidental,1st Owner,"58,134",Diesel,02 Jul 2022,MANUAL,HR-51-x-xxxx,3rd Party,Jul 2023,January 2017,Toyota,Etios Liva GD MANUAL,Ahmedabad,https://www.cars24.com/buy-used-toyota-etios-liva-2017-cars-ahmedabad-2998193100/,"4,78,999"
244,Non-Accidental,1st Owner,"32,030",Petrol,30 Jun 2022,MANUAL,GJ-18-x-xxxx,3rd Party,Jul 2023,February 2019,Maruti,Celerio VXI MANUAL,Ahmedabad,https://www.cars24.com/buy-used-maruti-celerio-2019-cars-ahmedabad-1145214668/,"4,78,199"
245,Non-Accidental,1st Owner,"32,628",Petrol,05 Jul 2022,MANUAL,GJ-01-x-xxxx,3rd Party,Jul 2023,June 2017,Hyundai,Grand i10 MAGNA 1.2 KAPPA VTVT MANUAL,Ahmedabad,https://www.cars24.com/buy-used-hyundai-grand-i10-2017-cars-ahmedabad-11441497799/,"4,75,999"
246,Non-Accidental,1st Owner,"51,590",Petrol,01 Jul 2022,MANUAL,GJ-03-x-xxxx,Comprehensive,Nov 2022,September 2017,Hyundai,Grand i10 MAGNA 1.2 KAPPA VTVT MANUAL,Ahmedabad,https://www.cars24.com/buy-used-hyundai-grand-i10-2017-cars-vadodara-13609698715/,"4,75,999"
247,Non-Accidental,1st Owner,"25,708",Petrol,06 Feb 2022,MANUAL,GJ-01-x-xxxx,Zero Depreciation,Nov 2022,August 2017,Hyundai,Grand i10 MAGNA 1.2 KAPPA VTVT MANUAL,Ahmedabad,https://www.cars24.com/buy-used-hyundai-grand-i10-2017-cars-ahmedabad-1149748468/,"4,75,999"
248,Non-Accidental,1st Owner,"49,314",Petrol,29 Jun 2022,MANUAL,GJ-05-x-xxxx,3rd Party,Jul 2023,August 2017,Hyundai,Grand i10 MAGNA 1.2 KAPPA VTVT MANUAL,Ahmedabad,https://www.cars24.com/buy-used-hyundai-grand-i10-2017-cars-surat-1350804763/,"4,75,999"
249,Non-Accidental,1st Owner,"23,584",Petrol,30 Jun 2022,MANUAL,GJ-01-x-xxxx,Comprehensive,Oct 2022,September 2017,Hyundai,Grand i10 MAGNA 1.2 KAPPA VTVT MANUAL,Ahmedabad,https://www.cars24.com/buy-used-hyundai-grand-i10-2017-cars-ahmedabad-1148970064/,"4,75,999"
250,Non-Accidental,1st Owner,"48,213",Petrol,06 Jul 2022,MANUAL,GJ-15-x-xxxx,3rd Party,Jul 2023,February 2018,Maruti,IGNIS ZETA 1.2 K12 MANUAL,Ahmedabad,https://www.cars24.com/buy-used-maruti-ignis-2018-cars-surat-1356118269/,"4,74,799"
251,Non-Accidental,2nd Owner,"8,452",Petrol,05 Jul 2022,MANUAL,GJ-03-x-xxxx,3rd Party,Sept 2023,September 2020,Maruti,S PRESSO VXI PLUS MANUAL,Ahmedabad,https://www.cars24.com/buy-used-maruti-s-presso-2020-cars-rajkot-1508936669/,"4,70,299"
252,Non-Accidental,1st Owner,"31,321",Petrol,21 Apr 2022,MANUAL,GJ-26-x-xxxx,Zero Depreciation,Nov 2022,March 2018,Maruti,Celerio VXI MANUAL,Ahmedabad,https://www.cars24.com/buy-used-maruti-celerio-2018-cars-surat-1356936461/,"4,69,499"
253,Non-Accidental,1st Owner,"38,507",Petrol,01 Jul 2022,MANUAL,GJ-19-x-xxxx,3rd Party,Jul 2023,February 2018,Maruti,Celerio VXI MANUAL,Ahmedabad,https://www.cars24.com/buy-used-maruti-celerio-2018-cars-surat-1351196460/,"4,68,199"
254,Non-Accidental,1st Owner,"8,413",Petrol,28 Jun 2022,MANUAL,GJ-15-x-xxxx,3rd Party,Jul 2023,May 2018,Maruti,Wagon R 1.0 VXI MANUAL,Ahmedabad,https://www.cars24.com/buy-used-maruti-wagon-r-1.0-2018-cars-ahmedabad-1142840969/,"4,64,999"
255,Non-Accidental,2nd Owner,"71,188",Petrol,18 Feb 2022,MANUAL,GJ-30-x-xxxx,3rd Party,Jul 2023,March 2018,Maruti,Celerio ZXI MANUAL,Ahmedabad,https://www.cars24.com/buy-used-maruti-celerio-2018-cars-surat-1351153469/,"4,64,799"
256,Non-Accidental,1st Owner,"32,473",Petrol,02 Jul 2022,MANUAL,GJ-27-x-xxxx,Zero Depreciation,Oct 2022,October 2019,Maruti,S PRESSO VXI PLUS MANUAL,Ahmedabad,https://www.cars24.com/buy-used-maruti-s-presso-2019-cars-ahmedabad-11422097778/,"4,64,299"
257,Non-Accidental,1st Owner,"23,113",Petrol,25 May 2022,MANUAL,GJ-01-x-xxxx,Zero Depreciation,Jan 2023,December 2021,Maruti,S PRESSO VXI PLUS MANUAL,Ahmedabad,https://www.cars24.com/buy-used-maruti-s-presso-2021-cars-ahmedabad-11452990778/,"4,62,399"
258,Non-Accidental,1st Owner,"80,441",Petrol,27 Jun 2022,MANUAL,GJ-06-x-xxxx,Zero Depreciation,Oct 2022,January 2014,Maruti,Swift VXI MANUAL,Ahmedabad,https://www.cars24.com/buy-used-maruti-swift-2014-cars-surat-1352754061/,"4,61,499"
259,Non-Accidental,1st Owner,"8,116",Petrol,04 Jul 2022,MANUAL,GJ-21-x-xxxx,3rd Party,Jul 2023,June 2019,Maruti,Eeco 5 STR WITH AC PLUSHTR MANUAL,Ahmedabad,https://www.cars24.com/buy-used-maruti-eeco-2019-cars-ahmedabad-1354896206/,"4,59,099"
260,Non-Accidental,1st Owner,"24,963",Petrol,02 Jul 2022,MANUAL,GJ-01-x-xxxx,Comprehensive,Jan 2023,September 2021,Renault,Kwid Neotech Petrol 1.0 MANUAL,Ahmedabad,https://www.cars24.com/buy-used-renault-kwid-2021-cars-ahmedabad-1140820163/,"4,57,999"
261,Non-Accidental,1st Owner,"58,517",Petrol,28 Jun 2022,MANUAL,GJ-17-x-xxxx,3rd Party,Jan 2023,October 2020,Maruti,Celerio ZXI MANUAL,Ahmedabad,https://www.cars24.com/buy-used-maruti-celerio-2020-cars-ahmedabad-1147660265/,"4,57,599"
262,Non-Accidental,1st Owner,"19,702",Petrol,27 Jun 2022,MANUAL,GJ-13-x-xxxx,3rd Party,Jul 2023,January 2020,Maruti,S PRESSO VXI PLUS MANUAL,Ahmedabad,https://www.cars24.com/buy-used-maruti-s-presso-2020-cars-ahmedabad-1148650469/,"4,51,099"
263,Non-Accidental,1st Owner,"10,024",Petrol,27 Jun 2022,MANUAL,GJ-21-x-xxxx,Zero Depreciation,Oct 2022,October 2020,Maruti,S PRESSO VXI MANUAL,Ahmedabad,https://www.cars24.com/buy-used-maruti-s-presso-2020-cars-surat-13558897794/,"4,50,599"
264,Non-Accidental,2nd Owner,"16,248",Petrol,28 May 2022,MANUAL,GJ-06-x-xxxx,3rd Party,Jul 2023,August 2017,Maruti,Wagon R 1.0 VXI MANUAL,Ahmedabad,https://www.cars24.com/buy-used-maruti-wagon-r-1.0-2017-cars-vadodara-13667392718/,"4,45,699"
265,Non-Accidental,1st Owner,"41,831",Petrol,05 Jul 2022,MANUAL,GJ-12-x-xxxx,3rd Party,Jul 2023,December 2018,Maruti,IGNIS ZETA 1.2 K12 MANUAL,Ahmedabad,https://www.cars24.com/buy-used-maruti-ignis-2018-cars-ahmedabad-1147894262/,"4,43,399"
266,Non-Accidental,1st Owner,"48,691",Petrol,30 Jun 2022,MANUAL,GJ-20-x-xxxx,3rd Party,Jul 2023,July 2018,Maruti,Wagon R 1.0 VXI MANUAL,Ahmedabad,https://www.cars24.com/buy-used-maruti-wagon-r-1.0-2018-cars-ahmedabad-1147130967/,"4,42,899"
267,Non-Accidental,1st Owner,"79,113",Petrol,27 Jun 2022,MANUAL,GJ-06-x-xxxx,Zero Depreciation,Dec 2022,August 2018,Maruti,Celerio X Zxi MANUAL,Ahmedabad,https://www.cars24.com/buy-used-maruti-celerio-x-2018-cars-ahmedabad-1149894963/,"4,42,824"
268,Non-Accidental,1st Owner,"39,550",Petrol,03 Jul 2022,MANUAL,GJ-05-x-xxxx,3rd Party,Jul 2023,March 2017,Maruti,Eeco 5 STR WITH AC PLUSHTR MANUAL,Ahmedabad,https://www.cars24.com/buy-used-maruti-eeco-2017-cars-surat-1352962360/,"4,41,899"
269,Non-Accidental,1st Owner,"73,191",Petrol,04 Jul 2022,MANUAL,GJ-02-x-xxxx,3rd Party,Jul 2023,August 2016,Hyundai,Grand i10 MAGNA 1.2 KAPPA VTVT MANUAL,Ahmedabad,https://www.cars24.com/buy-used-hyundai-grand-i10-2016-cars-ahmedabad-1143794867/,"4,41,699"
270,Non-Accidental,1st Owner,"18,681",Petrol,28 Jun 2022,MANUAL,GJ-18-x-xxxx,3rd Party,Aug 2023,June 2020,Maruti,S PRESSO VXI MANUAL,Ahmedabad,https://www.cars24.com/buy-used-maruti-s-presso-2020-cars-ahmedabad-11468791796/,"4,39,699"
271,Non-Accidental,1st Owner,"19,278",Petrol,01 Jul 2022,MANUAL,GJ-18-x-xxxx,3rd Party,Mar 2024,February 2021,Maruti,S PRESSO VXI PLUS MANUAL,Ahmedabad,https://www.cars24.com/buy-used-maruti-s-presso-2021-cars-ahmedabad-14203395776/,"4,37,899"
272,Non-Accidental,1st Owner,"39,768",Petrol,28 Jun 2022,MANUAL,GJ-12-x-xxxx,3rd Party,Dec 2023,December 2021,Maruti,S PRESSO VXI MANUAL,Ahmedabad,https://www.cars24.com/buy-used-maruti-s-presso-2021-cars-rajkot-15090094778/,"4,35,699"
273,Non-Accidental,1st Owner,"6,027",Petrol,05 Jul 2022,MANUAL,GJ-38-x-xxxx,3rd Party,Mar 2024,March 2021,Maruti,S PRESSO VXI PLUS MANUAL,Ahmedabad,https://www.cars24.com/buy-used-maruti-s-presso-2021-cars-ahmedabad-1147440761/,"4,34,199"
274,Non-Accidental,1st Owner,"10,873",Petrol,28 Jun 2022,MANUAL,GJ-27-x-xxxx,3rd Party,Jul 2023,February 2020,Maruti,Alto VXI MANUAL,Ahmedabad,https://www.cars24.com/buy-used-maruti-alto-2020-cars-ahmedabad-11479896710/,"4,33,229"
275,Non-Accidental,1st Owner,"8,550",Petrol,05 Jul 2022,MANUAL,GJ-18-x-xxxx,Zero Depreciation,Dec 2022,November 2020,Maruti,Alto VXI MANUAL,Ahmedabad,https://www.cars24.com/buy-used-maruti-alto-2020-cars-gandhinagar-14252596790/,"4,32,999"
276,Non-Accidental,1st Owner,"13,271",Petrol,03 Jul 2022,MANUAL,GJ-27-x-xxxx,3rd Party,Jan 2023,November 2020,Maruti,S PRESSO VXI PLUS MANUAL,Ahmedabad,https://www.cars24.com/buy-used-maruti-s-presso-2020-cars-ahmedabad-1144507661/,"4,32,899"
277,Non-Accidental,1st Owner,"23,781",Petrol,28 Jun 2022,MANUAL,GJ-38-x-xxxx,Zero Depreciation,Nov 2022,September 2019,Maruti,S PRESSO VXI PLUS MANUAL,Ahmedabad,https://www.cars24.com/buy-used-maruti-s-presso-2019-cars-ahmedabad-1143893361/,"4,32,599"
278,Non-Accidental,1st Owner,"38,391",Petrol,27 Jun 2022,MANUAL,GJ-01-x-xxxx,Zero Depreciation,Nov 2022,July 2017,Maruti,Wagon R 1.0 VXI MANUAL,Ahmedabad,https://www.cars24.com/buy-used-maruti-wagon-r-1.0-2017-cars-ahmedabad-11457995791/,"4,27,299"
279,Non-Accidental,1st Owner,"51,364",Petrol,11 Apr 2022,MANUAL,GJ-09-x-xxxx,3rd Party,Jul 2023,February 2019,Hyundai,NEW SANTRO ERA 1.1 MANUAL,Ahmedabad,https://www.cars24.com/buy-used-hyundai-new-santro-2019-cars-ahmedabad-1143390466/,"4,24,755"
280,Non-Accidental,1st Owner,"2,361",Petrol,28 Jun 2022,MANUAL,GJ-05-x-xxxx,Zero Depreciation,Dec 2022,July 2021,Maruti,Alto LXI MANUAL,Ahmedabad,https://www.cars24.com/buy-used-maruti-alto-2021-cars-surat-13578498716/,"4,24,579"
281,Non-Accidental,1st Owner,"35,407",Petrol,05 Jul 2022,MANUAL,GJ-01-x-xxxx,3rd Party,Jan 2023,August 2017,Maruti,Wagon R 1.0 VXI MANUAL,Ahmedabad,https://www.cars24.com/buy-used-maruti-wagon-r-1.0-2017-cars-ahmedabad-1144904067/,"4,22,799"
282,Non-Accidental,1st Owner,"5,479",Petrol,30 Jun 2022,MANUAL,GJ-01-x-xxxx,Zero Depreciation,Nov 2022,October 2020,Maruti,Alto VXI MANUAL,Ahmedabad,https://www.cars24.com/buy-used-maruti-alto-2020-cars-ahmedabad-1142432266/,"4,21,699"
283,Non-Accidental,1st Owner,"5,848",Petrol,06 Jul 2022,MANUAL,GJ-18-x-xxxx,3rd Party,Jul 2023,September 2019,Maruti,S PRESSO VXI PLUS MANUAL,Ahmedabad,https://www.cars24.com/buy-used-maruti-s-presso-2019-cars-ahmedabad-1145590842/,"4,19,899"
284,Non-Accidental,1st Owner,"80,865",Petrol,30 Jun 2022,MANUAL,GJ-01-x-xxxx,3rd Party,Jul 2023,March 2018,Maruti,Wagon R 1.0 VXI MANUAL,Ahmedabad,https://www.cars24.com/buy-used-maruti-wagon-r-1.0-2018-cars-ahmedabad-1146912560/,"4,18,899"
285,Non-Accidental,3rd Owner,"48,665",Petrol,30 Jun 2022,MANUAL,GJ-01-x-xxxx,3rd Party,Jul 2023,March 2014,Hyundai,i20 SPORTZ 1.2 VTVT MANUAL,Ahmedabad,https://www.cars24.com/buy-used-hyundai-i20-2014-cars-ahmedabad-1145235967/,"4,14,299"
286,Non-Accidental,1st Owner,"5,601",Petrol,30 Jun 2022,MANUAL,GJ-23-x-xxxx,Zero Depreciation,Oct 2022,March 2021,Maruti,Alto LXI MANUAL,Ahmedabad,https://www.cars24.com/buy-used-maruti-alto-2021-cars-ahmedabad-11431199796/,"4,13,899"
287,Non-Accidental,1st Owner,"27,932",Petrol,27 Jun 2022,MANUAL,GJ-05-x-xxxx,3rd Party,Jul 2023,March 2017,Maruti,Wagon R 1.0 VXI MANUAL,Ahmedabad,https://www.cars24.com/buy-used-maruti-wagon-r-1.0-2017-cars-surat-1352353864/,"4,10,199"
288,Non-Accidental,1st Owner,"72,477",Petrol,19 Apr 2022,MANUAL,GJ-05-x-xxxx,3rd Party,Jul 2023,September 2017,Maruti,Wagon R 1.0 VXI MANUAL,Ahmedabad,https://www.cars24.com/buy-used-maruti-wagon-r-1.0-2017-cars-surat-1357180967/,"4,06,999"
289,Non-Accidental,1st Owner,"9,783",Petrol,28 Jun 2022,MANUAL,GJ-06-x-xxxx,3rd Party,Jul 2023,August 2021,Maruti,Alto LXI MANUAL,Ahmedabad,https://www.cars24.com/buy-used-maruti-alto-2021-cars-ahmedabad-11459692770/,"4,06,399"
290,Non-Accidental,1st Owner,"34,417",Petrol,03 Jul 2022,MANUAL,GJ-15-x-xxxx,Comprehensive,Nov 2022,June 2019,Renault,Kwid RXL MANUAL,Ahmedabad,https://www.cars24.com/buy-used-renault-kwid-2019-cars-ahmedabad-11448690710/,"4,05,699"
291,Non-Accidental,1st Owner,"20,563",Petrol,27 Jun 2022,MANUAL,GJ-22-x-xxxx,3rd Party,Jan 2024,January 2021,Maruti,Alto LXI MANUAL,Ahmedabad,https://www.cars24.com/buy-used-maruti-alto-2021-cars-ahmedabad-11491192791/,"4,03,899"
292,Non-Accidental,1st Owner,"10,038",Petrol,26 Jun 2022,MANUAL,GJ-19-x-xxxx,Third_party,Oct 2022,October 2019,Maruti,S PRESSO VXI PLUS MANUAL,Ahmedabad,https://www.cars24.com/buy-used-maruti-s-presso-2019-cars-ahmedabad-1354169305/,"4,02,699"
293,Non-Accidental,1st Owner,"75,006",Petrol,14 May 2022,MANUAL,GJ-02-x-xxxx,3rd Party,May 2023,March 2017,Maruti,Celerio VXI MANUAL,Ahmedabad,https://www.cars24.com/buy-used-maruti-celerio-2017-cars-ahmedabad-11406192790/,"4,01,999"
294,Non-Accidental,1st Owner,"21,268",Petrol,30 Jun 2022,MANUAL,RJ-45-x-xxxx,Comprehensive,Feb 2023,January 2019,Renault,Kwid RXL MANUAL,Ahmedabad,https://www.cars24.com/buy-used-renault-kwid-2019-cars-vadodara-13671896712/,"3,95,299"
295,Non-Accidental,2nd Owner,"16,673",Petrol,05 Jul 2022,MANUAL,GJ-06-x-xxxx,Comprehensive,Apr 2023,January 2015,Hyundai,i10 SPORTZ 1.1 IRDE2 MANUAL,Ahmedabad,https://www.cars24.com/buy-used-hyundai-i10-2015-cars-vadodara-13645499714/,"3,94,999"
296,Non-Accidental,1st Owner,"17,986",Petrol,30 Jun 2022,MANUAL,GJ-27-x-xxxx,3rd Party,Jul 2023,July 2020,Maruti,Alto VXI MANUAL,Ahmedabad,https://www.cars24.com/buy-used-maruti-alto-2020-cars-ahmedabad-1148602464/,"3,94,899"
297,Non-Accidental,1st Owner,"54,537",Petrol,13 Apr 2022,MANUAL,GJ-06-x-xxxx,Zero Depreciation,Nov 2022,November 2016,Maruti,Wagon R 1.0 VXI MANUAL,Ahmedabad,https://www.cars24.com/buy-used-maruti-wagon-r-1.0-2016-cars-surat-1359954264/,"3,92,899"
298,Non-Accidental,1st Owner,"13,829",Petrol,28 Jun 2022,MANUAL,GJ-01-x-xxxx,3rd Party,Jul 2023,February 2020,Maruti,Alto VXI MANUAL,Ahmedabad,https://www.cars24.com/buy-used-maruti-alto-2020-cars-ahmedabad-1149473462/,"3,91,799"
299,Non-Accidental,1st Owner,"6,749",Petrol,29 Jun 2022,MANUAL,GJ-02-x-xxxx,3rd Party,Nov 2023,October 2020,Maruti,Alto LXI MANUAL,Ahmedabad,https://www.cars24.com/buy-used-maruti-alto-2020-cars-ahmedabad-11460398717/,"3,91,099"
300,Non-Accidental,1st Owner,"11,080",Petrol,30 Jun 2022,MANUAL,GJ-03-x-xxxx,3rd Party,Mar 2024,February 2021,Maruti,Alto LXI MANUAL,Ahmedabad,https://www.cars24.com/buy-used-maruti-alto-2021-cars-ahmedabad-15077494779/,"3,90,349"
301,Non-Accidental,1st Owner,"32,856",Petrol,28 Jun 2022,MANUAL,GJ-27-x-xxxx,3rd Party,Jul 2023,July 2020,Maruti,Alto VXI MANUAL,Ahmedabad,https://www.cars24.com/buy-used-maruti-alto-2020-cars-ahmedabad-1147098166/,"3,89,099"
302,Non-Accidental,1st Owner,"38,732",Petrol,29 Jun 2022,MANUAL,GJ-05-x-xxxx,3rd Party,Dec 2022,September 2015,Honda,Brio 1.2 S MT I VTEC MANUAL,Ahmedabad,https://www.cars24.com/buy-used-honda-brio-2015-cars-surat-13557395795/,"3,86,499"
303,Non-Accidental,1st Owner,"2,966",Petrol,27 Jun 2022,MANUAL,GJ-06-x-xxxx,3rd Party,Jul 2023,July 2020,Maruti,Alto LXI MANUAL,Ahmedabad,https://www.cars24.com/buy-used-maruti-alto-2020-cars-ahmedabad-1351140061/,"3,83,699"
304,Non-Accidental,1st Owner,"6,590",Petrol,18 Apr 2022,MANUAL,GJ-18-x-xxxx,3rd Party,Jul 2023,February 2020,Maruti,Alto VXI MANUAL,Ahmedabad,https://www.cars24.com/buy-used-maruti-alto-2020-cars-ahmedabad-1145880703/,"3,82,799"
305,Non-Accidental,1st Owner,"17,082",Petrol,19 May 2022,MANUAL,GJ-05-x-xxxx,Comprehensive,Oct 2022,September 2018,Renault,Kwid 1.0 RXT Opt MANUAL,Ahmedabad,https://www.cars24.com/buy-used-renault-kwid-2018-cars-surat-13552993778/,"3,81,799"
306,Non-Accidental,2nd Owner,"20,046",Petrol,01 Jul 2022,MANUAL,GJ-05-x-xxxx,Zero Depreciation,Oct 2022,September 2018,Renault,Kwid 1.0 RXT Opt MANUAL,Ahmedabad,https://www.cars24.com/buy-used-renault-kwid-2018-cars-surat-13596799793/,"3,81,799"
307,Non-Accidental,1st Owner,"16,721",Petrol,29 Jun 2022,MANUAL,GJ-05-x-xxxx,3rd Party,Oct 2022,September 2019,Renault,Kwid 1.0 RXT Opt MANUAL,Ahmedabad,https://www.cars24.com/buy-used-renault-kwid-2019-cars-surat-1357700567/,"3,81,799"
308,,,,,,,,,,,,,Ahmedabad,https://www.cars24.com/buy-used-maruti-s-presso-2020-cars-ahmedabad-1148956704/,"3,81,599"
309,Non-Accidental,1st Owner,"12,173",Petrol,30 Jun 2022,MANUAL,GJ-23-x-xxxx,3rd Party,Jun 2023,February 2020,Maruti,Alto LXI MANUAL,Ahmedabad,https://www.cars24.com/buy-used-maruti-alto-2020-cars-ahmedabad-1146441066/,"3,81,399"
310,Non-Accidental,1st Owner,"7,339",Petrol,13 Apr 2022,MANUAL,GJ-26-x-xxxx,3rd Party,Apr 2024,February 2021,Maruti,Alto LXI MANUAL,Ahmedabad,https://www.cars24.com/buy-used-maruti-alto-2021-cars-surat-1358834563/,"3,79,499"
311,Non-Accidental,1st Owner,"27,391",Petrol,30 Jun 2022,MANUAL,GJ-06-x-xxxx,3rd Party,Jul 2023,March 2021,Maruti,Alto LXI MANUAL,Ahmedabad,https://www.cars24.com/buy-used-maruti-alto-2021-cars-ahmedabad-1142423666/,"3,78,799"
312,Non-Accidental,1st Owner,"13,230",Petrol,05 Jul 2022,MANUAL,GJ-30-x-xxxx,3rd Party,Jun 2023,January 2020,Maruti,Alto LXI MANUAL,Ahmedabad,https://www.cars24.com/buy-used-maruti-alto-2020-cars-surat-1359193569/,"3,77,499"
313,Non-Accidental,1st Owner,"10,250",Petrol,04 Jul 2022,MANUAL,GJ-38-x-xxxx,3rd Party,Jul 2023,April 2021,Maruti,Alto LXI MANUAL,Ahmedabad,https://www.cars24.com/buy-used-maruti-alto-2021-cars-ahmedabad-1142404260/,"3,74,399"
314,Non-Accidental,1st Owner,"20,100",Petrol,06 Jul 2022,MANUAL,GJ-18-x-xxxx,3rd Party,Jan 2023,January 2020,Maruti,Alto LXI MANUAL,Ahmedabad,https://www.cars24.com/buy-used-maruti-alto-2020-cars-ahmedabad-1146063461/,"3,73,199"
315,Non-Accidental,1st Owner,"24,968",Petrol,27 Jun 2022,MANUAL,GJ-31-x-xxxx,3rd Party,Nov 2023,November 2020,Maruti,Alto LXI MANUAL,Ahmedabad,https://www.cars24.com/buy-used-maruti-alto-2020-cars-ahmedabad-1149218966/,"3,71,099"
316,Non-Accidental,1st Owner,"32,152",Petrol,26 Jun 2022,MANUAL,GJ-35-x-xxxx,3rd Party,Jul 2023,February 2020,Maruti,Alto LXI MANUAL,Ahmedabad,https://www.cars24.com/buy-used-maruti-alto-2020-cars-ahmedabad-1141835169/,"3,70,599"
317,Non-Accidental,1st Owner,"21,900",Petrol,27 Jun 2022,MANUAL,GJ-04-x-xxxx,Third_party,Apr 2024,January 2021,Maruti,Alto LXI MANUAL,Ahmedabad,https://www.cars24.com/buy-used-maruti-alto-2021-cars-ahmedabad-1145477269/,"3,68,699"
318,Non-Accidental,1st Owner,"44,701",Petrol,28 Jun 2022,MANUAL,GJ-02-x-xxxx,3rd Party,Jul 2023,May 2019,Maruti,Alto K10 VXI MANUAL,Ahmedabad,https://www.cars24.com/buy-used-maruti-alto-k10-2019-cars-ahmedabad-1144966968/,"3,65,899"
319,Non-Accidental,1st Owner,"11,634",Petrol,30 Jun 2022,MANUAL,GJ-23-x-xxxx,3rd Party,Dec 2023,November 2020,Maruti,Alto LXI MANUAL,Ahmedabad,https://www.cars24.com/buy-used-maruti-alto-2020-cars-ahmedabad-11461095791/,"3,65,299"
320,Non-Accidental,1st Owner,"21,712",Petrol,28 Jun 2022,MANUAL,GJ-01-x-xxxx,Third_party,Oct 2023,October 2020,Maruti,Alto LXI MANUAL,Ahmedabad,https://www.cars24.com/buy-used-maruti-alto-2020-cars-ahmedabad-1427151569/,"3,62,399"
321,Non-Accidental,2nd Owner,"20,440",Petrol,30 Jun 2022,MANUAL,GJ-01-x-xxxx,3rd Party,Jun 2023,January 2018,Hyundai,Eon ERA PLUS MANUAL,Ahmedabad,https://www.cars24.com/buy-used-hyundai-eon-2018-cars-ahmedabad-11405193711/,"3,62,255"
322,Non-Accidental,1st Owner,"16,809",Petrol,28 Jun 2022,MANUAL,GJ-06-x-xxxx,3rd Party,Jul 2023,March 2018,Hyundai,Eon ERA PLUS MANUAL,Ahmedabad,https://www.cars24.com/buy-used-hyundai-eon-2018-cars-ahmedabad-11499694791/,"3,61,999"
323,Non-Accidental,1st Owner,"4,722",Petrol,02 Jul 2022,MANUAL,GJ-12-x-xxxx,Zero Depreciation,Nov 2022,October 2021,Maruti,Alto LXI MANUAL,Ahmedabad,https://www.cars24.com/buy-used-maruti-alto-2021-cars-ahmedabad-1145513968/,"3,55,199"
324,Non-Accidental,1st Owner,"18,519",Petrol,30 Jun 2022,MANUAL,GJ-06-x-xxxx,3rd Party,Jul 2023,February 2019,Maruti,Alto 800 LXI MANUAL,Ahmedabad,https://www.cars24.com/buy-used-maruti-alto-800-2019-cars-vadodara-13654799792/,"3,52,899"
325,Non-Accidental,1st Owner,"78,986",Petrol + CNG,06 Jul 2022,MANUAL,GJ-17-x-xxxx,3rd Party,Jul 2023,March 2019,Maruti,Alto 800 LXI MANUAL,Ahmedabad,https://www.cars24.com/buy-used-maruti-alto-800-2019-cars-ahmedabad-1141960961/,"3,52,899"
326,Non-Accidental,1st Owner,"11,987",Petrol,27 Jun 2022,MANUAL,GJ-01-x-xxxx,Zero Depreciation,Feb 2023,January 2019,Maruti,Alto 800 LXI MANUAL,Ahmedabad,https://www.cars24.com/buy-used-maruti-alto-800-2019-cars-ahmedabad-11453090774/,"3,52,899"
327,Non-Accidental,1st Owner,"79,547",Petrol,06 Jul 2022,MANUAL,GJ-19-x-xxxx,Comprehensive,Feb 2023,January 2019,Maruti,Alto 800 LXI MANUAL,Ahmedabad,https://www.cars24.com/buy-used-maruti-alto-800-2019-cars-ahmedabad-11484099713/,"3,52,899"
328,Non-Accidental,1st Owner,"10,874",Petrol,05 Jul 2022,MANUAL,GJ-02-x-xxxx,Third_party,Jun 2023,June 2020,Maruti,Alto VXI MANUAL,Ahmedabad,https://www.cars24.com/buy-used-maruti-alto-2020-cars-ahmedabad-1147014108/,"3,51,899"
329,Non-Accidental,1st Owner,"23,687",Petrol,02 Jul 2022,MANUAL,GJ-02-x-xxxx,3rd Party,Jul 2023,July 2020,Maruti,Alto LXI MANUAL,Ahmedabad,https://www.cars24.com/buy-used-maruti-alto-2020-cars-ahmedabad-1149459860/,"3,51,899"
330,Non-Accidental,1st Owner,"43,043",Petrol,30 Jun 2022,MANUAL,GJ-37-x-xxxx,3rd Party,Jul 2023,February 2020,Maruti,Alto LXI MANUAL,Ahmedabad,https://www.cars24.com/buy-used-maruti-alto-2020-cars-ahmedabad-1140696705/,"3,48,899"
331,Non-Accidental,1st Owner,"30,814",Petrol,04 Jul 2022,MANUAL,GJ-05-x-xxxx,Zero_Dep,Oct 2022,September 2018,Renault,Kwid 1.0 RXT Opt MANUAL,Ahmedabad,https://www.cars24.com/buy-used-renault-kwid-2018-cars-ahmedabad-1350976901/,"3,46,699"
332,Non-Accidental,1st Owner,"31,787",Petrol,02 Jul 2022,MANUAL,GJ-27-x-xxxx,3rd Party,Jul 2023,November 2019,Maruti,Alto LXI MANUAL,Ahmedabad,https://www.cars24.com/buy-used-maruti-alto-2019-cars-ahmedabad-1145697369/,"3,44,999"
333,Non-Accidental,1st Owner,"30,051",Petrol,30 Jun 2022,MANUAL,GJ-18-x-xxxx,3rd Party,Nov 2022,June 2019,Maruti,Alto LXI MANUAL,Ahmedabad,https://www.cars24.com/buy-used-maruti-alto-2019-cars-gandhinagar-1429685562/,"3,44,999"
334,Non-Accidental,1st Owner,"17,735",Petrol,04 Jul 2022,MANUAL,GJ-08-x-xxxx,Zero Depreciation,Dec 2022,May 2019,Maruti,Alto LXI MANUAL,Ahmedabad,https://www.cars24.com/buy-used-maruti-alto-2019-cars-ahmedabad-1144253964/,"3,44,999"
335,Non-Accidental,1st Owner,"20,088",Petrol,26 Jun 2022,MANUAL,GJ-01-x-xxxx,3rd Party,Jul 2023,May 2019,Maruti,Alto LXI MANUAL,Ahmedabad,https://www.cars24.com/buy-used-maruti-alto-2019-cars-ahmedabad-1147723563/,"3,44,999"
336,Non-Accidental,1st Owner,"20,287",Petrol,13 Apr 2022,MANUAL,GJ-01-x-xxxx,3rd Party,Jul 2023,November 2018,Hyundai,Eon ERA PLUS MANUAL,Ahmedabad,https://www.cars24.com/buy-used-hyundai-eon-2018-cars-ahmedabad-1146994869/,"3,44,599"
337,Non-Accidental,1st Owner,"15,300",Petrol,26 Feb 2022,MANUAL,GJ-01-x-xxxx,3rd Party,Jul 2023,August 2017,Hyundai,Eon ERA PLUS MANUAL,Ahmedabad,https://www.cars24.com/buy-used-hyundai-eon-2017-cars-ahmedabad-1141923766/,"3,43,999"
338,Non-Accidental,1st Owner,"31,436",Petrol,14 Apr 2022,MANUAL,GJ-19-x-xxxx,Zero Depreciation,Oct 2022,September 2019,Renault,Kwid 1.0 RXT Opt MANUAL,Ahmedabad,https://www.cars24.com/buy-used-renault-kwid-2019-cars-surat-1357170669/,"3,42,699"
339,Non-Accidental,1st Owner,"8,339",Petrol,04 Jul 2022,MANUAL,GJ-05-x-xxxx,Comprehensive,Oct 2022,September 2016,Maruti,Alto K10 VXI MANUAL,Ahmedabad,https://www.cars24.com/buy-used-maruti-alto-k10-2016-cars-surat-13533892795/,"3,37,599"
340,Non-Accidental,1st Owner,"37,762",Petrol,28 Jun 2022,MANUAL,GJ-35-x-xxxx,3rd Party,Jul 2023,February 2019,Maruti,Alto 800 LXI MANUAL,Ahmedabad,https://www.cars24.com/buy-used-maruti-alto-800-2019-cars-ahmedabad-1148243665/,"3,37,099"
341,Non-Accidental,1st Owner,"21,449",Petrol,28 Jun 2022,MANUAL,GJ-06-x-xxxx,3rd Party,Jul 2023,March 2018,Maruti,Alto 800 LXI MANUAL,Ahmedabad,https://www.cars24.com/buy-used-maruti-alto-800-2018-cars-ahmedabad-1148824064/,"3,36,699"
342,Non-Accidental,2nd Owner,"6,118",Petrol,04 Jul 2022,MANUAL,GJ-01-x-xxxx,3rd Party,Jul 2023,October 2018,Maruti,Alto 800 LXI MANUAL,Ahmedabad,https://www.cars24.com/buy-used-maruti-alto-800-2018-cars-ahmedabad-1148083862/,"3,36,699"
343,Non-Accidental,1st Owner,"24,707",Petrol,27 Jun 2022,MANUAL,GJ-27-x-xxxx,Comprehensive,Feb 2023,January 2018,Maruti,Alto 800 LXI MANUAL,Ahmedabad,https://www.cars24.com/buy-used-maruti-alto-800-2018-cars-ahmedabad-1146336965/,"3,36,699"
344,Non-Accidental,1st Owner,"25,154",Petrol,28 Jun 2022,MANUAL,GJ-06-x-xxxx,Comprehensive,Feb 2023,February 2018,Maruti,Alto 800 LXI MANUAL,Ahmedabad,https://www.cars24.com/buy-used-maruti-alto-800-2018-cars-vadodara-13639995718/,"3,36,699"
345,Non-Accidental,1st Owner,"34,626",Petrol,29 Jun 2022,MANUAL,GJ-18-x-xxxx,3rd Party,Jul 2023,January 2018,Maruti,Alto 800 LXI MANUAL,Ahmedabad,https://www.cars24.com/buy-used-maruti-alto-800-2018-cars-ahmedabad-1148226468/,"3,36,699"
346,Non-Accidental,1st Owner,"9,927",Petrol,30 Jun 2022,MANUAL,GJ-01-x-xxxx,3rd Party,Jul 2023,October 2019,Maruti,Alto 800 LXI MANUAL,Ahmedabad,https://www.cars24.com/buy-used-maruti-alto-800-2019-cars-ahmedabad-11457393790/,"3,36,699"
347,Non-Accidental,1st Owner,"19,538",Petrol,28 Jun 2022,MANUAL,GJ-01-x-xxxx,Zero Depreciation,Feb 2023,February 2018,Maruti,Alto 800 LXI MANUAL,Ahmedabad,https://www.cars24.com/buy-used-maruti-alto-800-2018-cars-ahmedabad-11449796799/,"3,36,699"
348,Non-Accidental,1st Owner,"20,993",Petrol,27 Jun 2022,MANUAL,GJ-01-x-xxxx,3rd Party,Jul 2023,October 2019,Maruti,Alto 800 LXI MANUAL,Ahmedabad,https://www.cars24.com/buy-used-maruti-alto-800-2019-cars-ahmedabad-1142226061/,"3,36,699"
349,Non-Accidental,1st Owner,"24,528",Petrol,01 Jul 2022,MANUAL,GJ-01-x-xxxx,3rd Party,Jul 2023,April 2018,Maruti,Alto 800 LXI MANUAL,Ahmedabad,https://www.cars24.com/buy-used-maruti-alto-800-2018-cars-ahmedabad-11436994775/,"3,36,699"
350,Non-Accidental,2nd Owner,"12,815",Petrol,28 Jun 2022,MANUAL,GJ-23-x-xxxx,3rd Party,Jul 2023,November 2019,Maruti,Alto LXI MANUAL,Ahmedabad,https://www.cars24.com/buy-used-maruti-alto-2019-cars-ahmedabad-1145166603/,"3,32,799"
351,Non-Accidental,1st Owner,"59,384",Petrol,31 Dec 2021,MANUAL,GJ-27-x-xxxx,3rd Party,Jul 2023,February 2019,Maruti,Alto 800 LXI MANUAL,Ahmedabad,https://www.cars24.com/buy-used-maruti-alto-800-2019-cars-ahmedabad-1144111465/,"3,30,899"
352,Non-Accidental,2nd Owner,"26,624",Petrol,05 Jul 2022,MANUAL,GJ-07-x-xxxx,3rd Party,Jul 2023,August 2018,Maruti,Alto 800 LXI MANUAL,Ahmedabad,https://www.cars24.com/buy-used-maruti-alto-800-2018-cars-ahmedabad-11445299791/,"3,30,399"
353,Non-Accidental,1st Owner,"18,274",Petrol,02 Mar 2022,MANUAL,GJ-08-x-xxxx,3rd Party,Jul 2023,April 2019,Maruti,Alto LXI MANUAL,Ahmedabad,https://www.cars24.com/buy-used-maruti-alto-2019-cars-ahmedabad-1148536208/,"3,29,199"
354,Non-Accidental,1st Owner,"27,379",Petrol,26 Mar 2022,MANUAL,GJ-38-x-xxxx,Comprehensive,Feb 2023,February 2018,Maruti,Alto 800 LXI MANUAL,Ahmedabad,https://www.cars24.com/buy-used-maruti-alto-800-2018-cars-ahmedabad-1147062864/,"3,24,899"
355,Non-Accidental,1st Owner,"32,224",Petrol,28 Jun 2022,MANUAL,GJ-22-x-xxxx,Zero Depreciation,Nov 2022,September 2019,Maruti,Alto LXI MANUAL,Ahmedabad,https://www.cars24.com/buy-used-maruti-alto-2019-cars-gandhinagar-1420824163/,"3,24,399"
356,Non-Accidental,1st Owner,"18,111",Petrol,23 Apr 2022,MANUAL,GJ-19-x-xxxx,3rd Party,Jul 2023,May 2017,Renault,Kwid RXT MANUAL,Ahmedabad,https://www.cars24.com/buy-used-renault-kwid-2017-cars-surat-1355346661/,"3,23,499"
357,Non-Accidental,1st Owner,"47,663",Petrol,01 Jul 2022,MANUAL,GJ-21-x-xxxx,Zero Depreciation,Jan 2023,July 2018,Maruti,Alto 800 LXI MANUAL,Ahmedabad,https://www.cars24.com/buy-used-maruti-alto-800-2018-cars-ahmedabad-1355482160/,"3,20,599"
358,Non-Accidental,1st Owner,"60,531",Petrol,01 Jul 2022,MANUAL,GJ-01-x-xxxx,3rd Party,Feb 2023,October 2018,Maruti,Alto 800 LXI MANUAL,Ahmedabad,https://www.cars24.com/buy-used-maruti-alto-800-2018-cars-ahmedabad-1146663868/,"3,20,099"
359,Non-Accidental,1st Owner,"16,045",Petrol,01 Jul 2022,MANUAL,GJ-27-x-xxxx,3rd Party,Jul 2023,January 2019,Maruti,Alto 800 LXI MANUAL,Ahmedabad,https://www.cars24.com/buy-used-maruti-alto-800-2019-cars-ahmedabad-1149591506/,"3,18,999"
360,Non-Accidental,1st Owner,"35,950",Petrol,30 Jun 2022,MANUAL,GJ-35-x-xxxx,Comprehensive,Dec 2022,May 2018,Maruti,Alto 800 LXI MANUAL,Ahmedabad,https://www.cars24.com/buy-used-maruti-alto-800-2018-cars-ahmedabad-1141651266/,"3,18,499"
361,Non-Accidental,2nd Owner,"22,118",Petrol,29 Jun 2022,MANUAL,GJ-18-x-xxxx,3rd Party,Jul 2023,January 2019,Maruti,Alto 800 LXI MANUAL,Ahmedabad,https://www.cars24.com/buy-used-maruti-alto-800-2019-cars-ahmedabad-1141611368/,"3,17,399"
362,Non-Accidental,2nd Owner,"15,024",Petrol,30 Jun 2022,MANUAL,GJ-35-x-xxxx,3rd Party,Jul 2023,June 2019,Maruti,Alto LXI MANUAL,Ahmedabad,https://www.cars24.com/buy-used-maruti-alto-2019-cars-ahmedabad-1148531900/,"3,16,899"
363,Non-Accidental,1st Owner,"60,555",Petrol,30 Jun 2022,MANUAL,GJ-08-x-xxxx,3rd Party,Jul 2023,March 2018,Maruti,Alto 800 LXI MANUAL,Ahmedabad,https://www.cars24.com/buy-used-maruti-alto-800-2018-cars-ahmedabad-1144202467/,"3,14,799"
364,Non-Accidental,1st Owner,"28,716",Petrol,27 Jun 2022,MANUAL,GJ-27-x-xxxx,3rd Party,Jul 2023,March 2018,Maruti,Alto 800 LXI MANUAL,Ahmedabad,https://www.cars24.com/buy-used-maruti-alto-800-2018-cars-ahmedabad-1148615062/,"3,14,599"
365,Non-Accidental,1st Owner,"37,543",Petrol,16 May 2022,MANUAL,GJ-06-x-xxxx,3rd Party,Jul 2023,July 2018,Maruti,Alto 800 VXI MANUAL,Ahmedabad,https://www.cars24.com/buy-used-maruti-alto-800-2018-cars-vadodara-13675595772/,"3,10,899"
366,Non-Accidental,1st Owner,"42,126",Petrol,29 Jun 2022,MANUAL,GJ-30-x-xxxx,3rd Party,Jul 2023,July 2018,Maruti,Alto 800 VXI MANUAL,Ahmedabad,https://www.cars24.com/buy-used-maruti-alto-800-2018-cars-ahmedabad-1355891664/,"3,10,299"
367,Non-Accidental,1st Owner,"49,925",Petrol,26 Jun 2022,MANUAL,GJ-06-x-xxxx,Comprehensive,Oct 2022,July 2017,Maruti,Alto 800 LXI MANUAL,Ahmedabad,https://www.cars24.com/buy-used-maruti-alto-800-2017-cars-ahmedabad-1146020465/,"3,09,899"
368,Non-Accidental,1st Owner,"31,386",Petrol,03 May 2022,MANUAL,GJ-06-x-xxxx,Comprehensive,Oct 2022,August 2017,Maruti,Alto 800 LXI MANUAL,Ahmedabad,https://www.cars24.com/buy-used-maruti-alto-800-2017-cars-ahmedabad-11465295799/,"3,07,899"
369,Non-Accidental,2nd Owner,"83,401",Petrol,12 Apr 2022,MANUAL,GJ-06-x-xxxx,3rd Party,Mar 2023,January 2013,Maruti,Wagon R 1.0 VXI MANUAL,Ahmedabad,https://www.cars24.com/buy-used-maruti-wagon-r-1.0-2013-cars-ahmedabad-1148380960/,"3,06,099"
370,Non-Accidental,2nd Owner,"25,113",Petrol,29 Mar 2022,NA,GJ-01-x-xxxx,Zero Depreciation,Mar 2023,August 2019,Datsun,Redi Go T (O) 1.0 LIMITED EDITION,Ahmedabad,https://www.cars24.com/buy-used-datsun-redi-go-2019-cars-ahmedabad-1142290269/,"3,04,099"
371,Non-Accidental,1st Owner,"85,654",Petrol,27 Jun 2022,MANUAL,GJ-01-x-xxxx,3rd Party,Jul 2023,January 2018,Maruti,Alto 800 LXI MANUAL,Ahmedabad,https://www.cars24.com/buy-used-maruti-alto-800-2018-cars-ahmedabad-1141490005/,"3,03,499"
372,Non-Accidental,2nd Owner,"15,740",Petrol,08 Apr 2022,MANUAL,GJ-15-x-xxxx,Zero Depreciation,Mar 2023,January 2017,Maruti,Alto 800 VXI MANUAL,Ahmedabad,https://www.cars24.com/buy-used-maruti-alto-800-2017-cars-surat-1357750165/,"3,03,399"
373,Non-Accidental,1st Owner,"66,113",Petrol,14 Apr 2022,MANUAL,GJ-01-x-xxxx,3rd Party,Jul 2023,June 2018,Maruti,Alto 800 LXI MANUAL,Ahmedabad,https://www.cars24.com/buy-used-maruti-alto-800-2018-cars-ahmedabad-1148589465/,"3,01,799"
374,Non-Accidental,1st Owner,"64,171",Petrol,26 Jun 2022,MANUAL,GJ-07-x-xxxx,3rd Party,Jul 2023,June 2018,Maruti,Alto 800 LXI MANUAL,Ahmedabad,https://www.cars24.com/buy-used-maruti-alto-800-2018-cars-ahmedabad-1145819060/,"2,98,899"
375,Non-Accidental,1st Owner,"14,257",Petrol,04 Jul 2022,MANUAL,GJ-20-x-xxxx,Zero Depreciation,Feb 2023,August 2018,Datsun,Redi Go S 1.0 MANUAL,Ahmedabad,https://www.cars24.com/buy-used-datsun-redi-go-2018-cars-ahmedabad-1142142765/,"2,97,799"
376,,,,,,,,,,,,,Ahmedabad,https://www.cars24.com/buy-used-maruti-alto-800-2018-cars-ahmedabad-1143151100/,"2,97,599"
377,,,,,,,,,,,,,Ahmedabad,https://www.cars24.com/buy-used-maruti-alto-800-2018-cars-ahmedabad-1142344607/,"2,97,499"
378,Non-Accidental,2nd Owner,"36,850",Petrol,14 May 2022,MANUAL,GJ-06-x-xxxx,Zero Depreciation,Oct 2022,August 2015,Hyundai,Eon ERA PLUS MANUAL,Ahmedabad,https://www.cars24.com/buy-used-hyundai-eon-2015-cars-ahmedabad-11447791772/,"2,95,399"
379,Non-Accidental,1st Owner,"66,687",Petrol,06 Jul 2022,MANUAL,GJ-18-x-xxxx,3rd Party,Jul 2023,July 2017,Maruti,Alto 800 LXI MANUAL,Ahmedabad,https://www.cars24.com/buy-used-maruti-alto-800-2017-cars-ahmedabad-1140398068/,"2,86,599"
380,Non-Accidental,2nd Owner,"27,558",Petrol,30 Jun 2022,MANUAL,GJ-18-x-xxxx,3rd Party,Jul 2023,June 2017,Datsun,Redi Go S 1.0 MANUAL,Ahmedabad,https://www.cars24.com/buy-used-datsun-redi-go-2017-cars-ahmedabad-1143373566/,"2,75,799"
381,Non-Accidental,2nd Owner,"23,875",Petrol,01 Jul 2022,MANUAL,GJ-27-x-xxxx,3rd Party,Jul 2023,April 2018,Datsun,Redi Go T (O) MANUAL,Ahmedabad,https://www.cars24.com/buy-used-datsun-redi-go-2018-cars-ahmedabad-1140744306/,"2,54,699"
