,history,owner,kilometers,fuel,last_service,transmission,registration,insurance_type,insurance_validity,year,brand,model,location,url,price
0,Non-Accidental,2nd Owner,"58,584",Petrol,30 Jun 2022,AUTOMATIC,KA-05-x-xxxx,Comprehensive,Jan 2023,October 2015,Mercedes,Benz C Class C 200 AVANTGARDE AUTOMATIC,Bengaluru,https://www.cars24.com/buy-used-mercedes-benz-c-class-2015-cars-bengaluru-10260891775/,"21,05,699"
1,Non-Accidental,1st Owner,"4,257",Petrol,05 Jul 2022,MANUAL,KA-05-x-xxxx,3rd Party,Jul 2023,March 2021,KIA,SELTOS GTX 1.4 GDI PETROL MANUAL,Bengaluru,https://www.cars24.com/buy-used-kia-seltos-2021-cars-bengaluru-10289993793/,"19,89,199"
2,Non-Accidental,1st Owner,"50,411",Petrol,28 Jun 2022,AUTOMATIC,KA-50-x-xxxx,3rd Party,Jul 2023,January 2018,Toyota,Innova Crysta 2.7 ZX AT 7 STR AUTOMATIC,Bengaluru,https://www.cars24.com/buy-used-toyota-innova-crysta-2018-cars-bengaluru-1025038469/,"19,82,499"
3,Non-Accidental,1st Owner,"20,909",Diesel,02 Jul 2022,MANUAL,KA-01-x-xxxx,3rd Party,Jul 2023,October 2019,MG,HECTOR SHARP 2.0 DIESEL MANUAL,Bengaluru,https://www.cars24.com/buy-used-mg-hector-2019-cars-bengaluru-1029623667/,"18,61,799"
4,Non-Accidental,1st Owner,"26,225",Diesel,06 Jul 2022,MANUAL,KA-02-x-xxxx,3rd Party,Jul 2023,November 2019,MG,HECTOR SHARP 2.0 DIESEL MANUAL,Bengaluru,https://www.cars24.com/buy-used-mg-hector-2019-cars-bengaluru-1022122361/,"18,57,699"
5,Non-Accidental,2nd Owner,"58,374",Diesel,06 Jul 2022,AUTOMATIC,KA-51-x-xxxx,Zero Depreciation,Oct 2022,September 2017,Hyundai,Tucson New 4WD AT GLS DIESEL AUTOMATIC,Bengaluru,https://www.cars24.com/buy-used-hyundai-tucson-new-2017-cars-bengaluru-1021481663/,"18,56,549"
6,Non-Accidental,1st Owner,"6,774",Petrol,01 Feb 2022,MANUAL,KA-03-x-xxxx,3rd Party,Jul 2023,November 2020,MG,HECTOR PLUS SHARP HYBRID PETROL MANUAL,Bengaluru,https://www.cars24.com/buy-used-mg-hector-plus-2020-cars-bengaluru-1022655064/,"18,51,899"
7,Non-Accidental,1st Owner,"30,076",Diesel,30 Jun 2022,MANUAL,KA-01-x-xxxx,3rd Party,Jul 2023,July 2019,MG,HECTOR SHARP 2.0 DIESEL MANUAL,Bengaluru,https://www.cars24.com/buy-used-mg-hector-2019-cars-bengaluru-1026496561/,"18,35,599"
8,Non-Accidental,1st Owner,"38,331",Diesel,05 Jul 2022,AUTOMATIC,KA-03-x-xxxx,3rd Party,Jul 2023,July 2020,KIA,SELTOS 1.5 GTX+ AT AUTOMATIC,Bengaluru,https://www.cars24.com/buy-used-kia-seltos-2020-cars-bengaluru-1027256267/,"18,24,399"
9,Non-Accidental,1st Owner,"15,278",Diesel,02 Jul 2022,AUTOMATIC,KA-01-x-xxxx,Zero Depreciation,Feb 2023,January 2018,Tata,Hexa Varicor 400 XTA AUTOMATIC,Bengaluru,https://www.cars24.com/buy-used-tata-hexa-2018-cars-bengaluru-10241091799/,"17,41,099"
10,Non-Accidental,1st Owner,"25,084",Diesel,07 Jun 2022,MANUAL,KA-50-x-xxxx,3rd Party,Jul 2023,August 2020,KIA,SELTOS HTX 1.5 DIESEL MANUAL,Bengaluru,https://www.cars24.com/buy-used-kia-seltos-2020-cars-bengaluru-10215190718/,"16,15,299"
11,Non-Accidental,1st Owner,"40,634",Diesel,26 Jun 2022,MANUAL,KA-09-x-xxxx,3rd Party,Jul 2023,March 2019,Tata,Harrier XZ 2.0L Kryotec MANUAL,Bengaluru,https://www.cars24.com/buy-used-tata-harrier-2019-cars-bengaluru-1117487864/,"16,12,899"
12,Non-Accidental,1st Owner,"21,740",Petrol,25 Jun 2022,MANUAL,KA-51-x-xxxx,3rd Party,Jul 2023,June 2020,MG,HECTOR SMART HYBRID PETROL MT MANUAL,Bengaluru,https://www.cars24.com/buy-used-mg-hector-2020-cars-bengaluru-1028048364/,"16,00,099"
13,Non-Accidental,2nd Owner,"49,501",Diesel,01 Jul 2022,MANUAL,KA-05-x-xxxx,3rd Party,Jul 2023,June 2019,MG,HECTOR SMART DIESEL MANUAL,Bengaluru,https://www.cars24.com/buy-used-mg-hector-2019-cars-bengaluru-1028680563/,"15,30,199"
14,Non-Accidental,2nd Owner,"66,167",Diesel,26 May 2022,MANUAL,KA-51-x-xxxx,3rd Party,Jul 2023,September 2017,Jeep,Compass 2.0 LIMITED 4*2 MANUAL,Bengaluru,https://www.cars24.com/buy-used-jeep-compass-2017-cars-bengaluru-10222895771/,"14,67,899"
15,Non-Accidental,1st Owner,"93,648",Diesel,02 Jul 2022,AUTOMATIC,KA-03-x-xxxx,3rd Party,Jul 2023,June 2017,Mahindra,XUV500 W10 AT FWD AUTOMATIC,Bengaluru,https://www.cars24.com/buy-used-mahindra-xuv500-2017-cars-bengaluru-1022050566/,"14,25,599"
16,Non-Accidental,1st Owner,"6,804",Petrol,04 Jul 2022,NA,KA-01-x-xxxx,Zero Depreciation,Oct 2022,September 2020,KIA,SONET GTX PLUS DCT 1.0,Bengaluru,https://www.cars24.com/buy-used-kia-sonet-2020-cars-bengaluru-10264995792/,"14,19,999"
17,Non-Accidental,1st Owner,"25,777",Diesel,03 Jul 2022,MANUAL,KA-02-x-xxxx,Comprehensive,Aug 2023,July 2020,KIA,SELTOS HTK PLUS 1.5 DIESEL MANUAL,Bengaluru,https://www.cars24.com/buy-used-kia-seltos-2020-cars-bengaluru-10223291755/,"14,19,899"
18,Non-Accidental,1st Owner,"58,729",Diesel,01 Jul 2022,AUTOMATIC,KA-03-x-xxxx,Comprehensive,Dec 2022,May 2017,Tata,Hexa Varicor 400 XTA AUTOMATIC,Bengaluru,https://www.cars24.com/buy-used-tata-hexa-2017-cars-bengaluru-10272694716/,"13,27,799"
19,Non-Accidental,1st Owner,"31,432",Diesel,12 Jun 2022,MANUAL,KA-01-x-xxxx,3rd Party,Jul 2023,July 2020,Hyundai,Creta E MANUAL,Bengaluru,https://www.cars24.com/buy-used-hyundai-creta-2020-cars-bengaluru-10236594717/,"13,08,899"
20,Non-Accidental,2nd Owner,"51,208",Diesel,01 Jul 2022,AUTOMATIC,KA-04-x-xxxx,3rd Party,Jul 2023,April 2016,Mahindra,XUV500 W8 FWD AT AUTOMATIC,Bengaluru,https://www.cars24.com/buy-used-mahindra-xuv500-2016-cars-bengaluru-1025280064/,"13,00,099"
21,Non-Accidental,3rd Owner,"22,475",Diesel,26 Jun 2022,AUTOMATIC,KA-20-x-xxxx,3rd Party,Jul 2023,February 2017,Hyundai,Creta 1.6 CRDI SX PLUS AUTO AUTOMATIC,Bengaluru,https://www.cars24.com/buy-used-hyundai-creta-2017-cars-bengaluru-1025025664/,"12,28,299"
22,Non-Accidental,1st Owner,"52,728",Diesel,30 Jun 2022,MANUAL,KA-05-x-xxxx,3rd Party,Jul 2023,August 2017,Mahindra,XUV500 W6 4X2 MANUAL,Bengaluru,https://www.cars24.com/buy-used-mahindra-xuv500-2017-cars-bengaluru-1026690367/,"12,15,099"
23,Non-Accidental,1st Owner,"55,422",Petrol,26 May 2022,AUTOMATIC,KA-04-x-xxxx,Zero Depreciation,Dec 2022,June 2020,Maruti,XL6 ZETA AT SHVS AUTOMATIC,Bengaluru,https://www.cars24.com/buy-used-maruti-xl6-2020-cars-bengaluru-10233198772/,"11,79,099"
24,Non-Accidental,2nd Owner,"22,819",Petrol,06 Jul 2022,AUTOMATIC,KA-42-x-xxxx,Comprehensive,Jan 2023,January 2020,Toyota,YARIS VX CVT AUTOMATIC,Bengaluru,https://www.cars24.com/buy-used-toyota-yaris-2020-cars-bengaluru-1026306167/,"11,69,799"
25,Non-Accidental,1st Owner,"14,594",Petrol,01 Jul 2022,MANUAL,KA-01-x-xxxx,Comprehensive,Oct 2022,March 2020,Honda,City V MT PETROL MANUAL,Bengaluru,https://www.cars24.com/buy-used-honda-city-2020-cars-bengaluru-10289292795/,"11,62,599"
26,Non-Accidental,2nd Owner,"20,291",Petrol,02 Jul 2022,AUTOMATIC,KA-42-x-xxxx,Zero Depreciation,Jan 2023,January 2020,Toyota,YARIS VX CVT AUTOMATIC,Bengaluru,https://www.cars24.com/buy-used-toyota-yaris-2020-cars-bengaluru-10223797718/,"11,59,599"
27,Non-Accidental,2nd Owner,"61,078",Diesel,04 Jul 2022,MANUAL,KA-19-x-xxxx,3rd Party,Jul 2023,March 2017,Mahindra,XUV500 W6 4X2 MANUAL,Bengaluru,https://www.cars24.com/buy-used-mahindra-xuv500-2017-cars-bengaluru-1029504464/,"11,58,199"
28,Non-Accidental,1st Owner,"14,417",Petrol,01 Jul 2022,MANUAL,KA-01-x-xxxx,3rd Party,Jul 2023,February 2020,Honda,City V MT PETROL MANUAL,Bengaluru,https://www.cars24.com/buy-used-honda-city-2020-cars-bengaluru-10234491798/,"11,58,028"
29,Non-Accidental,2nd Owner,"28,397",Petrol,06 Jul 2022,AUTOMATIC,KA-50-x-xxxx,3rd Party,Jul 2023,November 2019,Hyundai,VENUE 1.0 Turbo GDI DCT AT SX+ DT AUTOMATIC,Bengaluru,https://www.cars24.com/buy-used-hyundai-venue-2019-cars-bengaluru-1022642164/,"11,53,099"
30,Non-Accidental,1st Owner,"71,783",Petrol,01 Jul 2022,MANUAL,KA-04-x-xxxx,Comprehensive,May 2023,April 2016,Toyota,Corolla Altis GL MANUAL,Bengaluru,https://www.cars24.com/buy-used-toyota-corolla-altis-2016-cars-bengaluru-10259192716/,"11,32,699"
31,Non-Accidental,1st Owner,"18,078",Diesel,06 Jul 2022,MANUAL,KA-04-x-xxxx,Comprehensive,Dec 2022,September 2019,Hyundai,VENUE SX(O) CRDi MANUAL,Bengaluru,https://www.cars24.com/buy-used-hyundai-venue-2019-cars-bengaluru-1021292862/,"11,27,599"
32,Non-Accidental,1st Owner,"14,463",Petrol,02 Jul 2022,MANUAL,KA-51-x-xxxx,3rd Party,Jul 2023,July 2020,Hyundai,VENUE SX 1.0 GDI IMT MANUAL,Bengaluru,https://www.cars24.com/buy-used-hyundai-venue-2020-cars-bengaluru-1024863964/,"11,14,299"
33,Non-Accidental,1st Owner,"64,010",Diesel,28 Jun 2022,MANUAL,KA-09-x-xxxx,Comprehensive,Oct 2022,August 2017,Maruti,S Cross ALPHA SHVS MANUAL,Bengaluru,https://www.cars24.com/buy-used-maruti-s-cross-2017-cars-bengaluru-1024363264/,"11,02,939"
34,Non-Accidental,2nd Owner,"1,87,671",Diesel,04 Jul 2022,MANUAL,KA-04-x-xxxx,3rd Party,Jul 2023,September 2014,Toyota,Innova 2.5 VX 8 STR BS IV MANUAL,Bengaluru,https://www.cars24.com/buy-used-toyota-innova-2014-cars-bengaluru-1022536625/,"11,02,099"
35,Non-Accidental,1st Owner,"33,670",Diesel,26 Jun 2022,MANUAL,KA-03-x-xxxx,Comprehensive,Apr 2023,March 2018,Maruti,Ertiga ZDI PLUS SHVS MANUAL,Bengaluru,https://www.cars24.com/buy-used-maruti-ertiga-2018-cars-bengaluru-10256197799/,"11,01,499"
36,Non-Accidental,1st Owner,"25,785",Petrol,26 Jun 2022,MANUAL,KA-05-x-xxxx,3rd Party,Apr 2023,March 2021,Maruti,Ciaz ALPHA 1.5 MT VTVT SHVS MANUAL,Bengaluru,https://www.cars24.com/buy-used-maruti-ciaz-2021-cars-bengaluru-10277397757/,"10,91,099"
37,Non-Accidental,1st Owner,"17,632",Petrol,04 Jul 2022,AUTOMATIC,KA-05-x-xxxx,Comprehensive,May 2023,May 2017,Honda,City VX CVT PETROL AUTOMATIC,Bengaluru,https://www.cars24.com/buy-used-honda-city-2017-cars-bengaluru-10249997771/,"10,90,499"
38,Non-Accidental,1st Owner,"17,307",Petrol,03 Jul 2022,NA,KA-50-x-xxxx,Zero Depreciation,Oct 2022,September 2021,Toyota,URBAN CRUISER PREMIUM MT,Bengaluru,https://www.cars24.com/buy-used-toyota-urban-cruiser-2021-cars-bengaluru-1027656067/,"10,86,899"
39,Non-Accidental,1st Owner,"29,350",Petrol,31 May 2022,MANUAL,KA-05-x-xxxx,3rd Party,Nov 2022,July 2018,Ford,Ecosport 1.5 TITANIUM SIGNATURE TI VCT (SUNROOF) MANUAL,Bengaluru,https://www.cars24.com/buy-used-ford-ecosport-2018-cars-bengaluru-10245294712/,"10,81,499"
40,Non-Accidental,1st Owner,"23,753",Diesel,03 Jul 2022,MANUAL,KA-51-x-xxxx,3rd Party,Jul 2023,July 2019,Tata,NEXON XZ+ 1.5 MANUAL,Bengaluru,https://www.cars24.com/buy-used-tata-nexon-2019-cars-bengaluru-10251393719/,"10,79,899"
41,Non-Accidental,1st Owner,"10,585",Petrol,02 Jul 2022,AUTOMATIC,KA-04-x-xxxx,Zero Depreciation,Nov 2022,July 2018,Toyota,YARIS V CVT AUTOMATIC,Bengaluru,https://www.cars24.com/buy-used-toyota-yaris-2018-cars-bengaluru-10256294771/,"10,78,067"
42,Non-Accidental,2nd Owner,"57,767",Diesel,26 Jun 2022,MANUAL,KA-01-x-xxxx,Comprehensive,Mar 2023,November 2017,Hyundai,Creta 1.6 SX CRDI MANUAL,Bengaluru,https://www.cars24.com/buy-used-hyundai-creta-2017-cars-bengaluru-1029260462/,"10,77,499"
43,Non-Accidental,1st Owner,"2,927",Petrol,26 Apr 2022,MANUAL,KA-05-x-xxxx,3rd Party,Jul 2023,July 2020,Skoda,Rapid ACTIVE 1.0 TSI MANUAL,Bengaluru,https://www.cars24.com/buy-used-skoda-rapid-2020-cars-bengaluru-1022636166/,"10,77,199"
44,Non-Accidental,1st Owner,"14,298",Petrol,01 Jul 2022,MANUAL,KA-51-x-xxxx,Zero Depreciation,Mar 2023,March 2021,Maruti,S Cross ZETA SHVS PETROL MANUAL,Bengaluru,https://www.cars24.com/buy-used-maruti-s-cross-2021-cars-bengaluru-10225092792/,"10,70,199"
45,Non-Accidental,1st Owner,"3,210",Petrol,06 Jul 2022,NA,KA-51-x-xxxx,3rd Party,Mar 2023,September 2020,KIA,SONET HTK PLUS,Bengaluru,https://www.cars24.com/buy-used-kia-sonet-2020-cars-bengaluru-1023510660/,"10,68,099"
46,Non-Accidental,1st Owner,"14,065",Petrol,26 Jun 2022,MANUAL,KA-05-x-xxxx,3rd Party,Aug 2023,January 2020,Maruti,Vitara Brezza ZXI + MANUAL,Bengaluru,https://www.cars24.com/buy-used-maruti-vitara-brezza-2020-cars-bengaluru-1028900166/,"10,65,599"
47,Non-Accidental,1st Owner,"40,792",Petrol,02 Jul 2022,MANUAL,KA-03-x-xxxx,3rd Party,Jul 2023,January 2019,Ford,Ecosport 1.5 TITANIUM SIGNATURE TI VCT (SUNROOF) MANUAL,Bengaluru,https://www.cars24.com/buy-used-ford-ecosport-2019-cars-bengaluru-1026660067/,"10,60,199"
48,Non-Accidental,1st Owner,"66,162",Diesel,26 Jun 2022,MANUAL,KA-05-x-xxxx,Comprehensive,Mar 2023,February 2016,Mahindra,Scorpio S6 PLUS MANUAL,Bengaluru,https://www.cars24.com/buy-used-mahindra-scorpio-2016-cars-bengaluru-10231498756/,"10,53,199"
49,Non-Accidental,1st Owner,"17,966",Petrol,03 Jun 2022,MANUAL,KA-03-x-xxxx,3rd Party,Nov 2023,October 2020,Tata,NEXON XM SUNROOF 1.2 RTN MANUAL,Bengaluru,https://www.cars24.com/buy-used-tata-nexon-2020-cars-bengaluru-10262198713/,"10,48,099"
50,Non-Accidental,2nd Owner,"60,284",Petrol,05 Jul 2022,MANUAL,KA-01-x-xxxx,3rd Party,Jan 2023,April 2018,Hyundai,Verna 1.6 SX VTVT (O) MANUAL,Bengaluru,https://www.cars24.com/buy-used-hyundai-verna-2018-cars-bengaluru-10203698791/,"10,26,699"
51,Non-Accidental,2nd Owner,"13,101",Petrol,18 Feb 2022,MANUAL,KA-03-x-xxxx,3rd Party,Feb 2023,February 2020,Tata,NEXON XZ+ 1.2 MANUAL,Bengaluru,https://www.cars24.com/buy-used-tata-nexon-2020-cars-bengaluru-1023673061/,"10,22,899"
52,Non-Accidental,1st Owner,"22,991",Petrol,27 Jun 2022,MANUAL,KA-04-x-xxxx,3rd Party,Jul 2023,January 2020,Tata,NEXON XZ+ 1.2 MANUAL,Bengaluru,https://www.cars24.com/buy-used-tata-nexon-2020-cars-bengaluru-1025252368/,"10,16,999"
53,,,,,,,,,,,,,Bengaluru,https://www.cars24.com/buy-used-ford-ecosport-2018-cars-bengaluru-1027265206/,"10,10,199"
54,Non-Accidental,1st Owner,"28,777",Petrol,28 Jun 2022,MANUAL,KA-02-x-xxxx,Comprehensive,Dec 2022,July 2019,Maruti,Ciaz ALPHA 1.5 MT VTVT SHVS MANUAL,Bengaluru,https://www.cars24.com/buy-used-maruti-ciaz-2019-cars-bengaluru-1021464667/,"9,56,699"
55,Non-Accidental,1st Owner,"4,834",Petrol,24 Jun 2022,AUTOMATIC,KA-03-x-xxxx,3rd Party,Jul 2023,January 2019,Hyundai,Elite i20 1.2 SPORTS PLUS VTVT CVT AUTOMATIC,Bengaluru,https://www.cars24.com/buy-used-hyundai-elite-i20-2019-cars-bengaluru-10228599798/,"9,50,599"
56,Non-Accidental,2nd Owner,"31,462",Petrol,26 Jun 2022,AUTOMATIC,KA-53-x-xxxx,Comprehensive,Apr 2023,April 2018,Hyundai,Verna EX 1.6 VTVT AT AUTOMATIC,Bengaluru,https://www.cars24.com/buy-used-hyundai-verna-2018-cars-bengaluru-10233390718/,"9,50,399"
57,Non-Accidental,1st Owner,"32,238",Diesel,24 May 2022,MANUAL,KA-02-x-xxxx,3rd Party,Jul 2023,March 2018,Mahindra,Bolero Power+ ZLX Micro Hybrid MANUAL,Bengaluru,https://www.cars24.com/buy-used-mahindra-bolero-2018-cars-bengaluru-10249791717/,"9,17,899"
58,Non-Accidental,1st Owner,"30,842",Petrol,18 Apr 2022,MANUAL,KA-02-x-xxxx,3rd Party,Jul 2023,May 2019,Ford,Ecosport 1.5 TITANIUM TI VCT MANUAL,Bengaluru,https://www.cars24.com/buy-used-ford-ecosport-2019-cars-bengaluru-1020206567/,"9,13,199"
59,Non-Accidental,2nd Owner,"8,102",Petrol,25 Jun 2022,MANUAL,KA-51-x-xxxx,Third_party,Jun 2023,June 2020,Tata,NEXON XZ 1.2 MANUAL,Bengaluru,https://www.cars24.com/buy-used-tata-nexon-2020-cars-bengaluru-1023467860/,"9,04,299"
60,Non-Accidental,2nd Owner,"28,310",Petrol,15 Apr 2022,MANUAL,KA-05-x-xxxx,3rd Party,Jul 2023,February 2017,Honda,City V MT PETROL MANUAL,Bengaluru,https://www.cars24.com/buy-used-honda-city-2017-cars-bengaluru-1026076365/,"8,87,799"
61,Non-Accidental,1st Owner,"40,749",Petrol,26 Jun 2022,MANUAL,KA-53-x-xxxx,3rd Party,Jul 2023,March 2017,Honda,City V MT PETROL MANUAL,Bengaluru,https://www.cars24.com/buy-used-honda-city-2017-cars-bengaluru-10242890711/,"8,86,399"
62,Non-Accidental,1st Owner,"16,485",Petrol,25 Jun 2022,MANUAL,KA-22-x-xxxx,3rd Party,Jul 2023,April 2018,Toyota,YARIS V MT MANUAL,Bengaluru,https://www.cars24.com/buy-used-toyota-yaris-2018-cars-bengaluru-1027088301/,"8,84,799"
63,Non-Accidental,1st Owner,"48,224",Petrol,28 May 2022,MANUAL,KA-04-x-xxxx,Comprehensive,May 2023,March 2020,Maruti,Vitara Brezza VXI MANUAL,Bengaluru,https://www.cars24.com/buy-used-maruti-vitara-brezza-2020-cars-bengaluru-10239392719/,"8,83,399"
64,Non-Accidental,2nd Owner,"31,859",Petrol,01 Jul 2022,AUTOMATIC,KA-05-x-xxxx,3rd Party,Jul 2023,October 2018,Renault,Duster RXS CVT 106 PS AUTOMATIC,Bengaluru,https://www.cars24.com/buy-used-renault-duster-2018-cars-bengaluru-1023096963/,"8,72,299"
65,Non-Accidental,1st Owner,"49,663",Petrol,01 Jul 2022,AUTOMATIC,KA-51-x-xxxx,3rd Party,Jul 2023,May 2017,Renault,Duster RXS CVT 106 PS AUTOMATIC,Bengaluru,https://www.cars24.com/buy-used-renault-duster-2017-cars-bengaluru-1027666866/,"8,66,499"
66,Non-Accidental,1st Owner,"11,427",Petrol,25 Jun 2022,MANUAL,KA-04-x-xxxx,3rd Party,Jul 2023,August 2021,Toyota,Glanza G MT PETROL MANUAL,Bengaluru,https://www.cars24.com/buy-used-toyota-glanza-2021-cars-bengaluru-1027916764/,"8,64,399"
67,Non-Accidental,1st Owner,"59,673",Petrol,28 Jun 2022,AUTOMATIC,KA-01-x-xxxx,3rd Party,Jul 2023,July 2018,Toyota,YARIS V CVT AUTOMATIC,Bengaluru,https://www.cars24.com/buy-used-toyota-yaris-2018-cars-bengaluru-1025293706/,"8,46,899"
68,Non-Accidental,2nd Owner,"29,114",Petrol,02 Jul 2022,MANUAL,KA-03-x-xxxx,3rd Party,Jul 2023,July 2017,Honda,City V MT PETROL MANUAL,Bengaluru,https://www.cars24.com/buy-used-honda-city-2017-cars-bengaluru-1025510066/,"8,41,299"
69,Non-Accidental,2nd Owner,"71,077",Petrol,28 Jun 2022,MANUAL,KA-53-x-xxxx,3rd Party,Jul 2023,June 2017,Honda,City V MT PETROL MANUAL,Bengaluru,https://www.cars24.com/buy-used-honda-city-2017-cars-bengaluru-1027566564/,"8,35,449"
70,Non-Accidental,1st Owner,"26,288",Petrol,28 Jun 2022,MANUAL,KA-05-x-xxxx,Comprehensive,Oct 2022,September 2019,Hyundai,Elite i20 1.2 SPORTZ PLUS DUAL TONE VTVT MANUAL,Bengaluru,https://www.cars24.com/buy-used-hyundai-elite-i20-2019-cars-bengaluru-10254296792/,"8,32,699"
71,Non-Accidental,1st Owner,"96,948",Diesel,05 Jul 2022,MANUAL,KA-53-x-xxxx,3rd Party,Jul 2023,April 2017,Renault,Duster RXZ DIESEL 110 MANUAL,Bengaluru,https://www.cars24.com/buy-used-renault-duster-2017-cars-bengaluru-1028817843/,"8,31,699"
72,Non-Accidental,2nd Owner,"40,600",Petrol,05 Jul 2022,MANUAL,KA-03-x-xxxx,3rd Party,Jul 2023,February 2017,Honda,City V MT PETROL MANUAL,Bengaluru,https://www.cars24.com/buy-used-honda-city-2017-cars-bengaluru-1023580662/,"8,31,699"
73,Non-Accidental,1st Owner,"5,132",Petrol,05 Jul 2022,AUTOMATIC,KA-53-x-xxxx,3rd Party,Jul 2023,January 2020,Hyundai,GRAND I10 NIOS ASTA PETROL AMT AUTOMATIC,Bengaluru,https://www.cars24.com/buy-used-hyundai-grand-i10-nios-2020-cars-bengaluru-1020134062/,"8,28,599"
74,Non-Accidental,1st Owner,"31,318",Petrol,25 Jun 2022,MANUAL,KA-04-x-xxxx,Zero Depreciation,Jan 2023,January 2017,Maruti,Ciaz ZXI MANUAL,Bengaluru,https://www.cars24.com/buy-used-maruti-ciaz-2017-cars-bengaluru-1027542163/,"8,27,299"
75,,,,,,,,,,,,,Bengaluru,https://www.cars24.com/buy-used-toyota-yaris-2018-cars-bengaluru-1020542008/,"8,23,899"
76,Non-Accidental,1st Owner,"5,338",Petrol,03 Jul 2022,AUTOMATIC,KA-53-x-xxxx,Comprehensive,Feb 2023,February 2021,Hyundai,GRAND I10 NIOS SPORTZ 1.2 AT AUTOMATIC,Bengaluru,https://www.cars24.com/buy-used-hyundai-grand-i10-nios-2021-cars-bengaluru-10205498775/,"8,22,899"
77,Non-Accidental,1st Owner,"6,005",Petrol,30 Jun 2022,AUTOMATIC,KA-41-x-xxxx,3rd Party,Feb 2024,January 2021,Maruti,IGNIS ZETA 1.2 K12 AMT AUTOMATIC,Bengaluru,https://www.cars24.com/buy-used-maruti-ignis-2021-cars-bengaluru-10218795790/,"8,15,199"
78,Non-Accidental,1st Owner,"33,036",Petrol,03 Jul 2022,MANUAL,KA-01-x-xxxx,Comprehensive,Mar 2023,January 2019,Hyundai,Elite i20 ASTA 1.2 (O) MANUAL,Bengaluru,https://www.cars24.com/buy-used-hyundai-elite-i20-2019-cars-bengaluru-10268296757/,"8,08,599"
79,Non-Accidental,1st Owner,"26,743",Petrol,01 Jul 2022,MANUAL,KA-04-x-xxxx,3rd Party,Jul 2023,February 2017,Ford,Ecosport 1.0 ECOBOOST TITANIUM OPT MANUAL,Bengaluru,https://www.cars24.com/buy-used-ford-ecosport-2017-cars-bengaluru-1024746346/,"8,08,599"
80,Non-Accidental,2nd Owner,"36,504",Petrol,05 Jul 2022,MANUAL,KA-03-x-xxxx,Comprehensive,Apr 2023,March 2017,Honda,WR-V 1.2 i-VTEC VX MT MANUAL,Bengaluru,https://www.cars24.com/buy-used-honda-wr-v-2017-cars-bengaluru-10204796715/,"8,05,099"
81,Non-Accidental,1st Owner,"41,898",Diesel,04 Jul 2022,MANUAL,KA-05-x-xxxx,3rd Party,Jul 2023,February 2015,Renault,Duster RXZ DIESEL 110 MANUAL,Bengaluru,https://www.cars24.com/buy-used-renault-duster-2015-cars-bengaluru-10291294779/,"8,00,699"
82,Non-Accidental,2nd Owner,"28,854",Petrol,01 Jul 2022,MANUAL,KA-03-x-xxxx,3rd Party,Jul 2023,March 2017,Honda,WR-V 1.2 i-VTEC VX MT MANUAL,Bengaluru,https://www.cars24.com/buy-used-honda-wr-v-2017-cars-bengaluru-10245493799/,"7,94,899"
83,Non-Accidental,1st Owner,"18,796",Petrol,01 Jul 2022,MANUAL,KA-53-x-xxxx,Zero Depreciation,Oct 2022,July 2018,Hyundai,Elite i20 ASTA 1.2 MANUAL,Bengaluru,https://www.cars24.com/buy-used-hyundai-elite-i20-2018-cars-bengaluru-1028620867/,"7,85,099"
84,,,,,,,,,,,,,Bengaluru,https://www.cars24.com/buy-used-mahindra-scorpio-2016-cars-bengaluru-1022222706/,"7,84,799"
85,Non-Accidental,1st Owner,"22,799",Petrol,03 Jul 2022,AUTOMATIC,KA-03-x-xxxx,Comprehensive,Oct 2022,August 2018,Honda,Amaze 1.2 V CVT I VTEC AUTOMATIC,Bengaluru,https://www.cars24.com/buy-used-honda-amaze-2018-cars-bengaluru-10224690773/,"7,83,599"
86,Non-Accidental,2nd Owner,"54,063",Diesel,25 Jun 2022,MANUAL,KA-02-x-xxxx,Comprehensive,Dec 2022,August 2017,Hyundai,Elite i20 1.4 CRDI ASTA (O) MANUAL,Bengaluru,https://www.cars24.com/buy-used-hyundai-elite-i20-2017-cars-bengaluru-10247193710/,"7,63,499"
87,Non-Accidental,3rd Owner,"53,541",Petrol,29 Mar 2022,MANUAL,KA-20-x-xxxx,3rd Party,Jul 2023,August 2017,Honda,City V MT PETROL MANUAL,Bengaluru,https://www.cars24.com/buy-used-honda-city-2017-cars-bengaluru-1029032863/,"7,62,299"
88,Non-Accidental,1st Owner,"69,085",Diesel,01 Jul 2022,AUTOMATIC,KA-51-x-xxxx,Comprehensive,Dec 2022,September 2017,Maruti,Dzire ZDI Plus AMT AUTOMATIC,Bengaluru,https://www.cars24.com/buy-used-maruti-dzire-2017-cars-bengaluru-1029245565/,"7,59,199"
89,Non-Accidental,1st Owner,"60,090",Petrol,06 Jul 2022,AUTOMATIC,KA-41-x-xxxx,Comprehensive,Dec 2022,May 2017,Maruti,Dzire ZXI Plus AMT AUTOMATIC,Bengaluru,https://www.cars24.com/buy-used-maruti-dzire-2017-cars-bengaluru-1025190865/,"7,48,499"
90,Non-Accidental,1st Owner,"40,368",Petrol,06 Jul 2022,MANUAL,KA-03-x-xxxx,3rd Party,Jul 2023,February 2016,Honda,City V MT PETROL MANUAL,Bengaluru,https://www.cars24.com/buy-used-honda-city-2016-cars-bengaluru-1027158863/,"7,47,599"
91,Non-Accidental,2nd Owner,"34,879",Diesel,26 Jun 2022,MANUAL,KA-05-x-xxxx,3rd Party,Jul 2023,April 2015,Renault,Duster RXZ PACK DIESEL 110 MANUAL,Bengaluru,https://www.cars24.com/buy-used-renault-duster-2015-cars-bengaluru-10258494718/,"7,39,799"
92,Non-Accidental,1st Owner,"43,945",Diesel,25 Jun 2022,MANUAL,KA-02-x-xxxx,3rd Party,Jul 2023,April 2014,Renault,Duster RXL PLUS DIESEL 85 MANUAL,Bengaluru,https://www.cars24.com/buy-used-renault-duster-2014-cars-bengaluru-1026192165/,"7,38,499"
93,Non-Accidental,1st Owner,"24,900",Petrol,01 Jul 2022,MANUAL,KA-05-x-xxxx,Comprehensive,May 2023,March 2019,Maruti,Baleno DELTA 1.2 K12 MANUAL,Bengaluru,https://www.cars24.com/buy-used-maruti-baleno-2019-cars-bengaluru-10231199770/,"7,25,699"
94,Non-Accidental,1st Owner,"56,167",Petrol,28 May 2022,AUTOMATIC,KA-01-x-xxxx,Comprehensive,Feb 2023,November 2018,Honda,Jazz 1.2 V AT AUTOMATIC,Bengaluru,https://www.cars24.com/buy-used-honda-jazz-2018-cars-bengaluru-10260593777/,"7,24,499"
95,Non-Accidental,1st Owner,"21,603",Petrol,06 Jul 2022,AUTOMATIC,KA-05-x-xxxx,3rd Party,Jul 2023,May 2018,Maruti,Swift ZXI AMT AUTOMATIC,Bengaluru,https://www.cars24.com/buy-used-maruti-swift-2018-cars-bengaluru-1022062060/,"7,20,999"
96,Non-Accidental,1st Owner,"33,425",Petrol,30 Jun 2022,MANUAL,KA-51-x-xxxx,Zero Depreciation,Mar 2023,January 2019,Ford,FREESTYLE TITANIUM 1.2 TI-VCT MT MANUAL,Bengaluru,https://www.cars24.com/buy-used-ford-freestyle-2019-cars-bengaluru-2378606460/,"7,19,299"
97,Non-Accidental,1st Owner,"10,466",Petrol,30 Jun 2022,MANUAL,KA-51-x-xxxx,3rd Party,Jul 2023,June 2019,Hyundai,Elite i20 1.2 MAGNA PLUS VTVT MANUAL,Bengaluru,https://www.cars24.com/buy-used-hyundai-elite-i20-2019-cars-bengaluru-10204995718/,"7,18,899"
98,Non-Accidental,1st Owner,"56,911",Diesel,21 Apr 2022,MANUAL,KA-53-x-xxxx,Comprehensive,Jan 2023,November 2016,Hyundai,Elite i20 ASTA 1.4 CRDI MANUAL,Bengaluru,https://www.cars24.com/buy-used-hyundai-elite-i20-2016-cars-bengaluru-1023476364/,"7,17,059"
99,Non-Accidental,1st Owner,"34,445",Petrol,05 Jul 2022,AUTOMATIC,KA-03-x-xxxx,3rd Party,Jul 2023,June 2018,Maruti,Swift ZXI AMT AUTOMATIC,Bengaluru,https://www.cars24.com/buy-used-maruti-swift-2018-cars-bengaluru-1024562466/,"7,16,999"
100,Non-Accidental,1st Owner,"29,402",Petrol,06 Jul 2022,MANUAL,KA-05-x-xxxx,Zero Depreciation,Jan 2023,January 2019,Ford,FREESTYLE TITANIUM 1.2 TI-VCT MT MANUAL,Bengaluru,https://www.cars24.com/buy-used-ford-freestyle-2019-cars-bengaluru-1022820567/,"7,10,299"
101,Non-Accidental,1st Owner,"14,212",Petrol,30 Jun 2022,MANUAL,KA-41-x-xxxx,3rd Party,Jul 2023,May 2018,Maruti,Dzire VXI MANUAL,Bengaluru,https://www.cars24.com/buy-used-maruti-dzire-2018-cars-bengaluru-10251099797/,"7,10,199"
102,Non-Accidental,1st Owner,"14,758",Petrol,02 Jul 2022,MANUAL,KA-51-x-xxxx,3rd Party,Oct 2022,September 2018,Maruti,Dzire VXI MANUAL,Bengaluru,https://www.cars24.com/buy-used-maruti-dzire-2018-cars-bengaluru-10241997713/,"7,10,199"
103,Non-Accidental,1st Owner,"25,554",Petrol,06 Jul 2022,MANUAL,KA-04-x-xxxx,3rd Party,Jul 2023,September 2018,Maruti,Dzire VXI MANUAL,Bengaluru,https://www.cars24.com/buy-used-maruti-dzire-2018-cars-bengaluru-10251491717/,"7,10,199"
104,Non-Accidental,1st Owner,"75,691",Diesel,06 Jul 2022,MANUAL,KA-01-x-xxxx,3rd Party,Jul 2023,June 2015,Hyundai,Elite i20 ASTA 1.4 CRDI MANUAL,Bengaluru,https://www.cars24.com/buy-used-hyundai-elite-i20-2015-cars-bengaluru-10244892770/,"7,09,499"
105,Non-Accidental,2nd Owner,"40,853",Petrol,18 May 2022,MANUAL,KA-05-x-xxxx,3rd Party,Jul 2023,April 2017,Hyundai,Elite i20 ASTA 1.2 (O) MANUAL,Bengaluru,https://www.cars24.com/buy-used-hyundai-elite-i20-2017-cars-bengaluru-10205999775/,"7,09,199"
106,Non-Accidental,3rd Owner,"86,456",Petrol,29 Jun 2022,MANUAL,KA-05-x-xxxx,3rd Party,Jul 2023,March 2015,Honda,City VX MT PETROL MANUAL,Bengaluru,https://www.cars24.com/buy-used-honda-city-2015-cars-bengaluru-10215694799/,"7,06,299"
107,Non-Accidental,1st Owner,"30,652",Petrol,03 Jul 2022,MANUAL,KA-01-x-xxxx,3rd Party,Jul 2023,January 2018,Maruti,Swift ZXI+ MANUAL,Bengaluru,https://www.cars24.com/buy-used-maruti-swift-2018-cars-bengaluru-10247294755/,"7,04,899"
108,Non-Accidental,2nd Owner,"13,956",Petrol,05 Jul 2022,MANUAL,KA-20-x-xxxx,3rd Party,Jul 2023,August 2019,Hyundai,Elite i20 1.2 MAGNA PLUS VTVT MANUAL,Bengaluru,https://www.cars24.com/buy-used-hyundai-elite-i20-2019-cars-bengaluru-1089464806/,"7,04,499"
109,Non-Accidental,1st Owner,"28,310",Petrol,26 Jun 2022,MANUAL,KA-52-x-xxxx,3rd Party,Jul 2023,March 2019,Maruti,Baleno DELTA 1.2 K12 MANUAL,Bengaluru,https://www.cars24.com/buy-used-maruti-baleno-2019-cars-bengaluru-1020274560/,"7,02,999"
110,Non-Accidental,1st Owner,"28,306",Petrol,02 Jul 2022,MANUAL,KA-03-x-xxxx,3rd Party,Jul 2023,June 2018,Maruti,Dzire VXI MANUAL,Bengaluru,https://www.cars24.com/buy-used-maruti-dzire-2018-cars-bengaluru-1022986965/,"7,02,399"
111,Non-Accidental,2nd Owner,"56,717",Diesel,06 Jul 2022,MANUAL,KA-51-x-xxxx,3rd Party,Jul 2023,April 2014,Renault,Duster RXL PLUS DIESEL 85 MANUAL,Bengaluru,https://www.cars24.com/buy-used-renault-duster-2014-cars-bengaluru-10254096790/,"7,01,299"
112,Non-Accidental,2nd Owner,"68,229",Diesel,19 May 2022,MANUAL,KA-50-x-xxxx,3rd Party,Jul 2023,May 2016,Maruti,Baleno ALPHA DDIS 190 MANUAL,Bengaluru,https://www.cars24.com/buy-used-maruti-baleno-2016-cars-bengaluru-10205097777/,"6,99,399"
113,Non-Accidental,2nd Owner,"22,899",Petrol,19 Apr 2022,MANUAL,KA-03-x-xxxx,3rd Party,Jul 2023,December 2019,Maruti,Dzire VXI MANUAL,Bengaluru,https://www.cars24.com/buy-used-maruti-dzire-2019-cars-bengaluru-1021036069/,"6,97,099"
114,Non-Accidental,1st Owner,"35,949",Petrol,30 Jun 2022,MANUAL,KA-53-x-xxxx,Zero Depreciation,Feb 2023,January 2018,Maruti,Dzire VXI MANUAL,Bengaluru,https://www.cars24.com/buy-used-maruti-dzire-2018-cars-bengaluru-1027010468/,"6,88,799"
115,Non-Accidental,1st Owner,"42,316",Diesel,30 Jun 2022,MANUAL,KA-03-x-xxxx,Comprehensive,Jan 2023,January 2015,Honda,City V MT DIESEL MANUAL,Bengaluru,https://www.cars24.com/buy-used-honda-city-2015-cars-bengaluru-1027246964/,"6,84,799"
116,Non-Accidental,2nd Owner,"94,468",Diesel,28 Jun 2022,MANUAL,KA-04-x-xxxx,Comprehensive,Jan 2023,December 2016,Renault,Duster RXL 110PS EXPLORER MANUAL,Bengaluru,https://www.cars24.com/buy-used-renault-duster-2016-cars-bengaluru-10236597777/,"6,84,299"
117,Non-Accidental,1st Owner,"16,674",Petrol,30 Jun 2022,MANUAL,KA-53-x-xxxx,3rd Party,Jul 2023,September 2020,Hyundai,GRAND I10 NIOS SPORTZ PETROL MANUAL,Bengaluru,https://www.cars24.com/buy-used-hyundai-grand-i10-nios-2020-cars-bengaluru-1028876868/,"6,80,999"
118,Non-Accidental,3rd Owner,"65,010",Petrol,06 Jul 2022,AUTOMATIC,KA-04-x-xxxx,3rd Party,Jul 2023,May 2018,Maruti,Swift ZXI AMT AUTOMATIC,Bengaluru,https://www.cars24.com/buy-used-maruti-swift-2018-cars-bengaluru-10249293759/,"6,77,599"
119,Non-Accidental,1st Owner,"77,606",Diesel,29 Jun 2022,MANUAL,KA-40-x-xxxx,3rd Party,Jul 2023,April 2018,Maruti,Swift VDI MANUAL,Bengaluru,https://www.cars24.com/buy-used-maruti-swift-2018-cars-bengaluru-10222991798/,"6,77,599"
120,Non-Accidental,2nd Owner,"46,194",Petrol,05 Jul 2022,MANUAL,KA-01-x-xxxx,3rd Party,Jan 2023,January 2016,Hyundai,Verna FLUIDIC 1.4 VTVT MANUAL,Bengaluru,https://www.cars24.com/buy-used-hyundai-verna-2016-cars-bengaluru-10209792718/,"6,77,399"
121,Non-Accidental,1st Owner,"41,287",Petrol,14 Apr 2022,MANUAL,KA-03-x-xxxx,Zero Depreciation,Oct 2022,May 2018,Maruti,Dzire VXI MANUAL,Bengaluru,https://www.cars24.com/buy-used-maruti-dzire-2018-cars-bengaluru-1024980960/,"6,77,099"
122,Non-Accidental,2nd Owner,"22,914",Petrol,28 Jun 2022,MANUAL,KA-03-x-xxxx,3rd Party,Jul 2023,January 2016,Honda,Jazz 1.2 V MT MANUAL,Bengaluru,https://www.cars24.com/buy-used-honda-jazz-2016-cars-bengaluru-1025852769/,"6,76,999"
123,Non-Accidental,1st Owner,"35,387",Petrol,26 Jun 2022,MANUAL,KA-05-x-xxxx,3rd Party,Jul 2023,March 2016,Hyundai,Elite i20 ASTA 1.2 MANUAL,Bengaluru,https://www.cars24.com/buy-used-hyundai-elite-i20-2016-cars-bengaluru-1020175865/,"6,76,499"
124,Non-Accidental,1st Owner,"55,586",Petrol,01 Jul 2022,AUTOMATIC,KA-03-x-xxxx,3rd Party,Jul 2023,July 2017,Maruti,Baleno ZETA 1.2 K12 AMT AUTOMATIC,Bengaluru,https://www.cars24.com/buy-used-maruti-baleno-2017-cars-bengaluru-10287199754/,"6,74,999"
125,Non-Accidental,2nd Owner,"62,360",Petrol,25 Mar 2022,AUTOMATIC,KA-01-x-xxxx,Comprehensive,Dec 2022,February 2017,Maruti,Baleno ZETA 1.2 K12 AMT AUTOMATIC,Bengaluru,https://www.cars24.com/buy-used-maruti-baleno-2017-cars-bengaluru-1029565669/,"6,74,999"
126,Non-Accidental,2nd Owner,"26,721",Petrol,28 Jun 2022,MANUAL,KA-55-x-xxxx,3rd Party,Jul 2023,May 2018,Ford,FREESTYLE TITANIUM 1.2 TI-VCT MT MANUAL,Bengaluru,https://www.cars24.com/buy-used-ford-freestyle-2018-cars-bengaluru-1025496867/,"6,68,299"
127,Non-Accidental,1st Owner,"51,929",Petrol,04 Jul 2022,MANUAL,KA-53-x-xxxx,Comprehensive,Dec 2022,October 2016,Hyundai,i20 Active 1.2 SX MANUAL,Bengaluru,https://www.cars24.com/buy-used-hyundai-i20-active-2016-cars-bengaluru-1027450869/,"6,67,199"
128,Non-Accidental,1st Owner,"43,004",Petrol,29 Jun 2022,AUTOMATIC,KA-53-x-xxxx,3rd Party,Jul 2023,September 2017,Maruti,Baleno DELTA 1.2 K12 AMT AUTOMATIC,Bengaluru,https://www.cars24.com/buy-used-maruti-baleno-2017-cars-bengaluru-1027664061/,"6,64,699"
129,Non-Accidental,1st Owner,"37,672",Petrol,05 Jul 2022,MANUAL,KA-02-x-xxxx,3rd Party,Jul 2023,July 2017,Maruti,Swift VXI OPT MANUAL,Bengaluru,https://www.cars24.com/buy-used-maruti-swift-2017-cars-bengaluru-10219890712/,"6,60,899"
130,Non-Accidental,1st Owner,"32,714",Petrol,28 Jun 2022,MANUAL,KA-03-x-xxxx,3rd Party,Jul 2023,January 2015,Honda,City SV MT PETROL MANUAL,Bengaluru,https://www.cars24.com/buy-used-honda-city-2015-cars-bengaluru-1020800461/,"6,54,599"
131,Non-Accidental,1st Owner,"48,329",Petrol,25 Jun 2022,MANUAL,KA-01-x-xxxx,Comprehensive,Oct 2022,September 2016,Honda,Jazz 1.2 V MT MANUAL,Bengaluru,https://www.cars24.com/buy-used-honda-jazz-2016-cars-bengaluru-1029234360/,"6,54,299"
132,Non-Accidental,1st Owner,"62,316",Petrol,05 Jul 2022,MANUAL,KA-26-x-xxxx,3rd Party,Jul 2023,August 2016,Honda,Jazz 1.2 V MT MANUAL,Bengaluru,https://www.cars24.com/buy-used-honda-jazz-2016-cars-bengaluru-1025228068/,"6,50,799"
133,Non-Accidental,1st Owner,"29,851",Petrol,27 Jun 2022,MANUAL,KA-19-x-xxxx,3rd Party,Jul 2023,July 2018,Ford,FREESTYLE TITANIUM 1.2 TI-VCT MT MANUAL,Bengaluru,https://www.cars24.com/buy-used-ford-freestyle-2018-cars-bengaluru-1025740405/,"6,50,299"
134,Non-Accidental,1st Owner,"58,292",Petrol,05 Jul 2022,MANUAL,KA-51-x-xxxx,3rd Party,Jul 2023,March 2015,Hyundai,Elite i20 ASTA 1.2 MANUAL,Bengaluru,https://www.cars24.com/buy-used-hyundai-elite-i20-2015-cars-bengaluru-1028040060/,"6,49,799"
135,Non-Accidental,1st Owner,"19,613",Petrol,06 Jul 2022,MANUAL,KA-05-x-xxxx,3rd Party,Dec 2022,June 2016,Honda,Jazz 1.2 S MT MANUAL,Bengaluru,https://www.cars24.com/buy-used-honda-jazz-2016-cars-bengaluru-1027762267/,"6,49,399"
136,Non-Accidental,1st Owner,"37,791",Petrol,31 Mar 2022,MANUAL,KA-02-x-xxxx,3rd Party,Jul 2023,July 2018,Ford,FREESTYLE TITANIUM 1.2 TI-VCT MT MANUAL,Bengaluru,https://www.cars24.com/buy-used-ford-freestyle-2018-cars-bengaluru-1029702860/,"6,46,099"
137,Non-Accidental,1st Owner,"74,866",Diesel,26 Jun 2022,MANUAL,KA-04-x-xxxx,3rd Party,Jul 2023,December 2015,Nissan,Terrano XL PLUS 85 PS DEISEL MANUAL,Bengaluru,https://www.cars24.com/buy-used-nissan-terrano-2015-cars-bengaluru-10242595793/,"6,44,299"
138,Non-Accidental,2nd Owner,"59,043",Petrol,26 Jun 2022,MANUAL,KA-51-x-xxxx,Comprehensive,Nov 2022,November 2016,Maruti,Baleno ZETA 1.2 K12 MANUAL,Bengaluru,https://www.cars24.com/buy-used-maruti-baleno-2016-cars-bengaluru-1020805963/,"6,35,599"
139,Non-Accidental,1st Owner,"11,652",Petrol,03 Jul 2022,MANUAL,KA-04-x-xxxx,3rd Party,Jul 2023,August 2020,Renault,TRIBER 1.0 RXL PETROL MANUAL,Bengaluru,https://www.cars24.com/buy-used-renault-triber-2020-cars-bengaluru-10206197750/,"6,34,599"
140,Non-Accidental,1st Owner,"71,941",Petrol,06 Jul 2022,MANUAL,KA-03-x-xxxx,Comprehensive,Dec 2022,September 2016,Honda,City SV MT PETROL MANUAL,Bengaluru,https://www.cars24.com/buy-used-honda-city-2016-cars-bengaluru-1020220469/,"6,33,899"
141,Non-Accidental,1st Owner,"30,992",Petrol,03 Jul 2022,MANUAL,KA-04-x-xxxx,3rd Party,Feb 2023,September 2017,Maruti,Swift VXI OPT MANUAL,Bengaluru,https://www.cars24.com/buy-used-maruti-swift-2017-cars-bengaluru-10255696757/,"6,32,199"
142,Non-Accidental,1st Owner,"20,352",Petrol,18 Apr 2022,AUTOMATIC,KA-05-x-xxxx,Zero Depreciation,Oct 2022,February 2021,Hyundai,NEW SANTRO 1.1 SPORTS AMT AUTOMATIC,Bengaluru,https://www.cars24.com/buy-used-hyundai-new-santro-2021-cars-bengaluru-1024430064/,"6,30,999"
143,Non-Accidental,1st Owner,"73,638",Diesel,21 Apr 2022,MANUAL,KA-24-x-xxxx,Comprehensive,Feb 2023,May 2016,Toyota,Etios Liva D 4D VD MANUAL,Bengaluru,https://www.cars24.com/buy-used-toyota-etios-liva-2016-cars-bengaluru-1024586364/,"6,26,399"
144,Non-Accidental,1st Owner,"42,788",Petrol,27 Jun 2022,MANUAL,KA-05-x-xxxx,3rd Party,Jul 2023,September 2016,Maruti,Baleno DELTA 1.2 K12 MANUAL,Bengaluru,https://www.cars24.com/buy-used-maruti-baleno-2016-cars-bengaluru-10271599759/,"6,25,599"
145,Non-Accidental,1st Owner,"58,172",Petrol,24 May 2022,MANUAL,KA-04-x-xxxx,Comprehensive,May 2023,April 2016,Maruti,Baleno DELTA 1.2 K12 MANUAL,Bengaluru,https://www.cars24.com/buy-used-maruti-baleno-2016-cars-bengaluru-10278496778/,"6,25,599"
146,Non-Accidental,2nd Owner,"45,278",Petrol,25 May 2022,MANUAL,KA-05-x-xxxx,3rd Party,Jul 2023,January 2016,Maruti,Baleno DELTA 1.2 K12 MANUAL,Bengaluru,https://www.cars24.com/buy-used-maruti-baleno-2016-cars-bengaluru-10245590773/,"6,25,599"
147,Non-Accidental,2nd Owner,"48,138",Petrol,28 Jun 2022,AUTOMATIC,KA-03-x-xxxx,3rd Party,Jul 2023,January 2016,Honda,Jazz 1.2 S AT AUTOMATIC,Bengaluru,https://www.cars24.com/buy-used-honda-jazz-2016-cars-bengaluru-1027223064/,"6,23,599"
148,Non-Accidental,2nd Owner,"39,231",Petrol,25 Jun 2022,MANUAL,KA-03-x-xxxx,3rd Party,Jul 2023,January 2017,Hyundai,i20 Active 1.2 S MANUAL,Bengaluru,https://www.cars24.com/buy-used-hyundai-i20-active-2017-cars-bengaluru-1027007468/,"6,23,499"
149,Non-Accidental,1st Owner,"20,246",Petrol,26 Jun 2022,MANUAL,KA-41-x-xxxx,3rd Party,Jul 2023,February 2019,Hyundai,Grand i10 SPORTZ 1.2 KAPPA VTVT MANUAL,Bengaluru,https://www.cars24.com/buy-used-hyundai-grand-i10-2019-cars-bengaluru-1023566686/,"6,20,399"
150,Non-Accidental,1st Owner,"57,997",Petrol,24 Jan 2022,MANUAL,KA-03-x-xxxx,3rd Party,Jul 2023,March 2014,Honda,City S MT PETROL MANUAL,Bengaluru,https://www.cars24.com/buy-used-honda-city-2014-cars-bengaluru-1020095564/,"6,19,499"
151,Non-Accidental,1st Owner,"27,229",Petrol,05 Jul 2022,MANUAL,KA-04-x-xxxx,3rd Party,Sept 2023,January 2020,Hyundai,Grand i10 SPORTZ 1.2 KAPPA VTVT MANUAL,Bengaluru,https://www.cars24.com/buy-used-hyundai-grand-i10-2020-cars-bengaluru-1028773961/,"6,17,099"
152,Non-Accidental,1st Owner,"9,755",Petrol,23 Jun 2022,MANUAL,KA-51-x-xxxx,3rd Party,Jul 2023,June 2016,Maruti,Swift VXI OPT MANUAL,Bengaluru,https://www.cars24.com/buy-used-maruti-swift-2016-cars-bengaluru-1020550963/,"6,14,799"
153,Non-Accidental,1st Owner,"70,850",Petrol,02 Jun 2022,MANUAL,KA-02-x-xxxx,Comprehensive,Feb 2023,February 2015,Hyundai,Elite i20 ASTA 1.2 MANUAL,Bengaluru,https://www.cars24.com/buy-used-hyundai-elite-i20-2015-cars-bengaluru-10284794772/,"6,12,399"
154,Non-Accidental,2nd Owner,"60,878",Petrol,25 Jun 2022,MANUAL,KA-04-x-xxxx,3rd Party,Nov 2022,June 2015,Hyundai,Elite i20 ASTA 1.2 MANUAL,Bengaluru,https://www.cars24.com/buy-used-hyundai-elite-i20-2015-cars-bengaluru-10221490797/,"6,12,199"
155,Non-Accidental,2nd Owner,"42,231",Petrol,28 Jun 2022,MANUAL,KA-53-x-xxxx,Comprehensive,Dec 2022,July 2015,Hyundai,Elite i20 ASTA 1.2 MANUAL,Bengaluru,https://www.cars24.com/buy-used-hyundai-elite-i20-2015-cars-bengaluru-10251596773/,"6,11,199"
156,Non-Accidental,1st Owner,"45,347",Petrol,30 Jun 2022,MANUAL,KA-02-x-xxxx,Comprehensive,Feb 2023,May 2017,Maruti,Swift VXI OPT MANUAL,Bengaluru,https://www.cars24.com/buy-used-maruti-swift-2017-cars-bengaluru-10240492773/,"6,06,799"
157,Non-Accidental,2nd Owner,"85,711",Petrol,05 Jul 2022,MANUAL,KA-03-x-xxxx,Comprehensive,Feb 2023,December 2017,Maruti,Baleno DELTA 1.2 K12 MANUAL,Bengaluru,https://www.cars24.com/buy-used-maruti-baleno-2017-cars-bengaluru-10240091794/,"6,03,899"
158,Non-Accidental,2nd Owner,"49,527",Petrol,23 Feb 2022,MANUAL,KA-01-x-xxxx,3rd Party,Jul 2023,July 2016,Hyundai,Elite i20 SPORTZ 1.2 MANUAL,Bengaluru,https://www.cars24.com/buy-used-hyundai-elite-i20-2016-cars-bengaluru-1022368464/,"5,99,799"
159,Non-Accidental,2nd Owner,"23,457",Petrol,25 Jun 2022,MANUAL,KA-01-x-xxxx,Comprehensive,Dec 2022,February 2016,Hyundai,Elite i20 SPORTZ 1.2 MANUAL,Bengaluru,https://www.cars24.com/buy-used-hyundai-elite-i20-2016-cars-bengaluru-1028462966/,"5,99,799"
160,Non-Accidental,2nd Owner,"43,379",Petrol,05 Jul 2022,MANUAL,KA-04-x-xxxx,3rd Party,Jul 2023,January 2019,Hyundai,Grand i10 SPORTZ DUAL TONE 1.2 VTVT MANUAL,Bengaluru,https://www.cars24.com/buy-used-hyundai-grand-i10-2019-cars-bengaluru-1027876364/,"5,94,999"
161,Non-Accidental,1st Owner,"97,516",Petrol,26 Jun 2022,MANUAL,KA-41-x-xxxx,3rd Party,Jul 2023,February 2016,Hyundai,Elite i20 SPORTZ 1.2 MANUAL,Bengaluru,https://www.cars24.com/buy-used-hyundai-elite-i20-2016-cars-bengaluru-1025144365/,"5,91,399"
162,Non-Accidental,1st Owner,"22,384",Petrol,13 May 2022,MANUAL,KA-03-x-xxxx,3rd Party,Jul 2023,April 2018,Maruti,IGNIS ZETA 1.2 K12 MANUAL,Bengaluru,https://www.cars24.com/buy-used-maruti-ignis-2018-cars-bengaluru-10287199792/,"5,90,868"
163,Non-Accidental,1st Owner,"23,360",Petrol,26 Jun 2022,MANUAL,KA-01-x-xxxx,Zero Depreciation,Jan 2023,January 2019,Maruti,IGNIS ZETA 1.2 K12 MANUAL,Bengaluru,https://www.cars24.com/buy-used-maruti-ignis-2019-cars-bengaluru-1025406664/,"5,90,499"
164,Non-Accidental,2nd Owner,"18,681",Petrol,28 Mar 2022,MANUAL,KA-04-x-xxxx,3rd Party,Jul 2023,February 2019,Hyundai,Grand i10 SPORTZ 1.2 KAPPA VTVT MANUAL,Bengaluru,https://www.cars24.com/buy-used-hyundai-grand-i10-2019-cars-bengaluru-1021252960/,"5,87,899"
165,Non-Accidental,2nd Owner,"20,745",Petrol,05 Jul 2022,MANUAL,KA-05-x-xxxx,3rd Party,Jul 2023,February 2019,Maruti,New Wagon-R VXI 1.2L MANUAL,Bengaluru,https://www.cars24.com/buy-used-maruti-new--wagon-r-2019-cars-bengaluru-1029746768/,"5,82,399"
166,Non-Accidental,1st Owner,"40,948",Petrol,30 Jun 2022,MANUAL,KA-04-x-xxxx,Zero Depreciation,Feb 2023,February 2017,Maruti,Swift VXI MANUAL,Bengaluru,https://www.cars24.com/buy-used-maruti-swift-2017-cars-bengaluru-1028476362/,"5,81,899"
167,Non-Accidental,2nd Owner,"42,516",Petrol,05 Feb 2022,MANUAL,KA-50-x-xxxx,3rd Party,Jul 2023,June 2016,Maruti,Swift Dzire VXI MANUAL,Bengaluru,https://www.cars24.com/buy-used-maruti-swift-dzire-2016-cars-bengaluru-1022108363/,"5,81,599"
168,Non-Accidental,3rd Owner,"14,858",Petrol,30 Jun 2022,MANUAL,KA-03-x-xxxx,Zero Depreciation,Oct 2022,March 2019,Hyundai,Grand i10 ASTA 1.2 VTVT MANUAL,Bengaluru,https://www.cars24.com/buy-used-hyundai-grand-i10-2019-cars-bengaluru-1025783766/,"5,79,799"
169,Non-Accidental,1st Owner,"31,258",Petrol,27 Jun 2022,MANUAL,KA-05-x-xxxx,3rd Party,Jul 2023,April 2014,Maruti,Swift ZXI MANUAL,Bengaluru,https://www.cars24.com/buy-used-maruti-swift-2014-cars-bengaluru-1024844362/,"5,78,499"
170,Non-Accidental,2nd Owner,"45,476",Petrol,04 Jul 2022,MANUAL,KA-09-x-xxxx,3rd Party,Jul 2023,May 2016,Honda,Jazz 1.2 S MT MANUAL,Bengaluru,https://www.cars24.com/buy-used-honda-jazz-2016-cars-bengaluru-1028315868/,"5,76,599"
171,Non-Accidental,1st Owner,"36,398",Petrol,26 Jun 2022,MANUAL,KA-20-x-xxxx,Comprehensive,Jan 2023,January 2019,Hyundai,NEW SANTRO ASTA 1.1 MT MANUAL,Bengaluru,https://www.cars24.com/buy-used-hyundai-new-santro-2019-cars-bengaluru-1024016368/,"5,75,599"
172,Non-Accidental,2nd Owner,"44,796",Petrol,06 Jul 2022,MANUAL,KA-05-x-xxxx,Comprehensive,Dec 2022,October 2017,Hyundai,Xcent SX 1.2 MANUAL,Bengaluru,https://www.cars24.com/buy-used-hyundai-xcent-2017-cars-bengaluru-1024072268/,"5,71,699"
173,Non-Accidental,1st Owner,"42,120",Petrol,02 Jul 2022,AUTOMATIC,KA-03-x-xxxx,3rd Party,Jul 2023,January 2016,Hyundai,Grand i10 ASTA 1.2 AT VTVT AUTOMATIC,Bengaluru,https://www.cars24.com/buy-used-hyundai-grand-i10-2016-cars-bengaluru-10214791773/,"5,66,699"
174,Non-Accidental,1st Owner,"17,990",Petrol,02 Jul 2022,AUTOMATIC,KA-03-x-xxxx,Comprehensive,Oct 2022,October 2018,Hyundai,NEW SANTRO 1.1 SPORTS AMT AUTOMATIC,Bengaluru,https://www.cars24.com/buy-used-hyundai-new-santro-2018-cars-bengaluru-10213893750/,"5,65,899"
175,Non-Accidental,2nd Owner,"27,780",Petrol,12 Feb 2022,MANUAL,KA-04-x-xxxx,3rd Party,Jul 2023,April 2018,Tata,Tiago XZ 1.2 REVOTRON MANUAL,Bengaluru,https://www.cars24.com/buy-used-tata-tiago-2018-cars-bengaluru-1028148866/,"5,62,999"
176,Non-Accidental,1st Owner,"47,720",Petrol,01 Jul 2022,AUTOMATIC,KA-51-x-xxxx,3rd Party,Jul 2023,July 2018,Nissan,Micra XV CVT AUTOMATIC,Bengaluru,https://www.cars24.com/buy-used-nissan-micra-2018-cars-bengaluru-1022989166/,"5,60,199"
177,Non-Accidental,1st Owner,"8,331",Petrol,30 Jun 2022,MANUAL,KA-01-x-xxxx,3rd Party,Jul 2023,November 2018,Hyundai,NEW SANTRO ASTA 1.1 MT MANUAL,Bengaluru,https://www.cars24.com/buy-used-hyundai-new-santro-2018-cars-bengaluru-1028066909/,"5,59,899"
178,Non-Accidental,3rd Owner,"31,225",Petrol,23 Mar 2022,MANUAL,KA-51-x-xxxx,3rd Party,Jul 2023,February 2017,Hyundai,Grand i10 ASTA 1.2 VTVT MANUAL,Bengaluru,https://www.cars24.com/buy-used-hyundai-grand-i10-2017-cars-bengaluru-1026764868/,"5,58,099"
179,Non-Accidental,2nd Owner,"16,143",Petrol,30 Jun 2022,MANUAL,KA-02-x-xxxx,Comprehensive,Jan 2023,May 2019,Maruti,Swift LXI MANUAL,Bengaluru,https://www.cars24.com/buy-used-maruti-swift-2019-cars-bengaluru-10218291755/,"5,56,099"
180,Non-Accidental,2nd Owner,"75,937",Petrol,17 Mar 2022,MANUAL,KA-41-x-xxxx,3rd Party,Jul 2023,February 2016,Honda,Jazz 1.2 S MT MANUAL,Bengaluru,https://www.cars24.com/buy-used-honda-jazz-2016-cars-bengaluru-1024435669/,"5,54,799"
181,Non-Accidental,1st Owner,"8,614",Petrol,08 Jun 2022,MANUAL,KA-53-x-xxxx,Comprehensive,Feb 2023,November 2017,Hyundai,Grand i10 SPORTZ 1.2 KAPPA VTVT MANUAL,Bengaluru,https://www.cars24.com/buy-used-hyundai-grand-i10-2017-cars-bengaluru-10270791713/,"5,52,499"
182,Non-Accidental,1st Owner,"27,858",Petrol,25 Jun 2022,MANUAL,KA-53-x-xxxx,3rd Party,Jul 2023,January 2017,Hyundai,Grand i10 ASTA 1.2 VTVT MANUAL,Bengaluru,https://www.cars24.com/buy-used-hyundai-grand-i10-2017-cars-bengaluru-1026397168/,"5,52,099"
183,Non-Accidental,1st Owner,"68,473",Petrol,06 Apr 2022,MANUAL,KA-05-x-xxxx,Comprehensive,Feb 2023,February 2012,Honda,City V MT PETROL MANUAL,Bengaluru,https://www.cars24.com/buy-used-honda-city-2012-cars-bengaluru-1024190562/,"5,49,999"
184,Non-Accidental,1st Owner,"47,230",Petrol,06 Jul 2022,MANUAL,KA-04-x-xxxx,Comprehensive,Nov 2022,October 2012,Honda,City S MT PETROL MANUAL,Bengaluru,https://www.cars24.com/buy-used-honda-city-2012-cars-bengaluru-1027562364/,"5,49,399"
185,Non-Accidental,1st Owner,"29,472",Petrol,30 Jun 2022,AUTOMATIC,KA-03-x-xxxx,3rd Party,Jul 2023,July 2016,Maruti,Celerio VXI (O) AMT AUTOMATIC,Bengaluru,https://www.cars24.com/buy-used-maruti-celerio-2016-cars-bengaluru-10239492754/,"5,47,099"
186,Non-Accidental,1st Owner,"29,895",Petrol,27 Jun 2022,AUTOMATIC,KA-53-x-xxxx,Comprehensive,Apr 2023,March 2016,Maruti,Celerio VXI (O) AMT AUTOMATIC,Bengaluru,https://www.cars24.com/buy-used-maruti-celerio-2016-cars-bengaluru-10207192752/,"5,47,099"
187,Non-Accidental,1st Owner,"61,256",Petrol,07 Jun 2022,MANUAL,KA-19-x-xxxx,3rd Party,Jul 2023,June 2018,Tata,Tiago XZ 1.2 REVOTRON MANUAL,Bengaluru,https://www.cars24.com/buy-used-tata-tiago-2018-cars-bengaluru-10227898715/,"5,46,999"
188,Non-Accidental,1st Owner,"44,146",Petrol,05 Jul 2022,MANUAL,KA-64-x-xxxx,3rd Party,Jul 2023,January 2019,Maruti,New Wagon-R VXI 1.0 MANUAL,Bengaluru,https://www.cars24.com/buy-used-maruti-new--wagon-r-2019-cars-bengaluru-1025663763/,"5,46,814"
189,Non-Accidental,1st Owner,"86,760",Petrol,25 Jun 2022,MANUAL,KA-25-x-xxxx,Comprehensive,Apr 2023,March 2016,Hyundai,Grand i10 ASTA 1.2 (O) VTVT MANUAL,Bengaluru,https://www.cars24.com/buy-used-hyundai-grand-i10-2016-cars-bengaluru-10271597778/,"5,44,499"
190,Non-Accidental,1st Owner,"72,744",Petrol,30 Jun 2022,MANUAL,KA-53-x-xxxx,3rd Party,Jul 2023,June 2016,Hyundai,Grand i10 ASTA 1.2 (O) VTVT MANUAL,Bengaluru,https://www.cars24.com/buy-used-hyundai-grand-i10-2016-cars-bengaluru-1023700460/,"5,44,499"
191,Non-Accidental,1st Owner,"1,02,825",Petrol,30 Jun 2022,MANUAL,KA-01-x-xxxx,3rd Party,Jul 2023,September 2017,Maruti,IGNIS ALPHA 1.2 K12 DUAL TONE MANUAL,Bengaluru,https://www.cars24.com/buy-used-maruti-ignis-2017-cars-bengaluru-1029423646/,"5,44,399"
192,Non-Accidental,1st Owner,"60,599",Petrol,03 Jul 2022,MANUAL,KA-05-x-xxxx,Comprehensive,Jan 2023,April 2013,Honda,City V MT PETROL MANUAL,Bengaluru,https://www.cars24.com/buy-used-honda-city-2013-cars-bengaluru-1020026163/,"5,41,399"
193,Non-Accidental,1st Owner,"33,862",Petrol,02 Jul 2022,MANUAL,KA-03-x-xxxx,3rd Party,Jul 2023,October 2015,Honda,Jazz 1.2 E MT MANUAL,Bengaluru,https://www.cars24.com/buy-used-honda-jazz-2015-cars-bengaluru-10239093790/,"5,40,099"
194,Non-Accidental,1st Owner,"72,698",Petrol,03 Jul 2022,MANUAL,KA-05-x-xxxx,3rd Party,Jul 2023,August 2012,Honda,City V MT PETROL MANUAL,Bengaluru,https://www.cars24.com/buy-used-honda-city-2012-cars-bengaluru-10201595750/,"5,38,399"
195,Non-Accidental,2nd Owner,"55,458",Petrol,28 Jun 2022,MANUAL,KA-20-x-xxxx,Zero Depreciation,Oct 2022,October 2018,Hyundai,NEW SANTRO ASTA 1.1 MT MANUAL,Bengaluru,https://www.cars24.com/buy-used-hyundai-new-santro-2018-cars-bengaluru-1022412369/,"5,35,699"
196,Non-Accidental,2nd Owner,"21,646",Petrol,30 Jun 2022,MANUAL,KA-03-x-xxxx,3rd Party,Jul 2023,February 2019,Maruti,Celerio ZXI OPT MANUAL,Bengaluru,https://www.cars24.com/buy-used-maruti-celerio-2019-cars-bengaluru-1025310506/,"5,34,199"
197,Non-Accidental,1st Owner,"30,940",Petrol,01 Jul 2022,MANUAL,KA-51-x-xxxx,Comprehensive,May 2023,May 2016,Hyundai,Grand i10 SPORTZ 1.2 KAPPA VTVT MANUAL,Bengaluru,https://www.cars24.com/buy-used-hyundai-grand-i10-2016-cars-bengaluru-10248299753/,"5,29,299"
198,Non-Accidental,1st Owner,"75,483",Diesel,26 Jun 2022,MANUAL,KA-01-x-xxxx,3rd Party,Jul 2023,September 2017,Hyundai,Grand i10 ASTA 1.1 (O) CRDI MANUAL,Bengaluru,https://www.cars24.com/buy-used-hyundai-grand-i10-2017-cars-bengaluru-1020146564/,"5,27,899"
199,Non-Accidental,3rd Owner,"47,240",Diesel,20 Apr 2022,MANUAL,KA-03-x-xxxx,3rd Party,Jul 2023,March 2014,Hyundai,i20 SPORTZ 1.4 CRDI MANUAL,Bengaluru,https://www.cars24.com/buy-used-hyundai-i20-2014-cars-bengaluru-1025510766/,"5,26,599"
200,Non-Accidental,1st Owner,"11,005",Petrol,28 Jun 2022,MANUAL,KA-51-x-xxxx,3rd Party,Jul 2023,March 2019,Hyundai,NEW SANTRO 1.1 MAGNA MT MANUAL,Bengaluru,https://www.cars24.com/buy-used-hyundai-new-santro-2019-cars-bengaluru-1025591463/,"5,26,199"
201,Non-Accidental,1st Owner,"42,422",Petrol,30 Jun 2022,MANUAL,KA-41-x-xxxx,3rd Party,Jul 2023,August 2018,Maruti,Celerio ZXI MANUAL,Bengaluru,https://www.cars24.com/buy-used-maruti-celerio-2018-cars-bengaluru-10285998795/,"5,25,499"
202,Non-Accidental,2nd Owner,"45,891",Petrol,01 Jul 2022,MANUAL,KA-04-x-xxxx,3rd Party,Jul 2023,March 2015,Hyundai,Elite i20 MAGNA 1.2 MANUAL,Bengaluru,https://www.cars24.com/buy-used-hyundai-elite-i20-2015-cars-bengaluru-1021332366/,"5,23,799"
203,Non-Accidental,1st Owner,"58,724",Petrol,30 Jun 2022,MANUAL,KA-02-x-xxxx,3rd Party,Jul 2023,May 2017,Tata,Tiago XZ 1.2 REVOTRON MANUAL,Bengaluru,https://www.cars24.com/buy-used-tata-tiago-2017-cars-bengaluru-1025604160/,"5,22,699"
204,Non-Accidental,1st Owner,"29,328",Petrol,20 Apr 2022,MANUAL,KA-04-x-xxxx,3rd Party,Jul 2023,July 2016,Hyundai,Grand i10 SPORTZ 1.2 KAPPA VTVT MANUAL,Bengaluru,https://www.cars24.com/buy-used-hyundai-grand-i10-2016-cars-bengaluru-1025764060/,"5,20,099"
205,Non-Accidental,2nd Owner,"43,200",Petrol,30 Jun 2022,MANUAL,KA-20-x-xxxx,Comprehensive,Jan 2023,December 2017,Hyundai,Grand i10 SPORTZ 1.2 KAPPA VTVT MANUAL,Bengaluru,https://www.cars24.com/buy-used-hyundai-grand-i10-2017-cars-bengaluru-10249693752/,"5,09,399"
206,Non-Accidental,1st Owner,"68,727",Petrol,01 Jul 2022,MANUAL,KA-42-x-xxxx,3rd Party,Jul 2023,February 2019,Hyundai,NEW SANTRO 1.1 MAGNA MT MANUAL,Bengaluru,https://www.cars24.com/buy-used-hyundai-new-santro-2019-cars-bengaluru-1025380267/,"5,08,199"
207,Non-Accidental,1st Owner,"37,487",Petrol,03 Jul 2022,MANUAL,KA-04-x-xxxx,Comprehensive,Nov 2022,August 2014,Hyundai,Grand i10 ASTA 1.2 KAPPA VTVT MANUAL,Bengaluru,https://www.cars24.com/buy-used-hyundai-grand-i10-2014-cars-bengaluru-1029356064/,"5,07,465"
208,Non-Accidental,1st Owner,"41,429",Petrol,30 Jun 2022,MANUAL,KA-47-x-xxxx,Comprehensive,Jan 2023,December 2017,Hyundai,Grand i10 SPORTZ 1.2 KAPPA VTVT MANUAL,Bengaluru,https://www.cars24.com/buy-used-hyundai-grand-i10-2017-cars-bengaluru-10207191759/,"5,07,299"
209,Non-Accidental,1st Owner,"22,707",Petrol,03 Jul 2022,MANUAL,KA-03-x-xxxx,Comprehensive,Oct 2022,January 2016,Volkswagen,Ameo TRENDLINE 1.2 MANUAL,Bengaluru,https://www.cars24.com/buy-used-volkswagen-ameo-2016-cars-bengaluru-10217599759/,"5,05,999"
210,Non-Accidental,1st Owner,"39,493",Petrol,06 Jul 2022,MANUAL,KA-51-x-xxxx,Comprehensive,Dec 2022,September 2016,Hyundai,Grand i10 SPORTZ 1.2 KAPPA VTVT MANUAL,Bengaluru,https://www.cars24.com/buy-used-hyundai-grand-i10-2016-cars-bengaluru-1022056361/,"5,05,999"
211,Non-Accidental,1st Owner,"14,592",Petrol,03 Jul 2022,MANUAL,KA-51-x-xxxx,Comprehensive,Oct 2022,August 2020,Maruti,S PRESSO VXI PLUS MANUAL,Bengaluru,https://www.cars24.com/buy-used-maruti-s-presso-2020-cars-bengaluru-10297997758/,"5,05,799"
212,Non-Accidental,1st Owner,"55,231",Petrol,01 Jul 2022,MANUAL,KA-03-x-xxxx,3rd Party,Jul 2023,April 2015,Hyundai,Grand i10 ASTA 1.2 (O) VTVT MANUAL,Bengaluru,https://www.cars24.com/buy-used-hyundai-grand-i10-2015-cars-bengaluru-1021506464/,"5,04,399"
213,Non-Accidental,1st Owner,"41,567",Petrol,28 Jun 2022,MANUAL,KA-19-x-xxxx,Comprehensive,Oct 2022,September 2016,Hyundai,Grand i10 SPORTZ 1.2 KAPPA VTVT MANUAL,Bengaluru,https://www.cars24.com/buy-used-hyundai-grand-i10-2016-cars-bengaluru-1024036461/,"5,00,199"
214,Non-Accidental,2nd Owner,"37,149",Petrol,04 Apr 2022,MANUAL,KA-05-x-xxxx,3rd Party,Jul 2023,March 2015,Hyundai,Grand i10 SPORTZ 1.2 KAPPA VTVT MANUAL,Bengaluru,https://www.cars24.com/buy-used-hyundai-grand-i10-2015-cars-bengaluru-1078780368/,"4,99,399"
215,Non-Accidental,2nd Owner,"61,156",Petrol,11 Apr 2022,MANUAL,KA-27-x-xxxx,3rd Party,Jul 2023,May 2018,Maruti,Celerio ZXI MANUAL,Bengaluru,https://www.cars24.com/buy-used-maruti-celerio-2018-cars-bengaluru-1026280362/,"4,97,699"
216,Non-Accidental,1st Owner,"40,710",Petrol,04 Apr 2022,MANUAL,KA-05-x-xxxx,3rd Party,Jul 2023,March 2015,Hyundai,Grand i10 SPORTZ 1.2 KAPPA VTVT MANUAL,Bengaluru,https://www.cars24.com/buy-used-hyundai-grand-i10-2015-cars-bengaluru-1021394960/,"4,97,299"
217,Non-Accidental,1st Owner,"43,388",Petrol,06 Jul 2022,MANUAL,KA-41-x-xxxx,3rd Party,Jul 2023,November 2017,Tata,Tiago XM 1.2 REVOTRON MANUAL,Bengaluru,https://www.cars24.com/buy-used-tata-tiago-2017-cars-bengaluru-1029773962/,"4,97,298"
218,Non-Accidental,3rd Owner,"14,116",Petrol,16 May 2022,AUTOMATIC,KA-51-x-xxxx,3rd Party,Jul 2023,April 2018,Maruti,Wagon R 1.0 VXI AMT AUTOMATIC,Bengaluru,https://www.cars24.com/buy-used-maruti-wagon-r-1.0-2018-cars-bengaluru-10255692778/,"4,96,899"
219,Non-Accidental,1st Owner,"30,889",Petrol,05 Jul 2022,MANUAL,KA-03-x-xxxx,3rd Party,Jul 2023,February 2018,Maruti,Wagon R 1.0 VXI MANUAL,Bengaluru,https://www.cars24.com/buy-used-maruti-wagon-r-1.0-2018-cars-bengaluru-2490756361/,"4,96,699"
220,Non-Accidental,2nd Owner,"59,647",Petrol,18 Apr 2022,MANUAL,KA-26-x-xxxx,3rd Party,Jul 2023,April 2017,Hyundai,Grand i10 Sportz(O) 1.2 MT MANUAL,Bengaluru,https://www.cars24.com/buy-used-hyundai-grand-i10-2017-cars-hubli-1402270761/,"4,94,099"
221,Non-Accidental,1st Owner,"48,843",Petrol,04 Jul 2022,MANUAL,KA-04-x-xxxx,3rd Party,Jul 2023,May 2014,Hyundai,Grand i10 SPORTZ 1.2 KAPPA VTVT MANUAL,Bengaluru,https://www.cars24.com/buy-used-hyundai-grand-i10-2014-cars-bengaluru-1029476065/,"4,93,955"
222,Non-Accidental,1st Owner,"36,475",Petrol,07 Apr 2022,MANUAL,KA-03-x-xxxx,3rd Party,Jul 2023,March 2014,Hyundai,Grand i10 SPORTZ 1.2 KAPPA VTVT MANUAL,Bengaluru,https://www.cars24.com/buy-used-hyundai-grand-i10-2014-cars-bengaluru-1029960561/,"4,93,499"
223,Non-Accidental,1st Owner,"51,781",Petrol,16 Feb 2022,MANUAL,KA-04-x-xxxx,3rd Party,Jul 2023,February 2014,Maruti,Swift VXI MANUAL,Bengaluru,https://www.cars24.com/buy-used-maruti-swift-2014-cars-bengaluru-1022079424/,"4,93,499"
224,Non-Accidental,2nd Owner,"69,295",Petrol,25 Mar 2022,MANUAL,KA-52-x-xxxx,3rd Party,Jul 2023,September 2017,Tata,Tiago XZ 1.2 REVOTRON MANUAL,Bengaluru,https://www.cars24.com/buy-used-tata-tiago-2017-cars-bengaluru-1023853864/,"4,90,899"
225,Non-Accidental,1st Owner,"22,029",Petrol,30 Jun 2022,MANUAL,KA-01-x-xxxx,Comprehensive,Feb 2023,January 2017,Tata,Tiago XM 1.2 REVOTRON MANUAL,Bengaluru,https://www.cars24.com/buy-used-tata-tiago-2017-cars-bengaluru-1025846667/,"4,89,299"
226,Non-Accidental,1st Owner,"8,304",Petrol,03 Jul 2022,MANUAL,KA-02-x-xxxx,Zero Depreciation,Oct 2022,October 2020,Maruti,S PRESSO VXI MANUAL,Bengaluru,https://www.cars24.com/buy-used-maruti-s-presso-2020-cars-bengaluru-1022642162/,"4,88,599"
227,Non-Accidental,1st Owner,"28,074",Petrol,02 Jul 2022,MANUAL,KA-53-x-xxxx,3rd Party,Jul 2023,January 2014,Hyundai,Grand i10 ASTA 1.2 KAPPA VTVT MANUAL,Bengaluru,https://www.cars24.com/buy-used-hyundai-grand-i10-2014-cars-bengaluru-1027541962/,"4,88,099"
228,Non-Accidental,1st Owner,"42,107",Petrol,18 Apr 2022,MANUAL,KA-03-x-xxxx,3rd Party,Jul 2023,January 2015,Hyundai,Xcent S 1.2 OPT MANUAL,Bengaluru,https://www.cars24.com/buy-used-hyundai-xcent-2015-cars-bengaluru-1023016963/,"4,88,099"
229,Non-Accidental,1st Owner,"37,086",Petrol,15 Apr 2022,MANUAL,KA-41-x-xxxx,Comprehensive,Dec 2022,November 2016,Tata,Tiago XZ 1.2 REVOTRON MANUAL,Bengaluru,https://www.cars24.com/buy-used-tata-tiago-2016-cars-bengaluru-1020316761/,"4,87,699"
230,Non-Accidental,1st Owner,"8,920",Petrol,26 Jun 2022,MANUAL,KA-05-x-xxxx,3rd Party,Jul 2023,June 2019,Maruti,Eeco 7 STR MANUAL,Bengaluru,https://www.cars24.com/buy-used-maruti-eeco-2019-cars-bengaluru-1020912064/,"4,85,999"
231,Non-Accidental,1st Owner,"39,815",Petrol,28 Jun 2022,MANUAL,KA-35-x-xxxx,3rd Party,Jul 2023,August 2020,Maruti,S PRESSO VXI PLUS MANUAL,Bengaluru,https://www.cars24.com/buy-used-maruti-s-presso-2020-cars-bengaluru-1027734963/,"4,85,099"
232,Non-Accidental,2nd Owner,"76,511",Petrol,03 Jul 2022,AUTOMATIC,KA-53-x-xxxx,3rd Party,Jul 2023,March 2013,Hyundai,i20 SPORTZ 1.4 AT VTVT AUTOMATIC,Bengaluru,https://www.cars24.com/buy-used-hyundai-i20-2013-cars-bengaluru-1029482405/,"4,84,899"
233,Non-Accidental,2nd Owner,"23,413",Petrol,28 Jun 2022,MANUAL,KA-05-x-xxxx,3rd Party,Jul 2023,July 2015,Hyundai,Grand i10 SPORTZ 1.2 KAPPA VTVT MANUAL,Bengaluru,https://www.cars24.com/buy-used-hyundai-grand-i10-2015-cars-bengaluru-1027751366/,"4,84,699"
234,Non-Accidental,1st Owner,"28,255",Petrol,07 Mar 2022,MANUAL,KA-01-x-xxxx,3rd Party,Jul 2023,June 2019,Maruti,Eeco 5 STR WITH AC PLUSHTR MANUAL,Bengaluru,https://www.cars24.com/buy-used-maruti-eeco-2019-cars-bengaluru-1028188207/,"4,84,499"
235,Non-Accidental,1st Owner,"24,938",Petrol,28 Jun 2022,MANUAL,KA-03-x-xxxx,3rd Party,Jul 2023,May 2016,Maruti,Celerio VXI MANUAL,Bengaluru,https://www.cars24.com/buy-used-maruti-celerio-2016-cars-bengaluru-10260097790/,"4,84,199"
236,Non-Accidental,1st Owner,"5,946",Petrol,30 Jun 2022,MANUAL,KA-53-x-xxxx,Zero Depreciation,Apr 2023,March 2016,Maruti,Celerio VXI MANUAL,Bengaluru,https://www.cars24.com/buy-used-maruti-celerio-2016-cars-bengaluru-10224391714/,"4,84,199"
237,Non-Accidental,2nd Owner,"85,488",Petrol,03 Jul 2022,MANUAL,KA-01-x-xxxx,Comprehensive,Nov 2022,October 2011,Hyundai,Verna FLUIDIC 1.6 SX VTVT MANUAL,Bengaluru,https://www.cars24.com/buy-used-hyundai-verna-2011-cars-bengaluru-10257099799/,"4,83,099"
238,Non-Accidental,2nd Owner,"37,324",Petrol,08 May 2022,AUTOMATIC,KA-05-x-xxxx,Comprehensive,Feb 2023,February 2015,Honda,Brio 1.2 VX AT I VTEC AUTOMATIC,Bengaluru,https://www.cars24.com/buy-used-honda-brio-2015-cars-bengaluru-10233096796/,"4,81,999"
239,Non-Accidental,1st Owner,"32,070",Petrol,05 Jul 2022,AUTOMATIC,KA-05-x-xxxx,3rd Party,Jul 2023,April 2017,Renault,Kwid CLIMBER 1.0 AT AUTOMATIC,Bengaluru,https://www.cars24.com/buy-used-renault-kwid-2017-cars-bengaluru-1029960865/,"4,77,999"
240,Non-Accidental,1st Owner,"53,114",Petrol,30 Jun 2022,MANUAL,KA-51-x-xxxx,3rd Party,Jul 2023,April 2014,Hyundai,Xcent S 1.2 MANUAL,Bengaluru,https://www.cars24.com/buy-used-hyundai-xcent-2014-cars-bengaluru-10213392775/,"4,76,099"
241,Non-Accidental,1st Owner,"1,660",Petrol,05 Jul 2022,MANUAL,KA-09-x-xxxx,3rd Party,Jan 2024,January 2021,Datsun,Redi Go T (O) MANUAL,Bengaluru,https://www.cars24.com/buy-used-datsun-redi-go-2021-cars-bengaluru-1026582662/,"4,73,399"
242,Non-Accidental,2nd Owner,"72,128",Petrol,05 Jul 2022,MANUAL,KA-04-x-xxxx,3rd Party,Jul 2023,December 2017,Hyundai,Grand i10 SPORTZ 1.2 KAPPA VTVT MANUAL,Bengaluru,https://www.cars24.com/buy-used-hyundai-grand-i10-2017-cars-bengaluru-1029613063/,"4,72,399"
243,Non-Accidental,1st Owner,"45,053",Petrol,03 Feb 2022,AUTOMATIC,KA-41-x-xxxx,3rd Party,Jul 2023,April 2017,Maruti,Celerio VXI AMT AUTOMATIC,Bengaluru,https://www.cars24.com/buy-used-maruti-celerio-2017-cars-bengaluru-1020925160/,"4,71,899"
244,Non-Accidental,1st Owner,"12,831",Petrol,27 Jun 2022,MANUAL,KA-19-x-xxxx,3rd Party,Jul 2023,June 2019,Maruti,Eeco 5 STR WITH AC PLUSHTR MANUAL,Bengaluru,https://www.cars24.com/buy-used-maruti-eeco-2019-cars-bengaluru-1022897862/,"4,71,799"
245,Non-Accidental,3rd Owner,"35,833",Petrol,11 Apr 2022,MANUAL,KA-06-x-xxxx,3rd Party,Jul 2023,February 2018,Hyundai,Grand i10 MAGNA 1.2 KAPPA VTVT MANUAL,Bengaluru,https://www.cars24.com/buy-used-hyundai-grand-i10-2018-cars-bengaluru-1021274064/,"4,71,199"
246,Non-Accidental,1st Owner,"52,873",Petrol,05 Jul 2022,AUTOMATIC,KA-51-x-xxxx,3rd Party,Jul 2023,April 2016,Maruti,Celerio ZXI AMT AUTOMATIC,Bengaluru,https://www.cars24.com/buy-used-maruti-celerio-2016-cars-bengaluru-1026040069/,"4,71,199"
247,Non-Accidental,1st Owner,"48,877",Petrol,14 Apr 2022,MANUAL,KA-51-x-xxxx,3rd Party,Jul 2023,November 2015,Hyundai,Grand i10 SPORTZ 1.2 KAPPA VTVT MANUAL,Bengaluru,https://www.cars24.com/buy-used-hyundai-grand-i10-2015-cars-bengaluru-1021718668/,"4,70,099"
248,Non-Accidental,3rd Owner,"21,775",Petrol,03 Jul 2022,MANUAL,KA-03-x-xxxx,Zero Depreciation,Nov 2022,August 2013,Hyundai,Grand i10 ASTA 1.2 KAPPA VTVT OPT MANUAL,Bengaluru,https://www.cars24.com/buy-used-hyundai-grand-i10-2013-cars-bengaluru-10247092714/,"4,66,899"
249,,,,,,,,,,,,,Bengaluru,https://www.cars24.com/buy-used-hyundai-grand-i10-2014-cars-bengaluru-1023287907/,"4,62,799"
250,Non-Accidental,2nd Owner,"38,596",Petrol,21 Apr 2022,MANUAL,KA-04-x-xxxx,Comprehensive,Apr 2023,March 2014,Hyundai,Grand i10 SPORTZ 1.2 KAPPA VTVT MANUAL,Bengaluru,https://www.cars24.com/buy-used-hyundai-grand-i10-2014-cars-bengaluru-1026746762/,"4,61,499"
251,Non-Accidental,1st Owner,"53,732",Petrol,28 Jun 2022,MANUAL,KA-51-x-xxxx,3rd Party,Jul 2023,March 2014,Hyundai,Grand i10 SPORTZ 1.2 KAPPA VTVT MANUAL,Bengaluru,https://www.cars24.com/buy-used-hyundai-grand-i10-2014-cars-bengaluru-1020452565/,"4,60,699"
252,Non-Accidental,2nd Owner,"38,954",Petrol,06 Jul 2022,MANUAL,KA-04-x-xxxx,3rd Party,Jul 2023,August 2016,Maruti,Celerio VXI MANUAL,Bengaluru,https://www.cars24.com/buy-used-maruti-celerio-2016-cars-bengaluru-1020557105/,"4,59,999"
253,Non-Accidental,2nd Owner,"44,373",Petrol,29 Jun 2022,MANUAL,KA-03-x-xxxx,3rd Party,Jul 2023,January 2014,Honda,Amaze 1.2 EXMT I VTEC MANUAL,Bengaluru,https://www.cars24.com/buy-used-honda-amaze-2014-cars-bengaluru-1021627562/,"4,58,199"
254,Non-Accidental,2nd Owner,"16,297",Petrol,06 Jul 2022,MANUAL,KA-03-x-xxxx,3rd Party,Jul 2023,February 2015,Maruti,Wagon R 1.0 VXI MANUAL,Bengaluru,https://www.cars24.com/buy-used-maruti-wagon-r-1.0-2015-cars-bengaluru-10296594717/,"4,58,099"
255,Non-Accidental,1st Owner,"24,651",Petrol,17 Mar 2022,MANUAL,KA-04-x-xxxx,3rd Party,Nov 2022,August 2019,Maruti,Eeco 5 STR WITH AC PLUSHTR MANUAL,Bengaluru,https://www.cars24.com/buy-used-maruti-eeco-2019-cars-bengaluru-1023521249/,"4,56,399"
256,Non-Accidental,1st Owner,"56,780",Petrol,17 Apr 2022,MANUAL,KA-53-x-xxxx,3rd Party,Jul 2023,August 2014,Hyundai,Grand i10 SPORTZ 1.2 KAPPA VTVT MANUAL,Bengaluru,https://www.cars24.com/buy-used-hyundai-grand-i10-2014-cars-bengaluru-1021986169/,"4,54,799"
257,Non-Accidental,1st Owner,"28,025",Petrol,11 Jun 2022,MANUAL,KA-01-x-xxxx,Comprehensive,May 2023,March 2014,Maruti,Wagon R 1.0 VXI MANUAL,Bengaluru,https://www.cars24.com/buy-used-maruti-wagon-r-1.0-2014-cars-bengaluru-10229399752/,"4,51,999"
258,Non-Accidental,1st Owner,"50,871",Petrol,24 Jan 2022,AUTOMATIC,KA-05-x-xxxx,Zero Depreciation,Oct 2022,August 2018,Renault,Kwid RXT 1.0 EASY-R AT AUTOMATIC,Bengaluru,https://www.cars24.com/buy-used-renault-kwid-2018-cars-bengaluru-1021445764/,"4,51,299"
259,Non-Accidental,1st Owner,"70,558",Petrol,28 Jun 2022,MANUAL,KA-53-x-xxxx,3rd Party,Jul 2023,February 2015,Honda,Brio 1.2 S MT I VTEC MANUAL,Bengaluru,https://www.cars24.com/buy-used-honda-brio-2015-cars-bengaluru-10288992776/,"4,50,299"
260,Non-Accidental,1st Owner,"17,914",Petrol,26 Jun 2022,MANUAL,KA-41-x-xxxx,3rd Party,Jul 2023,May 2017,Maruti,Eeco 5 STR WITH AC PLUSHTR MANUAL,Bengaluru,https://www.cars24.com/buy-used-maruti-eeco-2017-cars-bengaluru-1021672561/,"4,48,499"
261,Non-Accidental,1st Owner,"81,610",Petrol,04 Jul 2022,MANUAL,KA-01-x-xxxx,3rd Party,Jul 2023,January 2012,Hyundai,i20 SPORTZ 1.2 VTVT MANUAL,Bengaluru,https://www.cars24.com/buy-used-hyundai-i20-2012-cars-bengaluru-1026496147/,"4,46,099"
262,Non-Accidental,2nd Owner,"8,062",Petrol,05 Jul 2022,MANUAL,KA-53-x-xxxx,3rd Party,Jul 2023,June 2021,Maruti,Alto VXI PLUS MANUAL,Bengaluru,https://www.cars24.com/buy-used-maruti-alto-2021-cars-bengaluru-1021742865/,"4,44,099"
263,Non-Accidental,2nd Owner,"22,085",Petrol,25 Jun 2022,MANUAL,KA-01-x-xxxx,3rd Party,Jul 2023,January 2019,Maruti,Eeco 5 STR WITH AC PLUSHTR MANUAL,Bengaluru,https://www.cars24.com/buy-used-maruti-eeco-2019-cars-bengaluru-1020908965/,"4,41,699"
264,Non-Accidental,1st Owner,"82,127",Petrol,01 Jul 2022,MANUAL,KA-01-x-xxxx,3rd Party,Jul 2023,July 2013,Maruti,Swift VXI MANUAL,Bengaluru,https://www.cars24.com/buy-used-maruti-swift-2013-cars-bengaluru-10229397775/,"4,40,899"
265,Non-Accidental,1st Owner,"53,154",Petrol,01 Jul 2022,MANUAL,KA-51-x-xxxx,Comprehensive,Feb 2023,August 2014,Hyundai,Xcent S 1.2 MANUAL,Bengaluru,https://www.cars24.com/buy-used-hyundai-xcent-2014-cars-bengaluru-10283598710/,"4,36,499"
266,Non-Accidental,3rd Owner,"77,196",Petrol,06 Apr 2022,AUTOMATIC,KA-42-x-xxxx,Comprehensive,Nov 2022,July 2016,Maruti,Celerio ZXI AMT AUTOMATIC,Bengaluru,https://www.cars24.com/buy-used-maruti-celerio-2016-cars-bengaluru-1021312066/,"4,35,199"
267,Non-Accidental,1st Owner,"48,066",Petrol,05 Jul 2022,MANUAL,KA-03-x-xxxx,3rd Party,Jul 2023,March 2016,Hyundai,i10 SPORTZ 1.1 IRDE2 MANUAL,Bengaluru,https://www.cars24.com/buy-used-hyundai-i10-2016-cars-bengaluru-1026948965/,"4,34,499"
268,Non-Accidental,2nd Owner,"21,844",Petrol,14 May 2022,MANUAL,KA-02-x-xxxx,Comprehensive,Oct 2022,October 2016,Hyundai,i10 SPORTZ 1.1 IRDE2 MANUAL,Bengaluru,https://www.cars24.com/buy-used-hyundai-i10-2016-cars-bengaluru-10259198776/,"4,34,499"
269,Non-Accidental,1st Owner,"51,235",Petrol,08 Jun 2022,MANUAL,KA-03-x-xxxx,Comprehensive,May 2023,April 2014,Hyundai,Xcent BASE 1.2 MANUAL,Bengaluru,https://www.cars24.com/buy-used-hyundai-xcent-2014-cars-bengaluru-10271891714/,"4,33,699"
270,Non-Accidental,1st Owner,"31,238",Petrol,07 Feb 2022,MANUAL,KA-02-x-xxxx,3rd Party,Jul 2023,August 2015,Maruti,Wagon R 1.0 VXI MANUAL,Bengaluru,https://www.cars24.com/buy-used-maruti-wagon-r-1.0-2015-cars-bengaluru-1029818161/,"4,33,099"
271,Non-Accidental,2nd Owner,"49,571",Petrol,26 Apr 2022,MANUAL,KA-05-x-xxxx,Comprehensive,Mar 2023,July 2015,Maruti,Celerio VXI MANUAL,Bengaluru,https://www.cars24.com/buy-used-maruti-celerio-2015-cars-bengaluru-1026696364/,"4,31,999"
272,Non-Accidental,1st Owner,"29,034",Petrol,02 Jul 2022,MANUAL,KA-20-x-xxxx,3rd Party,Jul 2023,September 2018,Maruti,Eeco 5 STR WITH AC PLUSHTR MANUAL,Bengaluru,https://www.cars24.com/buy-used-maruti-eeco-2018-cars-bengaluru-1023838369/,"4,30,099"
273,Non-Accidental,2nd Owner,"26,907",Petrol,30 Jun 2022,MANUAL,KA-03-x-xxxx,Comprehensive,May 2023,May 2014,Maruti,Wagon R 1.0 VXI MANUAL,Bengaluru,https://www.cars24.com/buy-used-maruti-wagon-r-1.0-2014-cars-bengaluru-10202092779/,"4,29,999"
274,Non-Accidental,1st Owner,"24,742",Petrol,04 Jul 2022,MANUAL,KA-04-x-xxxx,3rd Party,Jul 2023,March 2018,Hyundai,Eon SPORTZ MANUAL,Bengaluru,https://www.cars24.com/buy-used-hyundai-eon-2018-cars-bengaluru-1021702464/,"4,29,999"
275,Non-Accidental,1st Owner,"18,187",Petrol,04 Jul 2022,MANUAL,KA-04-x-xxxx,3rd Party,Jul 2023,January 2016,Renault,Pulse RX L PETROL MANUAL,Bengaluru,https://www.cars24.com/buy-used-renault-pulse-2016-cars-bengaluru-1027282665/,"4,28,999"
276,Non-Accidental,2nd Owner,"57,052",Petrol,28 Jun 2022,MANUAL,KA-01-x-xxxx,3rd Party,Jul 2023,July 2015,Maruti,Wagon R 1.0 VXI MANUAL,Bengaluru,https://www.cars24.com/buy-used-maruti-wagon-r-1.0-2015-cars-bengaluru-1025656664/,"4,28,499"
277,Non-Accidental,1st Owner,"32,381",Petrol,25 Jun 2022,MANUAL,KA-04-x-xxxx,3rd Party,Jul 2023,November 2018,Maruti,Eeco 5 STR WITH AC PLUSHTR MANUAL,Bengaluru,https://www.cars24.com/buy-used-maruti-eeco-2018-cars-bengaluru-1021060020/,"4,24,799"
278,Non-Accidental,2nd Owner,"38,756",Petrol,28 Jun 2022,MANUAL,KA-51-x-xxxx,3rd Party,Jul 2023,August 2016,Maruti,Wagon R 1.0 VXI MANUAL,Bengaluru,https://www.cars24.com/buy-used-maruti-wagon-r-1.0-2016-cars-bengaluru-1022818360/,"4,21,899"
279,Non-Accidental,1st Owner,"17,438",Petrol,28 Jun 2022,MANUAL,KA-19-x-xxxx,3rd Party,Jul 2023,May 2019,Renault,Kwid RXL MANUAL,Bengaluru,https://www.cars24.com/buy-used-renault-kwid-2019-cars-bengaluru-10235192717/,"4,20,999"
280,Non-Accidental,1st Owner,"47,077",Petrol,05 Jul 2022,MANUAL,KA-01-x-xxxx,3rd Party,Jul 2023,August 2014,Maruti,Wagon R 1.0 VXI MANUAL,Bengaluru,https://www.cars24.com/buy-used-maruti-wagon-r-1.0-2014-cars-bengaluru-1025664162/,"4,19,999"
281,Non-Accidental,1st Owner,"50,444",Petrol,12 Apr 2022,MANUAL,KA-02-x-xxxx,3rd Party,Jul 2023,April 2015,Maruti,Wagon R 1.0 VXI MANUAL,Bengaluru,https://www.cars24.com/buy-used-maruti-wagon-r-1.0-2015-cars-bengaluru-1020942460/,"4,18,499"
282,Non-Accidental,1st Owner,"62,706",Petrol,26 Apr 2022,MANUAL,KA-50-x-xxxx,3rd Party,Jul 2023,May 2014,Maruti,Celerio VXI MANUAL,Bengaluru,https://www.cars24.com/buy-used-maruti-celerio-2014-cars-bengaluru-1021406664/,"4,17,999"
283,Non-Accidental,1st Owner,"18,335",Petrol,25 Jun 2022,MANUAL,KA-02-x-xxxx,3rd Party,Jul 2023,June 2018,Maruti,Eeco 5 STR WITH AC PLUSHTR MANUAL,Bengaluru,https://www.cars24.com/buy-used-maruti-eeco-2018-cars-bengaluru-1028868503/,"4,17,899"
284,Non-Accidental,1st Owner,"37,967",Petrol,03 Jul 2022,MANUAL,KA-05-x-xxxx,3rd Party,Jul 2023,October 2019,Maruti,S PRESSO VXI MANUAL,Bengaluru,https://www.cars24.com/buy-used-maruti-s-presso-2019-cars-bengaluru-1026904465/,"4,16,699"
285,Non-Accidental,1st Owner,"75,304",Petrol,26 Jun 2022,MANUAL,KA-03-x-xxxx,3rd Party,Jul 2023,April 2018,Maruti,Wagon R 1.0 VXI MANUAL,Bengaluru,https://www.cars24.com/buy-used-maruti-wagon-r-1.0-2018-cars-bengaluru-1020335209/,"4,15,099"
286,Non-Accidental,1st Owner,"12,428",Petrol,25 Jun 2022,MANUAL,KA-04-x-xxxx,3rd Party,Jul 2023,February 2020,Maruti,Alto LXI MANUAL,Bengaluru,https://www.cars24.com/buy-used-maruti-alto-2020-cars-bengaluru-1026080169/,"4,13,999"
287,Non-Accidental,2nd Owner,"8,673",Petrol,30 Jun 2022,MANUAL,KA-51-x-xxxx,3rd Party,Jul 2023,June 2018,Maruti,Alto K10 VXI MANUAL,Bengaluru,https://www.cars24.com/buy-used-maruti-alto-k10-2018-cars-bengaluru-1024330869/,"4,11,799"
288,Non-Accidental,1st Owner,"31,383",Petrol,03 Jul 2022,MANUAL,KA-03-x-xxxx,3rd Party,Jul 2023,April 2015,Hyundai,i10 SPORTZ 1.1 IRDE2 MANUAL,Bengaluru,https://www.cars24.com/buy-used-hyundai-i10-2015-cars-bengaluru-1021686368/,"4,11,399"
289,Non-Accidental,1st Owner,"1,12,690",Petrol,03 Jul 2022,MANUAL,KA-04-x-xxxx,3rd Party,Jul 2023,November 2010,Volkswagen,Vento HIGHLINE PETROL MANUAL,Bengaluru,https://www.cars24.com/buy-used-volkswagen-vento-2010-cars-bengaluru-1029161541/,"4,10,599"
290,Non-Accidental,1st Owner,"57,468",Petrol,06 Jul 2022,AUTOMATIC,KA-01-x-xxxx,Comprehensive,May 2023,May 2016,Maruti,Alto K10 VXI AMT AUTOMATIC,Bengaluru,https://www.cars24.com/buy-used-maruti-alto-k10-2016-cars-bengaluru-10234695715/,"4,10,599"
291,Non-Accidental,2nd Owner,"47,294",Petrol,06 Feb 2022,MANUAL,KA-41-x-xxxx,3rd Party,Jul 2023,January 2014,Maruti,Wagon R 1.0 VXI MANUAL,Bengaluru,https://www.cars24.com/buy-used-maruti-wagon-r-1.0-2014-cars-bengaluru-1027958069/,"4,10,399"
292,Non-Accidental,1st Owner,"21,723",Petrol,30 Jun 2022,MANUAL,KA-01-x-xxxx,3rd Party,Jul 2023,September 2018,Maruti,Alto K10 VXI MANUAL,Bengaluru,https://www.cars24.com/buy-used-maruti-alto-k10-2018-cars-bengaluru-1022350866/,"4,07,799"
293,Non-Accidental,2nd Owner,"16,082",Petrol,30 Jun 2022,MANUAL,KA-01-x-xxxx,3rd Party,Jul 2023,May 2015,Maruti,Wagon R 1.0 VXI MANUAL,Bengaluru,https://www.cars24.com/buy-used-maruti-wagon-r-1.0-2015-cars-bengaluru-1021574709/,"4,07,099"
294,Non-Accidental,2nd Owner,"44,771",Petrol,06 Jul 2022,MANUAL,KA-02-x-xxxx,3rd Party,Jul 2023,May 2014,Maruti,Wagon R 1.0 VXI MANUAL,Bengaluru,https://www.cars24.com/buy-used-maruti-wagon-r-1.0-2014-cars-bengaluru-1029956569/,"4,05,699"
295,Non-Accidental,2nd Owner,"21,535",Petrol,30 Jun 2022,AUTOMATIC,KA-01-x-xxxx,3rd Party,Jul 2023,April 2016,Maruti,Alto K10 VXI AMT AUTOMATIC,Bengaluru,https://www.cars24.com/buy-used-maruti-alto-k10-2016-cars-bengaluru-1023874661/,"4,04,099"
296,Non-Accidental,2nd Owner,"20,439",Petrol,28 Jun 2022,MANUAL,KA-03-x-xxxx,3rd Party,Jul 2023,June 2015,Hyundai,i10 MAGNA 1.1 IRDE2 MANUAL,Bengaluru,https://www.cars24.com/buy-used-hyundai-i10-2015-cars-bengaluru-1022310364/,"4,03,899"
297,Non-Accidental,1st Owner,"33,682",Petrol,30 Jun 2022,MANUAL,KA-51-x-xxxx,3rd Party,Jul 2023,January 2017,Maruti,Alto K10 VXI MANUAL,Bengaluru,https://www.cars24.com/buy-used-maruti-alto-k10-2017-cars-bengaluru-10265790752/,"4,02,499"
298,Non-Accidental,1st Owner,"10,885",Petrol,30 Jun 2022,MANUAL,KA-50-x-xxxx,3rd Party,Jul 2023,July 2018,Maruti,Alto K10 VXI MANUAL,Bengaluru,https://www.cars24.com/buy-used-maruti-alto-k10-2018-cars-bengaluru-1025582164/,"4,02,099"
299,Non-Accidental,2nd Owner,"23,109",Petrol,03 Jul 2022,MANUAL,KA-53-x-xxxx,3rd Party,Jul 2023,August 2018,Renault,Kwid RXL MANUAL,Bengaluru,https://www.cars24.com/buy-used-renault-kwid-2018-cars-bengaluru-10231090717/,"3,99,699"
300,Non-Accidental,1st Owner,"62,981",Petrol,26 Jun 2022,MANUAL,KA-53-x-xxxx,3rd Party,Jul 2023,January 2014,Maruti,Wagon R 1.0 VXI MANUAL,Bengaluru,https://www.cars24.com/buy-used-maruti-wagon-r-1.0-2014-cars-bengaluru-1026470128/,"3,97,599"
301,Non-Accidental,1st Owner,"47,744",Petrol,26 Jun 2022,MANUAL,KA-05-x-xxxx,3rd Party,Jul 2023,July 2013,Maruti,Wagon R 1.0 VXI MANUAL,Bengaluru,https://www.cars24.com/buy-used-maruti-wagon-r-1.0-2013-cars-bengaluru-1020420768/,"3,97,099"
302,Non-Accidental,1st Owner,"30,178",Petrol,30 Jun 2022,MANUAL,KA-02-x-xxxx,Comprehensive,Dec 2022,April 2018,Maruti,Alto K10 VXI MANUAL,Bengaluru,https://www.cars24.com/buy-used-maruti-alto-k10-2018-cars-bengaluru-1029432660/,"3,96,499"
303,Non-Accidental,2nd Owner,"70,052",Petrol,28 Jun 2022,MANUAL,KA-13-x-xxxx,Comprehensive,Oct 2022,October 2015,Maruti,Wagon R 1.0 VXI MANUAL,Bengaluru,https://www.cars24.com/buy-used-maruti-wagon-r-1.0-2015-cars-bengaluru-1029982560/,"3,94,599"
304,Non-Accidental,1st Owner,"73,271",Petrol,02 Jul 2022,MANUAL,KA-05-x-xxxx,3rd Party,Jul 2023,April 2014,Maruti,Wagon R 1.0 VXI MANUAL,Bengaluru,https://www.cars24.com/buy-used-maruti-wagon-r-1.0-2014-cars-bengaluru-1022543965/,"3,92,199"
305,Non-Accidental,2nd Owner,"49,454",Petrol,28 Jun 2022,AUTOMATIC,KA-20-x-xxxx,3rd Party,Jul 2023,June 2013,Hyundai,i10 SPORTZ 1.2 AT KAPPA2 AUTOMATIC,Bengaluru,https://www.cars24.com/buy-used-hyundai-i10-2013-cars-bengaluru-1028951063/,"3,91,299"
306,Non-Accidental,2nd Owner,"42,699",Petrol,28 Jun 2022,MANUAL,KA-53-x-xxxx,Comprehensive,Oct 2022,September 2014,Maruti,Wagon R 1.0 VXI MANUAL,Bengaluru,https://www.cars24.com/buy-used-maruti-wagon-r-1.0-2014-cars-bengaluru-1025308368/,"3,89,799"
307,Non-Accidental,2nd Owner,"20,218",Petrol,30 Jun 2022,MANUAL,KA-04-x-xxxx,3rd Party,Jul 2023,January 2017,Maruti,Alto K10 VXI OPT MANUAL,Bengaluru,https://www.cars24.com/buy-used-maruti-alto-k10-2017-cars-bengaluru-1020290167/,"3,89,699"
308,Non-Accidental,1st Owner,"44,961",Petrol,05 Jul 2022,MANUAL,KA-02-x-xxxx,3rd Party,Jul 2023,June 2013,Maruti,Wagon R 1.0 VXI MANUAL,Bengaluru,https://www.cars24.com/buy-used-maruti-wagon-r-1.0-2013-cars-bengaluru-1025826349/,"3,89,599"
309,Non-Accidental,1st Owner,"63,080",Petrol,07 Apr 2022,MANUAL,KA-03-x-xxxx,3rd Party,Jul 2023,March 2016,Maruti,Eeco 5 STR WITH AC PLUSHTR MANUAL,Bengaluru,https://www.cars24.com/buy-used-maruti-eeco-2016-cars-bengaluru-1029162348/,"3,88,099"
310,Non-Accidental,3rd Owner,"26,085",Petrol,26 Jun 2022,MANUAL,KA-41-x-xxxx,3rd Party,Jul 2023,August 2016,Maruti,Eeco 5 STR WITH AC PLUSHTR MANUAL,Bengaluru,https://www.cars24.com/buy-used-maruti-eeco-2016-cars-bengaluru-10244192779/,"3,87,099"
311,Non-Accidental,1st Owner,"1,51,697",Petrol,26 Jun 2022,AUTOMATIC,KA-05-x-xxxx,3rd Party,Jul 2023,August 2014,Maruti,Celerio VXI AMT AUTOMATIC,Bengaluru,https://www.cars24.com/buy-used-maruti-celerio-2014-cars-bengaluru-1028799341/,"3,86,699"
312,Non-Accidental,2nd Owner,"49,219",Petrol,02 Jul 2022,MANUAL,KA-20-x-xxxx,Comprehensive,Feb 2023,August 2018,Renault,Kwid RXL MANUAL,Bengaluru,https://www.cars24.com/buy-used-renault-kwid-2018-cars-bengaluru-10271197773/,"3,82,899"
313,Non-Accidental,2nd Owner,"51,840",Petrol,30 Jun 2022,MANUAL,KA-05-x-xxxx,3rd Party,Jul 2023,August 2014,Maruti,Wagon R 1.0 VXI MANUAL,Bengaluru,https://www.cars24.com/buy-used-maruti-wagon-r-1.0-2014-cars-bengaluru-1028578726/,"3,82,799"
314,Non-Accidental,2nd Owner,"18,241",Petrol,05 Jul 2022,MANUAL,KA-03-x-xxxx,3rd Party,Oct 2022,July 2018,Hyundai,Eon MAGNA PLUS MANUAL,Bengaluru,https://www.cars24.com/buy-used-hyundai-eon-2018-cars-bengaluru-1022256065/,"3,81,299"
315,Non-Accidental,1st Owner,"58,449",Petrol,28 Jun 2022,MANUAL,KA-03-x-xxxx,3rd Party,Jul 2023,August 2014,Maruti,Wagon R 1.0 VXI MANUAL,Bengaluru,https://www.cars24.com/buy-used-maruti-wagon-r-1.0-2014-cars-bengaluru-1022375321/,"3,69,139"
316,Non-Accidental,1st Owner,"71,954",Petrol,12 Apr 2022,MANUAL,KA-19-x-xxxx,Comprehensive,Oct 2022,August 2018,Renault,Kwid RXL MANUAL,Bengaluru,https://www.cars24.com/buy-used-renault-kwid-2018-cars-bengaluru-1029124760/,"3,67,699"
317,Non-Accidental,2nd Owner,"41,252",Petrol,28 Jun 2022,MANUAL,KA-16-x-xxxx,3rd Party,Jan 2023,October 2019,Renault,Kwid RXL MANUAL,Bengaluru,https://www.cars24.com/buy-used-renault-kwid-2019-cars-bengaluru-1029902365/,"3,66,299"
318,Non-Accidental,1st Owner,"27,535",Petrol,01 May 2022,MANUAL,KA-05-x-xxxx,Zero Depreciation,Feb 2023,June 2018,Maruti,Alto 800 LXI OPT MANUAL,Bengaluru,https://www.cars24.com/buy-used-maruti-alto-800-2018-cars-bengaluru-10279198799/,"3,64,599"
319,Non-Accidental,1st Owner,"79,432",Petrol,08 Apr 2022,MANUAL,KA-04-x-xxxx,3rd Party,Jul 2023,May 2019,Maruti,Alto K10 VXI MANUAL,Bengaluru,https://www.cars24.com/buy-used-maruti-alto-k10-2019-cars-bengaluru-1023090864/,"3,63,199"
320,Non-Accidental,1st Owner,"31,759",Petrol,03 Jul 2022,MANUAL,KA-53-x-xxxx,3rd Party,Jul 2023,May 2016,Renault,Pulse RX L PETROL MANUAL,Bengaluru,https://www.cars24.com/buy-used-renault-pulse-2016-cars-bengaluru-1026130321/,"3,61,699"
321,Non-Accidental,2nd Owner,"60,268",Petrol,26 Jun 2022,MANUAL,KA-53-x-xxxx,3rd Party,Jul 2023,January 2012,Maruti,Ritz VXI BS IV MANUAL,Bengaluru,https://www.cars24.com/buy-used-maruti-ritz-2012-cars-bengaluru-1027192609/,"3,60,799"
322,Non-Accidental,2nd Owner,"37,683",Petrol,28 May 2022,MANUAL,KA-03-x-xxxx,Comprehensive,Mar 2023,September 2012,Maruti,Wagon R 1.0 VXI MANUAL,Bengaluru,https://www.cars24.com/buy-used-maruti-wagon-r-1.0-2012-cars-bengaluru-10209498719/,"3,59,799"
323,Non-Accidental,3rd Owner,"44,059",Petrol,13 Jan 2022,MANUAL,KA-04-x-xxxx,3rd Party,Jul 2023,July 2014,Maruti,Wagon R 1.0 VXI MANUAL,Bengaluru,https://www.cars24.com/buy-used-maruti-wagon-r-1.0-2014-cars-bengaluru-1021471163/,"3,55,899"
324,Non-Accidental,1st Owner,"77,900",Petrol,29 Jun 2022,MANUAL,KA-51-x-xxxx,3rd Party,Jul 2023,June 2017,Hyundai,Eon MAGNA PLUS OPTIONAL MANUAL,Bengaluru,https://www.cars24.com/buy-used-hyundai-eon-2017-cars-bengaluru-10238893791/,"3,53,699"
325,Non-Accidental,1st Owner,"96,788",Petrol,02 Jul 2022,AUTOMATIC,KA-04-x-xxxx,3rd Party,Jul 2023,May 2011,Hyundai,i10 SPORTZ 1.2 AT KAPPA2 AUTOMATIC,Bengaluru,https://www.cars24.com/buy-used-hyundai-i10-2011-cars-bengaluru-10208791710/,"3,53,199"
326,Non-Accidental,1st Owner,"37,215",Petrol,30 Jun 2022,MANUAL,KA-53-x-xxxx,3rd Party,Jul 2023,May 2016,Maruti,Alto K10 VXI MANUAL,Bengaluru,https://www.cars24.com/buy-used-maruti-alto-k10-2016-cars-bengaluru-1021028863/,"3,52,199"
327,Non-Accidental,1st Owner,"27,380",Petrol,30 Jun 2022,MANUAL,KA-04-x-xxxx,3rd Party,Jul 2023,May 2016,Maruti,Alto K10 VXI MANUAL,Bengaluru,https://www.cars24.com/buy-used-maruti-alto-k10-2016-cars-bengaluru-1021028963/,"3,51,599"
328,Non-Accidental,2nd Owner,"50,003",Petrol,13 Jun 2022,MANUAL,KA-05-x-xxxx,Comprehensive,Nov 2022,September 2012,Hyundai,i10 SPORTZ 1.2 KAPPA2 MANUAL,Bengaluru,https://www.cars24.com/buy-used-hyundai-i10-2012-cars-bengaluru-10271499753/,"3,51,599"
329,Non-Accidental,1st Owner,"44,931",Petrol,05 Jul 2022,MANUAL,KA-50-x-xxxx,3rd Party,Jul 2023,June 2014,Maruti,Alto K10 VXI MANUAL,Bengaluru,https://www.cars24.com/buy-used-maruti-alto-k10-2014-cars-bengaluru-1024353466/,"3,50,699"
330,Non-Accidental,2nd Owner,"27,994",Petrol,29 Jun 2022,MANUAL,KA-41-x-xxxx,3rd Party,Jul 2023,August 2018,Maruti,Alto 800 LXI MANUAL,Bengaluru,https://www.cars24.com/buy-used-maruti-alto-800-2018-cars-bengaluru-10259794792/,"3,50,599"
331,Non-Accidental,1st Owner,"41,599",Petrol,25 Jun 2022,MANUAL,KA-04-x-xxxx,3rd Party,Jul 2023,June 2016,Renault,Kwid RXL MANUAL,Bengaluru,https://www.cars24.com/buy-used-renault-kwid-2016-cars-bengaluru-1028556362/,"3,48,799"
332,Non-Accidental,1st Owner,"60,859",Petrol,26 Mar 2022,MANUAL,KA-05-x-xxxx,3rd Party,Jul 2023,March 2014,Maruti,Alto K10 VXI MANUAL,Bengaluru,https://www.cars24.com/buy-used-maruti-alto-k10-2014-cars-bengaluru-1025984168/,"3,48,199"
333,Non-Accidental,1st Owner,"55,359",Petrol,01 Jul 2022,MANUAL,KA-53-x-xxxx,3rd Party,Jul 2023,January 2013,Hyundai,i10 ERA 1.1 IRDE MANUAL,Bengaluru,https://www.cars24.com/buy-used-hyundai-i10-2013-cars-bengaluru-1021636361/,"3,46,299"
334,Non-Accidental,1st Owner,"46,725",Petrol,05 Jul 2022,MANUAL,KA-05-x-xxxx,3rd Party,Jul 2023,July 2016,Renault,Kwid RXL MANUAL,Bengaluru,https://www.cars24.com/buy-used-renault-kwid-2016-cars-bengaluru-10262398795/,"3,44,199"
335,Non-Accidental,1st Owner,"48,418",Petrol,05 Jul 2022,MANUAL,KA-51-x-xxxx,Zero Depreciation,Oct 2022,September 2016,Maruti,Alto K10 VXI MANUAL,Bengaluru,https://www.cars24.com/buy-used-maruti-alto-k10-2016-cars-bengaluru-1020772462/,"3,43,299"
336,Non-Accidental,1st Owner,"81,614",Petrol,28 Jun 2022,MANUAL,KA-05-x-xxxx,3rd Party,Jul 2023,June 2012,Maruti,Wagon R 1.0 VXI MANUAL,Bengaluru,https://www.cars24.com/buy-used-maruti-wagon-r-1.0-2012-cars-bengaluru-1028493263/,"3,38,899"
337,Non-Accidental,2nd Owner,"22,694",Petrol,25 Jun 2022,MANUAL,KA-02-x-xxxx,3rd Party,Jul 2023,April 2015,Maruti,Alto K10 VXI MANUAL,Bengaluru,https://www.cars24.com/buy-used-maruti-alto-k10-2015-cars-bengaluru-1028700003/,"3,38,599"
338,Non-Accidental,2nd Owner,"45,891",Petrol,30 Jun 2022,MANUAL,KA-05-x-xxxx,Comprehensive,Dec 2022,July 2016,Hyundai,Eon ERA PLUS MANUAL,Bengaluru,https://www.cars24.com/buy-used-hyundai-eon-2016-cars-bengaluru-10223496771/,"3,38,099"
339,Non-Accidental,1st Owner,"40,125",Petrol,05 Jul 2022,MANUAL,KA-41-x-xxxx,3rd Party,Jul 2023,April 2014,Maruti,Alto K10 VXI MANUAL,Bengaluru,https://www.cars24.com/buy-used-maruti-alto-k10-2014-cars-bengaluru-1029546326/,"3,36,499"
340,Non-Accidental,1st Owner,"58,770",Petrol,06 Jul 2022,MANUAL,KA-02-x-xxxx,Comprehensive,Feb 2023,January 2011,Hyundai,i10 SPORTZ 1.2 KAPPA2 MANUAL,Bengaluru,https://www.cars24.com/buy-used-hyundai-i10-2011-cars-bengaluru-10247199791/,"3,34,899"
341,Non-Accidental,1st Owner,"25,297",Petrol,28 Jun 2022,MANUAL,KA-02-x-xxxx,Zero Depreciation,Jan 2023,October 2018,Maruti,Alto 800 LXI MANUAL,Bengaluru,https://www.cars24.com/buy-used-maruti-alto-800-2018-cars-bengaluru-1024586569/,"3,33,699"
342,Non-Accidental,2nd Owner,"30,122",Petrol,05 Jul 2022,MANUAL,KA-03-x-xxxx,3rd Party,Oct 2022,September 2017,Maruti,Alto 800 LXI MANUAL,Bengaluru,https://www.cars24.com/buy-used-maruti-alto-800-2017-cars-bengaluru-1028916765/,"3,33,699"
343,Non-Accidental,1st Owner,"42,804",Petrol,25 Jun 2022,MANUAL,KA-03-x-xxxx,3rd Party,Jul 2023,March 2017,Maruti,Alto 800 LXI MANUAL,Bengaluru,https://www.cars24.com/buy-used-maruti-alto-800-2017-cars-bengaluru-1026592468/,"3,33,699"
344,Non-Accidental,1st Owner,"44,090",Petrol,30 Jun 2022,MANUAL,KA-03-x-xxxx,3rd Party,Jul 2023,July 2017,Maruti,Alto 800 LXI MANUAL,Bengaluru,https://www.cars24.com/buy-used-maruti-alto-800-2017-cars-bengaluru-1022885569/,"3,33,699"
345,Non-Accidental,1st Owner,"75,599",Petrol,19 Apr 2022,MANUAL,KA-05-x-xxxx,Comprehensive,Dec 2022,August 2017,Maruti,Alto 800 LXI MANUAL,Bengaluru,https://www.cars24.com/buy-used-maruti-alto-800-2017-cars-bengaluru-1021406465/,"3,33,699"
346,Non-Accidental,1st Owner,"66,021",Petrol,03 Jul 2022,MANUAL,KA-04-x-xxxx,3rd Party,Jul 2023,October 2014,Maruti,Alto K10 VXI MANUAL,Bengaluru,https://www.cars24.com/buy-used-maruti-alto-k10-2014-cars-bengaluru-1020113368/,"3,33,599"
347,Non-Accidental,2nd Owner,"34,437",Petrol,28 Jun 2022,MANUAL,KA-05-x-xxxx,3rd Party,Jul 2023,February 2014,Maruti,Alto K10 VXI MANUAL,Bengaluru,https://www.cars24.com/buy-used-maruti-alto-k10-2014-cars-bengaluru-1026380620/,"3,30,099"
348,Non-Accidental,1st Owner,"98,011",Petrol,05 Jul 2022,AUTOMATIC,KA-05-x-xxxx,3rd Party,Jul 2023,May 2019,Datsun,Redi Go 1.0 T(O) AT AUTOMATIC,Bengaluru,https://www.cars24.com/buy-used-datsun-redi-go-2019-cars-bengaluru-10284494775/,"3,29,999"
349,Non-Accidental,2nd Owner,"34,036",Petrol,05 Jul 2022,MANUAL,KA-51-x-xxxx,3rd Party,Jul 2023,July 2016,Renault,Kwid RXL MANUAL,Bengaluru,https://www.cars24.com/buy-used-renault-kwid-2016-cars-bengaluru-1022112869/,"3,29,299"
350,Non-Accidental,2nd Owner,"44,067",Petrol,26 Jun 2022,MANUAL,KA-04-x-xxxx,3rd Party,Jul 2023,October 2015,Renault,Kwid RXT Opt MANUAL,Bengaluru,https://www.cars24.com/buy-used-renault-kwid-2015-cars-bengaluru-1022168569/,"3,27,699"
351,Non-Accidental,2nd Owner,"66,077",Petrol,06 Jul 2022,MANUAL,KA-03-x-xxxx,3rd Party,Jul 2023,August 2014,Maruti,Alto K10 VXI MANUAL,Bengaluru,https://www.cars24.com/buy-used-maruti-alto-k10-2014-cars-bengaluru-1022731460/,"3,24,599"
352,Non-Accidental,2nd Owner,"37,065",Petrol,01 Jul 2022,MANUAL,KA-26-x-xxxx,3rd Party,Jul 2023,May 2018,Maruti,Alto 800 VXI MANUAL,Bengaluru,https://www.cars24.com/buy-used-maruti-alto-800-2018-cars-bengaluru-1021494664/,"3,23,199"
353,Non-Accidental,2nd Owner,"34,293",Petrol,30 Jun 2022,MANUAL,KA-41-x-xxxx,Comprehensive,Feb 2023,November 2016,Maruti,Alto K10 VXI OPT MANUAL,Bengaluru,https://www.cars24.com/buy-used-maruti-alto-k10-2016-cars-bengaluru-1020548063/,"3,21,199"
354,Non-Accidental,1st Owner,"17,557",Petrol,05 May 2022,MANUAL,KA-01-x-xxxx,Comprehensive,Nov 2022,January 2010,Nissan,Micra XV PETROL MANUAL,Bengaluru,https://www.cars24.com/buy-used-nissan-micra-2010-cars-bengaluru-10203692792/,"3,20,799"
355,Non-Accidental,2nd Owner,"69,665",Petrol,12 Apr 2022,MANUAL,KA-01-x-xxxx,3rd Party,Jul 2023,December 2016,Renault,Kwid RXT MANUAL,Bengaluru,https://www.cars24.com/buy-used-renault-kwid-2016-cars-bengaluru-1023678763/,"3,20,099"
356,Non-Accidental,3rd Owner,"21,739",Petrol,30 Jun 2022,MANUAL,KA-53-x-xxxx,3rd Party,Jul 2023,August 2016,Renault,Kwid RXL MANUAL,Bengaluru,https://www.cars24.com/buy-used-renault-kwid-2016-cars-bengaluru-1024313166/,"3,18,699"
357,Non-Accidental,2nd Owner,"35,560",Petrol,28 Jun 2022,MANUAL,KA-51-x-xxxx,3rd Party,Jul 2023,September 2017,Maruti,Alto 800 VXI MANUAL,Bengaluru,https://www.cars24.com/buy-used-maruti-alto-800-2017-cars-bengaluru-1029973862/,"3,15,999"
358,Non-Accidental,3rd Owner,"27,828",Petrol,14 Apr 2022,MANUAL,KA-41-x-xxxx,Zero Depreciation,Nov 2022,April 2017,Maruti,Alto 800 VXI MANUAL,Bengaluru,https://www.cars24.com/buy-used-maruti-alto-800-2017-cars-bengaluru-1020416567/,"3,15,999"
359,Non-Accidental,2nd Owner,"39,323",Petrol,25 Jun 2022,MANUAL,KA-05-x-xxxx,3rd Party,Jul 2023,September 2017,Maruti,Alto 800 VXI MANUAL,Bengaluru,https://www.cars24.com/buy-used-maruti-alto-800-2017-cars-bengaluru-1025625963/,"3,15,999"
360,Non-Accidental,2nd Owner,"81,853",Petrol,11 May 2022,MANUAL,KA-03-x-xxxx,3rd Party,Jul 2023,January 2011,Hyundai,i10 MAGNA 1.2 KAPPA2 MANUAL,Bengaluru,https://www.cars24.com/buy-used-hyundai-i10-2011-cars-bengaluru-10242491793/,"3,13,599"
361,Non-Accidental,1st Owner,"1,67,730",Petrol,24 Dec 2021,MANUAL,KA-01-x-xxxx,3rd Party,Jul 2023,February 2014,Maruti,Celerio VXI MANUAL,Bengaluru,https://www.cars24.com/buy-used-maruti-celerio-2014-cars-bengaluru-1022802504/,"3,13,399"
362,Non-Accidental,1st Owner,"69,786",Petrol,02 May 2022,MANUAL,KA-03-x-xxxx,3rd Party,Jul 2023,June 2010,Maruti,Wagon R 1.0 VXI MANUAL,Bengaluru,https://www.cars24.com/buy-used-maruti-wagon-r-1.0-2010-cars-bengaluru-10201091792/,"3,11,999"
363,Non-Accidental,1st Owner,"27,423",Petrol,03 Jul 2022,MANUAL,KA-04-x-xxxx,Comprehensive,Jan 2023,November 2010,Maruti,Wagon R 1.0 VXI MANUAL,Bengaluru,https://www.cars24.com/buy-used-maruti-wagon-r-1.0-2010-cars-bengaluru-1027340367/,"3,10,799"
364,Non-Accidental,1st Owner,"47,664",Petrol,06 Jul 2022,MANUAL,KA-02-x-xxxx,Comprehensive,Mar 2023,January 2012,Ford,Figo 1.2 ZXI DURATEC MANUAL,Bengaluru,https://www.cars24.com/buy-used-ford-figo-2012-cars-bengaluru-10281994791/,"3,02,299"
365,Non-Accidental,3rd Owner,"38,078",Petrol,04 Jul 2022,MANUAL,KA-03-x-xxxx,3rd Party,Jul 2023,January 2017,Maruti,Alto 800 VXI MANUAL,Bengaluru,https://www.cars24.com/buy-used-maruti-alto-800-2017-cars-bengaluru-1029147502/,"3,00,199"
366,Non-Accidental,1st Owner,"65,903",Petrol,06 Jul 2022,MANUAL,KA-05-x-xxxx,3rd Party,Jul 2023,May 2015,Maruti,Alto 800 LXI MANUAL,Bengaluru,https://www.cars24.com/buy-used-maruti-alto-800-2015-cars-bengaluru-10234799792/,"2,99,899"
367,Non-Accidental,3rd Owner,"54,775",Petrol,05 Apr 2022,MANUAL,KA-03-x-xxxx,3rd Party,Jul 2023,August 2014,Hyundai,Eon MAGNA PLUS MANUAL,Bengaluru,https://www.cars24.com/buy-used-hyundai-eon-2014-cars-bengaluru-1022560562/,"2,97,099"
368,Non-Accidental,1st Owner,"49,166",Petrol,30 Jun 2022,MANUAL,KA-38-x-xxxx,3rd Party,Jul 2023,July 2014,Maruti,Alto K10 VXI MANUAL,Bengaluru,https://www.cars24.com/buy-used-maruti-alto-k10-2014-cars-bengaluru-1026994745/,"2,96,399"
369,Non-Accidental,2nd Owner,"59,664",Petrol,13 Apr 2022,MANUAL,KA-02-x-xxxx,3rd Party,Jul 2023,January 2013,Maruti,Alto 800 LXI OPT MANUAL,Bengaluru,https://www.cars24.com/buy-used-maruti-alto-800-2013-cars-bengaluru-1029040165/,"2,96,099"
370,Non-Accidental,1st Owner,"63,580",Petrol,04 Apr 2022,MANUAL,KA-05-x-xxxx,Comprehensive,Oct 2022,September 2012,Maruti,Alto K10 VXI MANUAL,Bengaluru,https://www.cars24.com/buy-used-maruti-alto-k10-2012-cars-bengaluru-1025652162/,"2,92,299"
371,Non-Accidental,1st Owner,"51,334",Petrol,05 Jul 2022,MANUAL,KA-05-x-xxxx,3rd Party,Jul 2023,June 2016,Datsun,Redi Go T (O) MANUAL,Bengaluru,https://www.cars24.com/buy-used-datsun-redi-go-2016-cars-bengaluru-1029820164/,"2,91,999"
372,Non-Accidental,1st Owner,"50,343",Petrol,03 Jul 2022,MANUAL,KA-05-x-xxxx,3rd Party,Jul 2023,June 2011,Maruti,Alto K10 VXI MANUAL,Bengaluru,https://www.cars24.com/buy-used-maruti-alto-k10-2011-cars-bengaluru-1026506769/,"2,90,799"
373,Non-Accidental,1st Owner,"98,486",Petrol,28 Jun 2022,MANUAL,KA-02-x-xxxx,Comprehensive,Feb 2023,September 2009,Hyundai,i10 SPORTZ 1.2 MANUAL,Bengaluru,https://www.cars24.com/buy-used-hyundai-i10-2009-cars-bengaluru-10239399710/,"2,88,099"
374,Non-Accidental,1st Owner,"58,135",Petrol,03 Jul 2022,MANUAL,KA-03-x-xxxx,Comprehensive,Mar 2023,October 2011,Maruti,Wagon R 1.0 LXI MANUAL,Bengaluru,https://www.cars24.com/buy-used-maruti-wagon-r-1.0-2011-cars-bengaluru-10292992792/,"2,87,699"
375,Non-Accidental,2nd Owner,"51,952",Petrol,04 Jul 2022,MANUAL,KA-50-x-xxxx,Comprehensive,Mar 2023,June 2014,Maruti,Alto 800 LXI MANUAL,Bengaluru,https://www.cars24.com/buy-used-maruti-alto-800-2014-cars-bengaluru-1020444961/,"2,83,255"
376,Non-Accidental,1st Owner,"16,710",Petrol,04 Jul 2022,MANUAL,KA-05-x-xxxx,3rd Party,Dec 2022,November 2010,Maruti,Alto K10 VXI MANUAL,Bengaluru,https://www.cars24.com/buy-used-maruti-alto-k10-2010-cars-bengaluru-10258191718/,"2,83,099"
377,Non-Accidental,1st Owner,"62,255",Petrol,06 Jul 2022,MANUAL,KA-05-x-xxxx,3rd Party,Jul 2023,June 2014,Maruti,Alto 800 LXI MANUAL,Bengaluru,https://www.cars24.com/buy-used-maruti-alto-800-2014-cars-bengaluru-10247097792/,"2,82,999"
378,Non-Accidental,1st Owner,"69,484",Petrol,05 Jul 2022,MANUAL,KA-09-x-xxxx,Comprehensive,Oct 2022,September 2014,Maruti,Alto 800 LXI MANUAL,Bengaluru,https://www.cars24.com/buy-used-maruti-alto-800-2014-cars-bengaluru-10284791771/,"2,82,999"
379,Non-Accidental,1st Owner,"60,404",Petrol,04 Apr 2022,MANUAL,KA-03-x-xxxx,3rd Party,Nov 2022,February 2013,Maruti,Alto 800 LXI MANUAL,Bengaluru,https://www.cars24.com/buy-used-maruti-alto-800-2013-cars-bengaluru-1029132262/,"2,74,599"
380,Non-Accidental,2nd Owner,"45,055",Petrol,01 Jul 2022,MANUAL,KA-05-x-xxxx,3rd Party,Jul 2023,March 2012,Hyundai,Eon ERA PLUS MANUAL,Bengaluru,https://www.cars24.com/buy-used-hyundai-eon-2012-cars-bengaluru-10263092713/,"2,70,299"
381,Non-Accidental,2nd Owner,"55,334",Petrol,04 Jul 2022,MANUAL,KA-41-x-xxxx,Comprehensive,Jan 2023,December 2013,Maruti,Alto K10 VXI MANUAL,Bengaluru,https://www.cars24.com/buy-used-maruti-alto-k10-2013-cars-bengaluru-10249395794/,"2,68,599"
382,Non-Accidental,2nd Owner,"30,034",Petrol,29 Jun 2022,MANUAL,KA-05-x-xxxx,Comprehensive,Oct 2022,September 2010,Maruti,Alto K10 VXI MANUAL,Bengaluru,https://www.cars24.com/buy-used-maruti-alto-k10-2010-cars-bengaluru-1029776869/,"2,63,799"
383,Non-Accidental,1st Owner,"49,885",Petrol,04 Jul 2022,MANUAL,KA-03-x-xxxx,3rd Party,Jul 2023,February 2012,Maruti,Alto K10 VXI MANUAL,Bengaluru,https://www.cars24.com/buy-used-maruti-alto-k10-2012-cars-bengaluru-1021664748/,"2,61,699"
384,Non-Accidental,2nd Owner,"47,292",Petrol,05 Jul 2022,MANUAL,KA-03-x-xxxx,3rd Party,Jul 2023,June 2009,Maruti,Wagon R LXI MANUAL,Bengaluru,https://www.cars24.com/buy-used-maruti-wagon-r-2009-cars-bengaluru-1026369648/,"2,44,999"
385,Non-Accidental,1st Owner,"35,957",Petrol,29 Jun 2022,MANUAL,KA-03-x-xxxx,3rd Party,Jul 2023,April 2015,Tata,Nano XT TWIST MANUAL,Bengaluru,https://www.cars24.com/buy-used-tata-nano-2015-cars-bengaluru-1023672068/,"1,98,399"
386,Non-Accidental,2nd Owner,"46,558",Petrol,17 Mar 2022,MANUAL,KA-01-x-xxxx,3rd Party,Jul 2023,January 2008,Maruti,Alto LXI MANUAL,Bengaluru,https://www.cars24.com/buy-used-maruti-alto-2008-cars-bengaluru-1025030222/,"1,92,399"
