,history,owner,kilometers,fuel,last_service,transmission,registration,insurance_type,insurance_validity,year,brand,model,location,url,price
0,Non-Accidental,2nd Owner,"86,818",Diesel,01 Jul 2022,AUTOMATIC,PB-02-x-xxxx,3rd Party,Jul 2023,April 2015,BMW,3 Series 320D SPORTLINE AUTOMATIC,Chandigarh,https://www.cars24.com/buy-used-bmw-3-series-2015-cars-ludhiana-1296691445/,"17,51,299"
1,Non-Accidental,1st Owner,"77,444",Diesel,27 Jun 2022,MANUAL,HR-03-x-xxxx,3rd Party,Jan 2023,January 2020,MG,HECTOR SHARP 2.0 DIESEL MANUAL,Chandigarh,https://www.cars24.com/buy-used-mg-hector-2020-cars-chandigarh-1163593164/,"17,43,399"
2,Non-Accidental,1st Owner,"16,536",Diesel,02 Jul 2022,MANUAL,HR-02-x-xxxx,Third_party,Dec 2023,December 2020,Mahindra,Scorpio S11 MANUAL,Chandigarh,https://www.cars24.com/buy-used-mahindra-scorpio-2020-cars-chandigarh-2336070505/,"16,28,099"
3,Non-Accidental,2nd Owner,"39,356",Petrol,01 Jul 2022,AUTOMATIC,PB-10-x-xxxx,3rd Party,Jul 2023,August 2019,MG,HECTOR SHARP DCT PETROL AUTOMATIC,Chandigarh,https://www.cars24.com/buy-used-mg-hector-2019-cars-ludhiana-12937396714/,"15,21,949"
4,Non-Accidental,1st Owner,"21,425",Diesel,28 Jun 2022,MANUAL,HR-03-x-xxxx,3rd Party,Jul 2023,January 2020,Mahindra,XUV500 W9 MANUAL,Chandigarh,https://www.cars24.com/buy-used-mahindra-xuv500-2020-cars-chandigarh-2331942703/,"15,02,849"
5,Non-Accidental,1st Owner,"27,802",Petrol,28 Jun 2022,MANUAL,CH-01-x-xxxx,3rd Party,Jul 2023,January 2020,KIA,SELTOS GTX+ 1.4 MT MANUAL,Chandigarh,https://www.cars24.com/buy-used-kia-seltos-2020-cars-chandigarh-1480293443/,"14,70,599"
6,Non-Accidental,1st Owner,"45,320",Diesel,28 Jun 2022,AUTOMATIC,PB-26-x-xxxx,3rd Party,Jul 2023,August 2018,Hyundai,New Elantra 1.6 SX AT O AUTOMATIC,Chandigarh,https://www.cars24.com/buy-used-hyundai-new-elantra-2018-cars-chandigarh-2336844620/,"13,64,899"
7,Non-Accidental,1st Owner,"26,086",Diesel,05 Jul 2022,MANUAL,PB-08-x-xxxx,3rd Party,Jul 2023,July 2020,Hyundai,Verna SX DIESEL MT MANUAL,Chandigarh,https://www.cars24.com/buy-used-hyundai-verna-2020-cars-ludhiana-1299683062/,"12,48,199"
8,Non-Accidental,1st Owner,"44,046",Diesel,28 Jun 2022,MANUAL,CH-01-x-xxxx,3rd Party,Jul 2023,February 2020,KIA,SELTOS HTK PLUS 1.5 DIESEL MANUAL,Chandigarh,https://www.cars24.com/buy-used-kia-seltos-2020-cars-zirakpur-1290478465/,"12,47,199"
9,Non-Accidental,1st Owner,"25,340",Petrol,25 Jun 2022,MANUAL,PB-65-x-xxxx,Zero Depreciation,Dec 2022,November 2020,KIA,SELTOS HTX 1.5 PETROL MT MANUAL,Chandigarh,https://www.cars24.com/buy-used-kia-seltos-2020-cars-ludhiana-2338924469/,"12,33,799"
10,Non-Accidental,2nd Owner,"81,522",Diesel,28 Jun 2022,MANUAL,PB-04-x-xxxx,3rd Party,Jul 2023,January 2018,Jeep,Compass 2.0 LONGITUDE (O) MANUAL,Chandigarh,https://www.cars24.com/buy-used-jeep-compass-2018-cars-ludhiana-1299570369/,"11,60,299"
11,Non-Accidental,2nd Owner,"91,668",Diesel,04 Jul 2022,AUTOMATIC,PB-65-x-xxxx,3rd Party,Jul 2023,April 2012,Toyota,Fortuner 3.0 AT 4X2 AUTOMATIC,Chandigarh,https://www.cars24.com/buy-used-toyota-fortuner-2012-cars-chandigarh-1093053744/,"11,46,458"
12,Non-Accidental,1st Owner,"10,277",Petrol,29 Jun 2022,MANUAL,HR-04-x-xxxx,3rd Party,Jul 2023,February 2021,Maruti,Ertiga ZXI Plus SHVS MANUAL,Chandigarh,https://www.cars24.com/buy-used-maruti-ertiga-2021-cars-zirakpur-1486181766/,"10,82,099"
13,Non-Accidental,1st Owner,"10,833",Petrol,01 Jul 2022,NA,PB-10-x-xxxx,Comprehensive,Nov 2022,October 2020,Hyundai,NEW I20 ASTA (O) 1.0 TURBO GDI AT,Chandigarh,https://www.cars24.com/buy-used-hyundai-new-i20-2020-cars-chandigarh-1161151966/,"10,75,499"
14,Non-Accidental,1st Owner,"2,774",Petrol,05 Jul 2022,AUTOMATIC,CH-01-x-xxxx,3rd Party,Dec 2023,December 2020,Hyundai,VENUE 1.0 TURBO GDI SX+ AT AUTOMATIC,Chandigarh,https://www.cars24.com/buy-used-hyundai-venue-2020-cars-chandigarh-1160597869/,"10,65,199"
15,Non-Accidental,1st Owner,"15,853",Diesel,03 Jul 2022,NA,HR-03-x-xxxx,3rd Party,Nov 2023,October 2020,Hyundai,NEW I20 ASTA (O) 1.5 CRDI MT,Chandigarh,https://www.cars24.com/buy-used-hyundai-new-i20-2020-cars-chandigarh-1167463660/,"10,58,099"
16,Non-Accidental,1st Owner,"41,736",Petrol,01 Jul 2022,AUTOMATIC,PB-10-x-xxxx,3rd Party,Jul 2023,January 2019,Honda,City VX CVT PETROL AUTOMATIC,Chandigarh,https://www.cars24.com/buy-used-honda-city-2019-cars-chandigarh-1292045167/,"10,40,899"
17,Non-Accidental,1st Owner,"11,221",Petrol,03 Jul 2022,AUTOMATIC,PB-91-x-xxxx,3rd Party,Jul 2023,January 2020,Ford,Ecosport 1.5 TITANIUM TI VCT AT AUTOMATIC,Chandigarh,https://www.cars24.com/buy-used-ford-ecosport-2020-cars-chandigarh-1298171503/,"10,00,767"
18,Non-Accidental,1st Owner,"59,837",Diesel,04 Jul 2022,MANUAL,PB-24-x-xxxx,3rd Party,Jul 2023,October 2018,Mahindra,XUV500 W5 MANUAL,Chandigarh,https://www.cars24.com/buy-used-mahindra-xuv500-2018-cars-ludhiana-1293694827/,"9,63,999"
19,Non-Accidental,1st Owner,"28,115",Petrol,02 Jul 2022,AUTOMATIC,PB-65-x-xxxx,3rd Party,Jul 2023,June 2019,Hyundai,VENUE 1.0 TURBO GDI SX+ AT AUTOMATIC,Chandigarh,https://www.cars24.com/buy-used-hyundai-venue-2019-cars-ludhiana-1162172568/,"9,60,299"
20,Non-Accidental,1st Owner,"5,973",Petrol,01 Jul 2022,MANUAL,PB-65-x-xxxx,3rd Party,Jul 2023,June 2021,Maruti,Vitara Brezza ZXI MANUAL,Chandigarh,https://www.cars24.com/buy-used-maruti-vitara-brezza-2021-cars-ludhiana-1482692363/,"9,53,299"
21,Non-Accidental,1st Owner,"17,459",Petrol,25 Jun 2022,MANUAL,CH-01-x-xxxx,3rd Party,Nov 2022,October 2020,Hyundai,VENUE 1.0L Turbo GDI SX MT MANUAL,Chandigarh,https://www.cars24.com/buy-used-hyundai-venue-2020-cars-chandigarh-1168280762/,"9,46,099"
22,Non-Accidental,1st Owner,"14,598",Diesel,27 Jun 2022,MANUAL,PB-65-x-xxxx,3rd Party,Jul 2023,January 2021,Mahindra,Bolero B6 (O) MANUAL,Chandigarh,https://www.cars24.com/buy-used-mahindra-bolero-2021-cars-chandigarh-1482232001/,"9,24,099"
23,Non-Accidental,1st Owner,"10,713",Petrol,26 Jun 2022,MANUAL,CH-01-x-xxxx,3rd Party,Jul 2023,March 2021,Maruti,Vitara Brezza VXI MANUAL,Chandigarh,https://www.cars24.com/buy-used-maruti-vitara-brezza-2021-cars-mohali-1097174560/,"8,84,819"
24,Non-Accidental,1st Owner,"4,595",Petrol,28 Jun 2022,MANUAL,CH-01-x-xxxx,3rd Party,Dec 2023,November 2020,Hyundai,NEW I20 SPORTZ 1.0T GDI IMT MANUAL,Chandigarh,https://www.cars24.com/buy-used-hyundai-new-i20-2020-cars-chandigarh-1166702167/,"8,69,599"
25,Non-Accidental,2nd Owner,"41,313",Diesel,04 Jul 2022,MANUAL,HR-13-x-xxxx,3rd Party,Jul 2023,January 2020,Maruti,Vitara Brezza VDI MANUAL,Chandigarh,https://www.cars24.com/buy-used-maruti-vitara-brezza-2020-cars-chandigarh-1161096160/,"8,40,099"
26,Non-Accidental,1st Owner,"67,756",Diesel,02 Jul 2022,MANUAL,PB-10-x-xxxx,3rd Party,Jul 2023,May 2018,Ford,Ecosport 1.5TITANIUM TDCI MANUAL,Chandigarh,https://www.cars24.com/buy-used-ford-ecosport-2018-cars-ludhiana-12994292715/,"8,38,699"
27,Non-Accidental,1st Owner,"3,692",Petrol,27 Jun 2022,MANUAL,PB-10-x-xxxx,Zero Depreciation,Mar 2023,January 2021,Maruti,Baleno ZETA 1.2 K12 MANUAL,Chandigarh,https://www.cars24.com/buy-used-maruti-baleno-2021-cars-ludhiana-1297616066/,"8,28,599"
28,Non-Accidental,1st Owner,"39,461",Petrol,04 Jul 2022,NA,PB-19-x-xxxx,3rd Party,Mar 2024,March 2021,Hyundai,NEW I20 SPORTZ 1.2 MT,Chandigarh,https://www.cars24.com/buy-used-hyundai-new-i20-2021-cars-ludhiana-1298780565/,"8,26,799"
29,Non-Accidental,1st Owner,"34,736",Diesel,27 Jun 2022,MANUAL,PB-10-x-xxxx,3rd Party,Jul 2023,April 2019,Ford,Ecosport 1.5 TREND TDCI MANUAL,Chandigarh,https://www.cars24.com/buy-used-ford-ecosport-2019-cars-ludhiana-12974699793/,"8,20,899"
30,,,,,,,,,,,,,Zirakpur,https://www.cars24.com/buy-used-hyundai-verna-2018-cars-zirakpur-1484164468/,"8,19,499"
31,Non-Accidental,2nd Owner,"53,849",Diesel,05 Jul 2022,MANUAL,PB-10-x-xxxx,3rd Party,Jul 2023,February 2018,Ford,Ecosport 1.5TITANIUM TDCI MANUAL,Chandigarh,https://www.cars24.com/buy-used-ford-ecosport-2018-cars-chandigarh-1291084462/,"8,00,199"
32,Non-Accidental,1st Owner,"7,693",Petrol,26 Jun 2022,MANUAL,HR-85-x-xxxx,Zero_Dep,Nov 2022,October 2020,Maruti,Swift ZXI+ MANUAL,Chandigarh,https://www.cars24.com/buy-used-maruti-swift-2020-cars-chandigarh-1162339361/,"7,62,299"
33,Non-Accidental,1st Owner,"25,593",Petrol,04 Jul 2022,MANUAL,CH-01-x-xxxx,3rd Party,Aug 2023,July 2020,Honda,Amaze 1.2 VXMT I VTEC MANUAL,Chandigarh,https://www.cars24.com/buy-used-honda-amaze-2020-cars-chandigarh-1163732160/,"7,54,299"
34,Non-Accidental,1st Owner,"46,998",Diesel,05 Jul 2022,MANUAL,PB-10-x-xxxx,3rd Party,Jul 2023,March 2018,Ford,Ecosport 1.5 TREND TDCI MANUAL,Chandigarh,https://www.cars24.com/buy-used-ford-ecosport-2018-cars-ludhiana-1291730207/,"7,45,849"
35,Non-Accidental,1st Owner,"9,343",Petrol,06 Jul 2022,MANUAL,PB-65-x-xxxx,Zero Depreciation,Nov 2022,November 2021,Maruti,Baleno ZETA 1.2 K12 MANUAL,Chandigarh,https://www.cars24.com/buy-used-maruti-baleno-2021-cars-chandigarh-1160154264/,"7,35,599"
36,Non-Accidental,1st Owner,"57,045",Diesel,06 Jul 2022,MANUAL,CH-01-x-xxxx,3rd Party,Jul 2023,September 2016,Maruti,Vitara Brezza ZDI MANUAL,Chandigarh,https://www.cars24.com/buy-used-maruti-vitara-brezza-2016-cars-chandigarh-1161266262/,"7,35,399"
37,Non-Accidental,1st Owner,"22,364",Petrol,01 Jul 2022,MANUAL,CH-01-x-xxxx,3rd Party,Jul 2023,July 2019,Maruti,Baleno ZETA 1.2 K12 MANUAL,Chandigarh,https://www.cars24.com/buy-used-maruti-baleno-2019-cars-chandigarh-11647495757/,"7,17,799"
38,Non-Accidental,1st Owner,"92,916",Diesel,01 Jul 2022,MANUAL,PB-91-x-xxxx,3rd Party,Jul 2023,August 2018,Ford,Ecosport 1.5 TREND TDCI MANUAL,Chandigarh,https://www.cars24.com/buy-used-ford-ecosport-2018-cars-ludhiana-1295384123/,"7,00,699"
39,Non-Accidental,2nd Owner,"53,183",Petrol,04 Jul 2022,MANUAL,PB-08-x-xxxx,3rd Party,Jul 2023,April 2018,Toyota,YARIS J MT MANUAL,Chandigarh,https://www.cars24.com/buy-used-toyota-yaris-2018-cars-ludhiana-1096850848/,"6,96,499"
40,Non-Accidental,1st Owner,"25,056",Petrol,02 Jul 2022,MANUAL,HR-86-x-xxxx,Zero Depreciation,Jan 2023,January 2019,Tata,NEXON XT 1.2 MANUAL,Chandigarh,https://www.cars24.com/buy-used-tata-nexon-2019-cars-chandigarh-2335875763/,"6,96,299"
41,Non-Accidental,1st Owner,"82,746",Diesel,29 Jun 2022,MANUAL,CH-01-x-xxxx,3rd Party,Jul 2023,May 2017,Maruti,Vitara Brezza VDI OPT MANUAL,Chandigarh,https://www.cars24.com/buy-used-maruti-vitara-brezza-2017-cars-chandigarh-1093815849/,"6,94,599"
42,Non-Accidental,1st Owner,"88,087",Diesel,05 Jul 2022,MANUAL,CH-01-x-xxxx,3rd Party,Jul 2023,April 2017,Maruti,S Cross ZETA 1.3 MANUAL,Chandigarh,https://www.cars24.com/buy-used-maruti-s-cross-2017-cars-chandigarh-1160476561/,"6,91,199"
43,Non-Accidental,1st Owner,"41,798",Diesel,07 Jul 2022,AUTOMATIC,HR-87-x-xxxx,3rd Party,Jul 2023,June 2018,Maruti,Swift VDI AMT AUTOMATIC,Chandigarh,https://www.cars24.com/buy-used-maruti-swift-2018-cars-chandigarh-11654095797/,"6,90,499"
44,Non-Accidental,1st Owner,"21,210",Petrol,27 Jun 2022,MANUAL,HR-02-x-xxxx,3rd Party,Jul 2023,May 2019,Maruti,Baleno ALPHA 1.2 K12 MANUAL,Chandigarh,https://www.cars24.com/buy-used-maruti-baleno-2019-cars-chandigarh-1161008766/,"6,80,699"
45,Non-Accidental,1st Owner,"51,152",Petrol,29 Jun 2022,MANUAL,PB-70-x-xxxx,3rd Party,Mar 2023,February 2020,Maruti,Baleno ALPHA 1.2 K12 MANUAL,Chandigarh,https://www.cars24.com/buy-used-maruti-baleno-2020-cars-ludhiana-1161083562/,"6,70,699"
46,Non-Accidental,1st Owner,"29,674",Petrol,27 Jun 2022,MANUAL,HR-19-x-xxxx,3rd Party,Jul 2023,March 2019,Maruti,Dzire VXI MANUAL,Chandigarh,https://www.cars24.com/buy-used-maruti-dzire-2019-cars-chandigarh-11604695798/,"6,66,399"
47,Non-Accidental,2nd Owner,"58,516",Diesel,06 Jul 2022,MANUAL,CH-01-x-xxxx,3rd Party,Jul 2023,October 2016,Maruti,Vitara Brezza LDI MANUAL,Chandigarh,https://www.cars24.com/buy-used-maruti-vitara-brezza-2016-cars-mohali-1091176768/,"6,52,799"
48,Non-Accidental,1st Owner,"21,118",Petrol,26 Jun 2022,MANUAL,CH-01-x-xxxx,Comprehensive,Feb 2023,January 2018,Hyundai,Elite i20 SPORTZ 1.2 MANUAL,Chandigarh,https://www.cars24.com/buy-used-hyundai-elite-i20-2018-cars-chandigarh-1169904060/,"6,34,399"
49,Non-Accidental,1st Owner,"1,48,558",Diesel,02 Jul 2022,MANUAL,HR-16-x-xxxx,3rd Party,Jul 2023,November 2017,Maruti,Vitara Brezza VDI OPT MANUAL,Chandigarh,https://www.cars24.com/buy-used-maruti-vitara-brezza-2017-cars-chandigarh-1481764140/,"6,33,599"
50,Non-Accidental,1st Owner,"70,710",Diesel,04 Jul 2022,MANUAL,HR-26-x-xxxx,3rd Party,Jul 2023,November 2016,Maruti,Vitara Brezza VDI MANUAL,Chandigarh,https://www.cars24.com/buy-used-maruti-vitara-brezza-2016-cars-chandigarh-1013389846/,"6,26,999"
51,Non-Accidental,1st Owner,"15,740",Petrol,29 Jun 2022,MANUAL,HR-03-x-xxxx,3rd Party,Jul 2023,September 2017,Maruti,Dzire VXI MANUAL,Chandigarh,https://www.cars24.com/buy-used-maruti-dzire-2017-cars-chandigarh-1168594661/,"6,13,799"
52,Non-Accidental,1st Owner,"25,555",Petrol,03 Jul 2022,MANUAL,HR-03-x-xxxx,3rd Party,Jul 2023,March 2019,Honda,Amaze 1.2 SMT I VTEC MANUAL,Chandigarh,https://www.cars24.com/buy-used-honda-amaze-2019-cars-chandigarh-1162764464/,"6,12,599"
53,Non-Accidental,2nd Owner,"19,201",Petrol,04 Jul 2022,MANUAL,PB-10-x-xxxx,3rd Party,Jul 2023,June 2020,Volkswagen,Polo Trendline 1.0 L Petrol MANUAL,Chandigarh,https://www.cars24.com/buy-used-volkswagen-polo-2020-cars-ludhiana-1295200268/,"5,87,499"
54,Non-Accidental,1st Owner,"45,563",Petrol,02 Jul 2022,MANUAL,CH-01-x-xxxx,3rd Party,Jul 2023,February 2019,Hyundai,Elite i20 1.2 MAGNA PLUS VTVT MANUAL,Chandigarh,https://www.cars24.com/buy-used-hyundai-elite-i20-2019-cars-chandigarh-1480795161/,"5,84,699"
55,Non-Accidental,1st Owner,"30,999",Petrol,28 Jun 2022,MANUAL,PB-91-x-xxxx,3rd Party,Jul 2023,January 2019,Honda,Amaze 1.2 EMT I VTEC MANUAL,Chandigarh,https://www.cars24.com/buy-used-honda-amaze-2019-cars-chandigarh-1293363364/,"5,66,599"
56,Non-Accidental,2nd Owner,"84,890",Diesel,01 Jul 2022,MANUAL,PB-13-x-xxxx,3rd Party,Jul 2023,July 2018,Ford,FREESTYLE TREND 1.5 TDCI MT MANUAL,Chandigarh,https://www.cars24.com/buy-used-ford-freestyle-2018-cars-chandigarh-1291412260/,"5,59,099"
57,Non-Accidental,1st Owner,"18,431",Petrol,01 Jul 2022,MANUAL,HR-03-x-xxxx,3rd Party,Jul 2023,July 2020,Hyundai,GRAND I10 NIOS MAGNA 1.2 MT MANUAL,Chandigarh,https://www.cars24.com/buy-used-hyundai-grand-i10-nios-2020-cars-chandigarh-1164537369/,"5,49,799"
58,Non-Accidental,1st Owner,"21,277",Petrol,03 Jul 2022,MANUAL,HR-26-x-xxxx,3rd Party,Jul 2023,April 2018,Hyundai,Elite i20 Magna Executive 1.2 MANUAL,Chandigarh,https://www.cars24.com/buy-used-hyundai-elite-i20-2018-cars-chandigarh-11699392757/,"5,46,899"
59,Non-Accidental,2nd Owner,"24,019",Petrol,01 Jul 2022,MANUAL,PB-02-x-xxxx,3rd Party,Jul 2023,July 2016,Maruti,Baleno DELTA 1.2 K12 MANUAL,Chandigarh,https://www.cars24.com/buy-used-maruti-baleno-2016-cars-ludhiana-1297430568/,"5,45,399"
60,Non-Accidental,1st Owner,"53,315",Petrol,29 Jun 2022,MANUAL,HR-31-x-xxxx,3rd Party,Jul 2023,November 2017,Maruti,Baleno DELTA 1.2 K12 MANUAL,Chandigarh,https://www.cars24.com/buy-used-maruti-baleno-2017-cars-chandigarh-1160477769/,"5,44,999"
61,Non-Accidental,1st Owner,"13,880",Petrol,04 Jul 2022,MANUAL,HR-85-x-xxxx,3rd Party,Feb 2023,January 2019,Maruti,New Wagon-R VXI 1.2L MANUAL,Chandigarh,https://www.cars24.com/buy-used-maruti-new--wagon-r-2019-cars-chandigarh-11639492713/,"5,42,399"
62,Non-Accidental,1st Owner,"22,547",Petrol,26 Jun 2022,MANUAL,CH-01-x-xxxx,3rd Party,Jul 2023,December 2019,Hyundai,Grand i10 SPORTZ 1.2 KAPPA VTVT MANUAL,Chandigarh,https://www.cars24.com/buy-used-hyundai-grand-i10-2019-cars-chandigarh-11628193715/,"5,34,999"
63,Non-Accidental,1st Owner,"23,256",Petrol,06 Jul 2022,MANUAL,HR-03-x-xxxx,3rd Party,Jul 2023,December 2019,Hyundai,Grand i10 SPORTZ 1.2 KAPPA VTVT MANUAL,Chandigarh,https://www.cars24.com/buy-used-hyundai-grand-i10-2019-cars-chandigarh-11636190797/,"5,28,899"
64,Non-Accidental,1st Owner,"43,095",Diesel,06 Jul 2022,MANUAL,PB-65-x-xxxx,3rd Party,Jul 2023,August 2018,Hyundai,Grand i10 Sportz1.2 CRDI MANUAL,Chandigarh,https://www.cars24.com/buy-used-hyundai-grand-i10-2018-cars-ludhiana-11659598755/,"5,20,899"
65,Non-Accidental,2nd Owner,"64,244",Petrol,29 Jun 2022,MANUAL,CH-01-x-xxxx,3rd Party,Dec 2022,December 2015,Hyundai,Elite i20 SPORTZ (O) 1.2 MANUAL,Chandigarh,https://www.cars24.com/buy-used-hyundai-elite-i20-2015-cars-chandigarh-1166236562/,"5,16,355"
66,Non-Accidental,1st Owner,"30,904",Petrol,03 Jul 2022,MANUAL,PB-10-x-xxxx,Zero Depreciation,Jan 2023,January 2017,Honda,Jazz 1.2 SV MT MANUAL,Chandigarh,https://www.cars24.com/buy-used-honda-jazz-2017-cars-ludhiana-1295908561/,"5,14,999"
67,Non-Accidental,1st Owner,"6,074",Petrol,06 Jul 2022,MANUAL,CH-01-x-xxxx,3rd Party,Nov 2024,September 2021,Maruti,S PRESSO VXI PLUS MANUAL,Chandigarh,https://www.cars24.com/buy-used-maruti-s-presso-2021-cars-chandigarh-11648890715/,"5,06,699"
68,Non-Accidental,1st Owner,"25,089",Petrol,04 Jul 2022,MANUAL,CH-01-x-xxxx,3rd Party,Jul 2023,March 2019,Maruti,New Wagon-R ZXI 1.2 MANUAL,Chandigarh,https://www.cars24.com/buy-used-maruti-new--wagon-r-2019-cars-chandigarh-1091054169/,"5,02,699"
69,Non-Accidental,1st Owner,"6,834",Petrol,28 Jun 2022,MANUAL,CH-01-x-xxxx,3rd Party,Oct 2024,April 2021,Maruti,S PRESSO VXI PLUS MANUAL,Chandigarh,https://www.cars24.com/buy-used-maruti-s-presso-2021-cars-chandigarh-1160566266/,"5,00,099"
70,Non-Accidental,1st Owner,"1,21,058",Diesel,04 Jul 2022,MANUAL,HR-01-x-xxxx,3rd Party,Jul 2023,May 2017,Nissan,Sunny XE D MANUAL,Chandigarh,https://www.cars24.com/buy-used-nissan-sunny-2017-cars-chandigarh-1485687641/,"4,96,799"
71,Non-Accidental,1st Owner,"43,490",Petrol,04 Jul 2022,MANUAL,PB-28-x-xxxx,3rd Party,Jul 2023,July 2019,Hyundai,NEW SANTRO SPORTZ 1.1 MANUAL,Chandigarh,https://www.cars24.com/buy-used-hyundai-new-santro-2019-cars-ludhiana-1292098404/,"4,78,599"
72,Non-Accidental,1st Owner,"46,031",Petrol,25 Jun 2022,MANUAL,HR-03-x-xxxx,Comprehensive,May 2023,April 2018,Hyundai,Grand i10 MAGNA 1.2 VTVT MANUAL,Chandigarh,https://www.cars24.com/buy-used-hyundai-grand-i10-2018-cars-chandigarh-11622997718/,"4,74,799"
73,Non-Accidental,1st Owner,"22,221",Petrol,05 Jul 2022,MANUAL,PB-10-x-xxxx,3rd Party,Jul 2023,January 2020,Maruti,S PRESSO VXI PLUS MANUAL,Chandigarh,https://www.cars24.com/buy-used-maruti-s-presso-2020-cars-ludhiana-1293866764/,"4,67,099"
74,Non-Accidental,1st Owner,"24,376",Diesel,03 Jul 2022,MANUAL,HR-26-x-xxxx,3rd Party,Jul 2023,April 2013,Maruti,Swift Dzire ZDI MANUAL,Chandigarh,https://www.cars24.com/buy-used-maruti-swift-dzire-2013-cars-chandigarh-1489604268/,"4,62,699"
75,Non-Accidental,1st Owner,"53,040",Petrol,06 Jul 2022,MANUAL,CH-01-x-xxxx,3rd Party,Jul 2023,March 2014,Maruti,Swift VXI MANUAL,Chandigarh,https://www.cars24.com/buy-used-maruti-swift-2014-cars-chandigarh-1166520966/,"4,54,099"
76,Non-Accidental,1st Owner,"61,566",Petrol,05 Jul 2022,MANUAL,HR-70-x-xxxx,3rd Party,Jul 2023,March 2015,Maruti,Swift VXI MANUAL,Chandigarh,https://www.cars24.com/buy-used-maruti-swift-2015-cars-zirakpur-1489632361/,"4,49,799"
77,Non-Accidental,1st Owner,"16,297",Petrol,02 Jul 2022,MANUAL,PB-25-x-xxxx,3rd Party,Jun 2023,March 2020,Maruti,Alto VXI MANUAL,Chandigarh,https://www.cars24.com/buy-used-maruti-alto-2020-cars-ludhiana-12991895796/,"4,32,999"
78,Non-Accidental,1st Owner,"6,618",Petrol,06 Jul 2022,MANUAL,PB-91-x-xxxx,3rd Party,Jul 2023,June 2020,Maruti,Alto VXI MANUAL,Chandigarh,https://www.cars24.com/buy-used-maruti-alto-2020-cars-ludhiana-12984795794/,"4,32,999"
79,Non-Accidental,1st Owner,"20,269",Petrol,03 Jul 2022,MANUAL,PB-04-x-xxxx,3rd Party,Oct 2022,September 2019,Maruti,S PRESSO VXI PLUS MANUAL,Chandigarh,https://www.cars24.com/buy-used-maruti-s-presso-2019-cars-ludhiana-12973793753/,"4,31,299"
80,Non-Accidental,1st Owner,"1,21,122",Diesel,04 Jul 2022,MANUAL,HR-72-x-xxxx,3rd Party,Jul 2023,February 2015,Maruti,Swift VDI ABS MANUAL,Chandigarh,https://www.cars24.com/buy-used-maruti-swift-2015-cars-chandigarh-1015027349/,"4,29,199"
81,Non-Accidental,1st Owner,"8,550",Petrol,05 Jul 2022,AUTOMATIC,HR-49-x-xxxx,3rd Party,Jul 2023,January 2019,Maruti,Alto K10 VXI (O) AMT AUTOMATIC,Chandigarh,https://www.cars24.com/buy-used-maruti-alto-k10-2019-cars-chandigarh-2331676609/,"4,26,099"
82,Non-Accidental,1st Owner,"82,397",Petrol,02 Jul 2022,MANUAL,PB-91-x-xxxx,3rd Party,Jul 2023,March 2018,Maruti,Celerio X Zxi MANUAL,Chandigarh,https://www.cars24.com/buy-used-maruti-celerio-x-2018-cars-ludhiana-1292538863/,"4,22,799"
83,Non-Accidental,1st Owner,"18,184",Petrol,04 Jul 2022,AUTOMATIC,PB-70-x-xxxx,3rd Party,Jul 2023,August 2018,Maruti,Alto K10 VXI (O) AMT AUTOMATIC,Chandigarh,https://www.cars24.com/buy-used-maruti-alto-k10-2018-cars-ludhiana-1164326464/,"4,21,499"
84,Non-Accidental,1st Owner,"14,421",Petrol,06 Jul 2022,MANUAL,HR-02-x-xxxx,3rd Party,Jul 2023,July 2020,Maruti,Alto VXI MANUAL,Chandigarh,https://www.cars24.com/buy-used-maruti-alto-2020-cars-chandigarh-1165030564/,"4,20,399"
85,Non-Accidental,1st Owner,"18,152",Petrol,29 Jun 2022,MANUAL,HR-49-x-xxxx,Comprehensive,Mar 2023,February 2020,Maruti,Alto VXI MANUAL,Chandigarh,https://www.cars24.com/buy-used-maruti-alto-2020-cars-chandigarh-11627190751/,"4,20,399"
86,Non-Accidental,1st Owner,"25,937",Petrol,29 Jun 2022,MANUAL,PB-65-x-xxxx,3rd Party,Feb 2023,January 2018,Maruti,Alto K10 VXI MANUAL,Chandigarh,https://www.cars24.com/buy-used-maruti-alto-k10-2018-cars-chandigarh-11695590754/,"4,19,699"
87,Non-Accidental,1st Owner,"42,653",Petrol,04 Jul 2022,MANUAL,HR-54-x-xxxx,3rd Party,Mar 2023,March 2020,Maruti,Alto VXI MANUAL,Chandigarh,https://www.cars24.com/buy-used-maruti-alto-2020-cars-chandigarh-11699896798/,"4,19,099"
88,Non-Accidental,1st Owner,"88,120",Petrol,03 Jul 2022,MANUAL,HR-01-x-xxxx,Zero Depreciation,Jan 2023,December 2020,Maruti,S PRESSO VXI MANUAL,Chandigarh,https://www.cars24.com/buy-used-maruti-s-presso-2020-cars-chandigarh-11641899779/,"4,17,099"
89,Non-Accidental,1st Owner,"46,189",Petrol,03 Jul 2022,MANUAL,PB-02-x-xxxx,3rd Party,Jul 2023,September 2019,Maruti,S PRESSO VXI PLUS MANUAL,Chandigarh,https://www.cars24.com/buy-used-maruti-s-presso-2019-cars-chandigarh-1292796367/,"4,15,499"
90,Non-Accidental,1st Owner,"8,090",Petrol,29 Jun 2022,MANUAL,PB-08-x-xxxx,3rd Party,Jul 2023,May 2018,Maruti,Alto K10 VXI MANUAL,Chandigarh,https://www.cars24.com/buy-used-maruti-alto-k10-2018-cars-ludhiana-1290250266/,"4,10,299"
91,Non-Accidental,2nd Owner,"15,341",Petrol,04 Jul 2022,MANUAL,PB-91-x-xxxx,Zero Depreciation,Oct 2022,May 2018,Maruti,Wagon R 1.0 VXI MANUAL,Chandigarh,https://www.cars24.com/buy-used-maruti-wagon-r-1.0-2018-cars-ludhiana-1294425461/,"4,08,399"
92,Non-Accidental,1st Owner,"23,323",Petrol,06 Jul 2022,MANUAL,PB-08-x-xxxx,Zero Depreciation,Mar 2023,March 2018,Maruti,Alto K10 VXI MANUAL,Chandigarh,https://www.cars24.com/buy-used-maruti-alto-k10-2018-cars-ludhiana-1292366761/,"4,07,799"
93,Non-Accidental,1st Owner,"20,346",Petrol,29 Jun 2022,MANUAL,HR-03-x-xxxx,Comprehensive,Nov 2022,September 2015,Hyundai,Grand i10 MAGNA 1.2 KAPPA VTVT MANUAL,Chandigarh,https://www.cars24.com/buy-used-hyundai-grand-i10-2015-cars-chandigarh-11615093790/,"4,04,599"
94,Non-Accidental,2nd Owner,"1,08,890",Diesel,04 Jul 2022,MANUAL,HR-10-x-xxxx,3rd Party,Jul 2023,January 2014,Maruti,Swift Dzire VDI BS IV MANUAL,Chandigarh,https://www.cars24.com/buy-used-maruti-swift-dzire-2014-cars-chandigarh-1090575843/,"4,02,799"
95,Non-Accidental,1st Owner,"22,504",Petrol,05 Jul 2022,MANUAL,HR-12-x-xxxx,Third_party,Jul 2023,July 2020,Maruti,S PRESSO VXI PLUS MANUAL,Chandigarh,https://www.cars24.com/buy-used-maruti-s-presso-2020-cars-chandigarh-1160817469/,"4,02,199"
96,Non-Accidental,1st Owner,"42,124",Petrol,29 Jun 2022,MANUAL,HR-06-x-xxxx,3rd Party,Jul 2023,June 2018,Maruti,Alto K10 VXI MANUAL,Chandigarh,https://www.cars24.com/buy-used-maruti-alto-k10-2018-cars-chandigarh-11617298794/,"4,01,099"
97,Non-Accidental,1st Owner,"23,193",Petrol,01 Jul 2022,MANUAL,PB-09-x-xxxx,Zero Depreciation,Nov 2022,November 2017,Maruti,Alto K10 VXI MANUAL,Chandigarh,https://www.cars24.com/buy-used-maruti-alto-k10-2017-cars-ludhiana-1291046162/,"3,97,399"
98,Non-Accidental,1st Owner,"30,592",Petrol,01 Jul 2022,MANUAL,PB-28-x-xxxx,Zero Depreciation,Apr 2023,January 2019,Maruti,Alto K10 VXI MANUAL,Chandigarh,https://www.cars24.com/buy-used-maruti-alto-k10-2019-cars-ludhiana-12974397795/,"3,95,799"
99,Non-Accidental,1st Owner,"20,300",Petrol,04 Jul 2022,MANUAL,PB-10-x-xxxx,3rd Party,Oct 2022,September 2018,Maruti,Alto K10 VXI MANUAL,Chandigarh,https://www.cars24.com/buy-used-maruti-alto-k10-2018-cars-ludhiana-1295734667/,"3,95,599"
100,Non-Accidental,1st Owner,"10,796",Petrol,02 Jul 2022,MANUAL,PB-30-x-xxxx,Zero Depreciation,Feb 2023,January 2020,Maruti,Alto LXI MANUAL,Chandigarh,https://www.cars24.com/buy-used-maruti-alto-2020-cars-chandigarh-1162324361/,"3,95,399"
101,Non-Accidental,1st Owner,"31,620",Petrol,27 Jun 2022,MANUAL,HR-03-x-xxxx,3rd Party,Jul 2023,June 2021,Maruti,Alto VXI MANUAL,Chandigarh,https://www.cars24.com/buy-used-maruti-alto-2021-cars-panchkula-2338458464/,"3,94,799"
102,Non-Accidental,1st Owner,"36,411",Petrol,29 Jun 2022,MANUAL,PB-65-x-xxxx,3rd Party,Jul 2023,February 2017,Maruti,Alto K10 VXI MANUAL,Chandigarh,https://www.cars24.com/buy-used-maruti-alto-k10-2017-cars-chandigarh-1161270264/,"3,94,699"
103,Non-Accidental,2nd Owner,"37,118",Petrol,29 Jun 2022,MANUAL,PB-65-x-xxxx,3rd Party,Jul 2023,July 2018,Maruti,Alto K10 VXI MANUAL,Chandigarh,https://www.cars24.com/buy-used-maruti-alto-k10-2018-cars-zirakpur-1487530963/,"3,89,699"
104,Non-Accidental,1st Owner,"42,494",Petrol,26 Jun 2022,MANUAL,PB-09-x-xxxx,3rd Party,Oct 2022,October 2017,Maruti,Alto K10 VXI MANUAL,Chandigarh,https://www.cars24.com/buy-used-maruti-alto-k10-2017-cars-chandigarh-1160880660/,"3,89,699"
105,Non-Accidental,1st Owner,"36,332",Petrol,27 Jun 2022,MANUAL,PB-02-x-xxxx,3rd Party,Jul 2023,April 2019,Maruti,Alto VXI MANUAL,Chandigarh,https://www.cars24.com/buy-used-maruti-alto-2019-cars-ludhiana-1292746767/,"3,87,499"
106,Non-Accidental,1st Owner,"30,512",Petrol,06 Jul 2022,MANUAL,PB-23-x-xxxx,Comprehensive,Dec 2022,August 2017,Maruti,Alto K10 VXI MANUAL,Chandigarh,https://www.cars24.com/buy-used-maruti-alto-k10-2017-cars-ludhiana-1296130461/,"3,86,099"
107,Non-Accidental,1st Owner,"56,419",Petrol,26 Jun 2022,MANUAL,HR-24-x-xxxx,3rd Party,Jul 2023,February 2017,Maruti,Alto K10 VXI MANUAL,Chandigarh,https://www.cars24.com/buy-used-maruti-alto-k10-2017-cars-chandigarh-11661694718/,"3,85,499"
108,Non-Accidental,4th Owner,"65,927",Petrol,28 Jun 2022,MANUAL,CH-01-x-xxxx,3rd Party,Jul 2023,January 2011,Honda,Accord 2.4 MT MANUAL,Chandigarh,https://www.cars24.com/buy-used-honda-accord-2011-cars-chandigarh-2330295361/,"3,79,999"
109,Non-Accidental,2nd Owner,"45,795",Petrol,01 Jul 2022,MANUAL,HR-36-x-xxxx,3rd Party,Jul 2023,May 2017,Maruti,Alto K10 VXI MANUAL,Chandigarh,https://www.cars24.com/buy-used-maruti-alto-k10-2017-cars-chandigarh-11641092757/,"3,79,699"
110,Non-Accidental,1st Owner,"14,354",Petrol,05 Jul 2022,MANUAL,PB-08-x-xxxx,3rd Party,Jul 2023,June 2018,Maruti,Alto K10 VXI MANUAL,Chandigarh,https://www.cars24.com/buy-used-maruti-alto-k10-2018-cars-ludhiana-1290235068/,"3,78,599"
111,Non-Accidental,1st Owner,"32,805",Petrol,06 Jul 2022,MANUAL,PB-36-x-xxxx,3rd Party,Jul 2023,April 2018,Maruti,Alto K10 VXI MANUAL,Chandigarh,https://www.cars24.com/buy-used-maruti-alto-k10-2018-cars-ludhiana-1294760167/,"3,77,999"
112,Non-Accidental,1st Owner,"67,985",Petrol,01 Jul 2022,MANUAL,HR-59-x-xxxx,3rd Party,Jul 2023,April 2018,Maruti,Alto K10 VXI MANUAL,Chandigarh,https://www.cars24.com/buy-used-maruti-alto-k10-2018-cars-chandigarh-11632299795/,"3,75,899"
113,Non-Accidental,1st Owner,"24,949",Petrol,06 Jul 2022,MANUAL,PB-09-x-xxxx,3rd Party,Jul 2023,April 2017,Maruti,Alto K10 VXI MANUAL,Chandigarh,https://www.cars24.com/buy-used-maruti-alto-k10-2017-cars-ludhiana-1291114068/,"3,74,499"
114,Non-Accidental,1st Owner,"17,627",Petrol,06 Jul 2022,MANUAL,PB-10-x-xxxx,3rd Party,Dec 2022,November 2017,Maruti,Alto K10 VXI MANUAL,Chandigarh,https://www.cars24.com/buy-used-maruti-alto-k10-2017-cars-ludhiana-1480678664/,"3,73,499"
115,Non-Accidental,1st Owner,"44,421",Petrol,02 Jul 2022,MANUAL,PB-65-x-xxxx,3rd Party,Jul 2023,May 2017,Maruti,Alto K10 VXI MANUAL,Chandigarh,https://www.cars24.com/buy-used-maruti-alto-k10-2017-cars-chandigarh-2333952069/,"3,63,999"
116,Non-Accidental,1st Owner,"44,350",Petrol,29 Jun 2022,MANUAL,PB-23-x-xxxx,Third_party,Feb 2023,January 2020,Maruti,Alto LXI MANUAL,Chandigarh,https://www.cars24.com/buy-used-maruti-alto-2020-cars-chandigarh-1298457260/,"3,63,999"
117,Non-Accidental,1st Owner,"23,725",Petrol,03 Jul 2022,MANUAL,PB-11-x-xxxx,3rd Party,Jul 2023,February 2018,Maruti,Alto K10 VXI MANUAL,Chandigarh,https://www.cars24.com/buy-used-maruti-alto-k10-2018-cars-ludhiana-1168414703/,"3,61,699"
118,Non-Accidental,1st Owner,"8,331",Petrol,06 Jul 2022,MANUAL,PB-08-x-xxxx,Third_party,Sept 2023,September 2020,Maruti,Alto LXI MANUAL,Chandigarh,https://www.cars24.com/buy-used-maruti-alto-2020-cars-ludhiana-1291469360/,"3,59,799"
119,Non-Accidental,1st Owner,"27,433",Petrol,04 Jul 2022,MANUAL,PB-10-x-xxxx,3rd Party,Jul 2023,December 2017,Maruti,Alto K10 VXI MANUAL,Chandigarh,https://www.cars24.com/buy-used-maruti-alto-k10-2017-cars-ludhiana-1294148964/,"3,59,599"
120,Non-Accidental,1st Owner,"23,608",Petrol,01 Jul 2022,MANUAL,PB-10-x-xxxx,3rd Party,Apr 2023,April 2016,Maruti,Alto K10 VXI MANUAL,Chandigarh,https://www.cars24.com/buy-used-maruti-alto-k10-2016-cars-ludhiana-12929297717/,"3,59,199"
121,Non-Accidental,2nd Owner,"59,656",Petrol,03 Jul 2022,AUTOMATIC,HR-07-x-xxxx,3rd Party,Jul 2023,February 2018,Maruti,Alto K10 VXI (O) AMT AUTOMATIC,Chandigarh,https://www.cars24.com/buy-used-maruti-alto-k10-2018-cars-chandigarh-1160748467/,"3,55,799"
122,Non-Accidental,1st Owner,"23,476",Petrol,05 Jul 2022,MANUAL,PB-25-x-xxxx,3rd Party,Jul 2023,January 2020,Maruti,Alto LXI MANUAL,Chandigarh,https://www.cars24.com/buy-used-maruti-alto-2020-cars-chandigarh-1296575109/,"3,54,399"
123,Non-Accidental,1st Owner,"53,141",Petrol,02 Jul 2022,MANUAL,CH-01-x-xxxx,3rd Party,Jul 2023,March 2019,Maruti,Alto 800 LXI MANUAL,Chandigarh,https://www.cars24.com/buy-used-maruti-alto-800-2019-cars-chandigarh-1488758500/,"3,52,899"
124,Non-Accidental,1st Owner,"45,416",Petrol,02 Jul 2022,MANUAL,PB-91-x-xxxx,3rd Party,Oct 2022,May 2019,Maruti,Alto LXI MANUAL,Chandigarh,https://www.cars24.com/buy-used-maruti-alto-2019-cars-ludhiana-1294313967/,"3,44,999"
125,Non-Accidental,1st Owner,"24,865",Petrol,06 Jul 2022,MANUAL,CH-01-x-xxxx,3rd Party,Dec 2022,December 2020,Maruti,Alto LXI MANUAL,Chandigarh,https://www.cars24.com/buy-used-maruti-alto-2020-cars-chandigarh-11620390716/,"3,44,999"
126,Non-Accidental,1st Owner,"13,672",Petrol,28 Jun 2022,MANUAL,PB-70-x-xxxx,Zero Depreciation,Nov 2022,November 2019,Maruti,Alto LXI MANUAL,Chandigarh,https://www.cars24.com/buy-used-maruti-alto-2019-cars-chandigarh-1482992363/,"3,44,999"
127,Non-Accidental,1st Owner,"56,702",Petrol,04 Jul 2022,MANUAL,PB-03-x-xxxx,3rd Party,Oct 2022,April 2016,Maruti,Alto K10 VXI MANUAL,Chandigarh,https://www.cars24.com/buy-used-maruti-alto-k10-2016-cars-chandigarh-1160746864/,"3,42,599"
128,Non-Accidental,1st Owner,"27,063",Petrol,06 Jul 2022,MANUAL,HR-03-x-xxxx,3rd Party,Jul 2023,August 2017,Maruti,Alto K10 VXI MANUAL,Chandigarh,https://www.cars24.com/buy-used-maruti-alto-k10-2017-cars-chandigarh-1165802303/,"3,42,499"
129,Non-Accidental,3rd Owner,"23,303",Petrol,28 Jun 2022,MANUAL,PB-10-x-xxxx,3rd Party,Jul 2023,April 2019,Maruti,Alto LXI MANUAL,Chandigarh,https://www.cars24.com/buy-used-maruti-alto-2019-cars-chandigarh-1298638345/,"3,41,099"
130,Non-Accidental,1st Owner,"91,136",Diesel,28 Jun 2022,MANUAL,PB-10-x-xxxx,3rd Party,Jul 2023,May 2016,Mahindra,Kuv100 K2 D 6 STR MANUAL,Chandigarh,https://www.cars24.com/buy-used-mahindra-kuv100-2016-cars-chandigarh-1294281046/,"3,37,499"
131,Non-Accidental,1st Owner,"52,305",Petrol,02 Jul 2022,MANUAL,HR-03-x-xxxx,3rd Party,Nov 2022,November 2017,Maruti,Alto K10 VXI MANUAL,Chandigarh,https://www.cars24.com/buy-used-maruti-alto-k10-2017-cars-chandigarh-1162581265/,"3,33,999"
132,Non-Accidental,1st Owner,"62,079",Petrol,25 Jun 2022,MANUAL,HR-02-x-xxxx,3rd Party,Jul 2023,January 2018,Renault,Kwid 1.0 RXT Opt MANUAL,Chandigarh,https://www.cars24.com/buy-used-renault-kwid-2018-cars-chandigarh-1164402266/,"3,32,899"
133,Non-Accidental,1st Owner,"16,065",Petrol,04 Jul 2022,MANUAL,CH-01-x-xxxx,3rd Party,Feb 2023,February 2018,Maruti,Alto 800 LXI MANUAL,Chandigarh,https://www.cars24.com/buy-used-maruti-alto-800-2018-cars-chandigarh-1166533765/,"3,30,999"
134,Non-Accidental,1st Owner,"40,210",Petrol,03 Jul 2022,MANUAL,PB-91-x-xxxx,3rd Party,Jul 2023,August 2018,Maruti,Alto 800 LXI MANUAL,Chandigarh,https://www.cars24.com/buy-used-maruti-alto-800-2018-cars-ludhiana-1290260867/,"3,30,499"
135,Non-Accidental,2nd Owner,"29,948",Petrol,26 Jun 2022,MANUAL,PB-70-x-xxxx,3rd Party,Jul 2023,November 2019,Maruti,Alto LXI MANUAL,Chandigarh,https://www.cars24.com/buy-used-maruti-alto-2019-cars-chandigarh-1166093501/,"3,27,999"
136,Non-Accidental,1st Owner,"43,828",Petrol,26 Jun 2022,MANUAL,PB-30-x-xxxx,3rd Party,Jul 2023,June 2018,Maruti,Alto 800 LXI MANUAL,Chandigarh,https://www.cars24.com/buy-used-maruti-alto-800-2018-cars-ludhiana-1166616967/,"3,25,699"
137,Non-Accidental,2nd Owner,"41,921",Petrol,02 Jul 2022,MANUAL,HR-80-x-xxxx,3rd Party,Jul 2023,February 2019,Maruti,Alto 800 VXI MANUAL,Chandigarh,https://www.cars24.com/buy-used-maruti-alto-800-2019-cars-chandigarh-1162180066/,"3,15,799"
138,Non-Accidental,1st Owner,"48,987",Petrol,02 Jul 2022,MANUAL,PB-65-x-xxxx,3rd Party,Jul 2023,April 2014,Maruti,Alto K10 VXI MANUAL,Chandigarh,https://www.cars24.com/buy-used-maruti-alto-k10-2014-cars-chandigarh-1094624363/,"3,11,399"
139,Non-Accidental,1st Owner,"60,647",Petrol,04 Jul 2022,MANUAL,HR-01-x-xxxx,3rd Party,Jul 2023,July 2017,Hyundai,Eon ERA PLUS MANUAL,Chandigarh,https://www.cars24.com/buy-used-hyundai-eon-2017-cars-chandigarh-1163300964/,"3,09,599"
140,Non-Accidental,1st Owner,"64,280",Petrol,05 Jul 2022,MANUAL,HR-03-x-xxxx,3rd Party,Jul 2023,February 2017,Hyundai,Eon ERA PLUS MANUAL,Chandigarh,https://www.cars24.com/buy-used-hyundai-eon-2017-cars-chandigarh-11632490779/,"3,06,799"
141,Non-Accidental,1st Owner,"27,118",Petrol,01 Jul 2022,MANUAL,CH-01-x-xxxx,3rd Party,Jul 2023,October 2018,Maruti,Alto 800 LXI MANUAL,Chandigarh,https://www.cars24.com/buy-used-maruti-alto-800-2018-cars-chandigarh-1168456360/,"3,04,199"
142,Non-Accidental,2nd Owner,"62,550",Petrol,02 Jul 2022,MANUAL,HR-02-x-xxxx,3rd Party,Jul 2023,February 2016,Maruti,Alto K10 VXI MANUAL,Chandigarh,https://www.cars24.com/buy-used-maruti-alto-k10-2016-cars-chandigarh-2333363500/,"2,93,799"
143,Non-Accidental,1st Owner,"32,702",Petrol,05 Jul 2022,MANUAL,HR-49-x-xxxx,3rd Party,Jul 2023,April 2015,Maruti,Alto K10 VXI MANUAL,Chandigarh,https://www.cars24.com/buy-used-maruti-alto-k10-2015-cars-chandigarh-1163941261/,"2,91,699"
144,Non-Accidental,2nd Owner,"58,284",Petrol,29 Jun 2022,MANUAL,HR-51-x-xxxx,3rd Party,Oct 2022,May 2016,Maruti,Alto 800 LXI MANUAL,Chandigarh,https://www.cars24.com/buy-used-maruti-alto-800-2016-cars-chandigarh-11668291793/,"2,90,199"
145,Non-Accidental,2nd Owner,"42,185",Petrol,01 Jul 2022,MANUAL,CH-01-x-xxxx,3rd Party,Jul 2023,January 2015,Maruti,Alto K10 VXI MANUAL,Chandigarh,https://www.cars24.com/buy-used-maruti-alto-k10-2015-cars-chandigarh-1169185669/,"2,72,599"
