,history,owner,kilometers,fuel,last_service,transmission,registration,insurance_type,insurance_validity,year,brand,model,location,url,price
0,Non-Accidental,1st Owner,"14,674",Petrol,31 Jan 2022,MANUAL,TN-09-x-xxxx,Zero Depreciation,Nov 2022,November 2019,Hyundai,VENUE 1.0L Turbo GDI SX(O) MT MANUAL,Coimbatore,https://www.cars24.com/buy-used-hyundai-venue-2019-cars-coimbatore-1136355760/,"10,09,599"
1,Non-Accidental,2nd Owner,"26,685",Petrol,28 Jun 2022,MANUAL,TN-04-x-xxxx,3rd Party,Jul 2023,February 2018,Hyundai,Verna 1.6 SX VTVT MANUAL,Coimbatore,https://www.cars24.com/buy-used-hyundai-verna-2018-cars-coimbatore-1139510729/,"8,94,799"
2,Non-Accidental,1st Owner,"40,643",Petrol,27 Jun 2022,MANUAL,TN-14-x-xxxx,Comprehensive,Dec 2022,November 2017,Honda,City V MT PETROL MANUAL,Coimbatore,https://www.cars24.com/buy-used-honda-city-2017-cars-coimbatore-1134435362/,"7,96,899"
3,Non-Accidental,1st Owner,"48,930",Petrol,05 Jul 2022,MANUAL,TN-66-x-xxxx,3rd Party,Jul 2023,February 2018,Ford,Ecosport 1.5 TITANIUM TI VCT MANUAL,Coimbatore,https://www.cars24.com/buy-used-ford-ecosport-2018-cars-coimbatore-1135783601/,"7,83,999"
4,Non-Accidental,1st Owner,"49,418",Petrol,25 Jun 2022,NA,TN-91-x-xxxx,Comp,Dec 2022,October 2017,Maruti,Ciaz ZETA 1.4 AT,Coimbatore,https://www.cars24.com/buy-used-maruti-ciaz-2017-cars-coimbatore-1136581467/,"7,72,894"
5,Non-Accidental,1st Owner,"62,241",Diesel,27 Jun 2022,MANUAL,TN-12-x-xxxx,3rd Party,Jul 2023,March 2016,Maruti,Ertiga VDI SHVS MANUAL,Coimbatore,https://www.cars24.com/buy-used-maruti-ertiga-2016-cars-coimbatore-1132009869/,"7,63,499"
6,Non-Accidental,1st Owner,"81,824",Petrol,01 Jul 2022,MANUAL,TN-59-x-xxxx,3rd Party,Jul 2023,January 2017,Honda,City V MT PETROL MANUAL,Coimbatore,https://www.cars24.com/buy-used-honda-city-2017-cars-coimbatore-1135357542/,"7,17,599"
7,Non-Accidental,1st Owner,"44,322",Petrol,06 Apr 2022,AUTOMATIC,TN-23-x-xxxx,3rd Party,Jul 2023,July 2018,Honda,Amaze 1.2 V CVT I VTEC AUTOMATIC,Coimbatore,https://www.cars24.com/buy-used-honda-amaze-2018-cars-coimbatore-1134252066/,"6,89,699"
8,Non-Accidental,1st Owner,"32,875",Petrol,29 Jun 2022,AUTOMATIC,TN-58-x-xxxx,3rd Party,Jul 2023,January 2019,Maruti,Swift VXI AMT AUTOMATIC,Coimbatore,https://www.cars24.com/buy-used-maruti-swift-2019-cars-coimbatore-1135294866/,"6,86,199"
9,Non-Accidental,1st Owner,"45,303",Diesel,02 Jul 2022,AUTOMATIC,TN-19-x-xxxx,3rd Party,Jul 2023,September 2017,Maruti,Dzire VDI AMT AUTOMATIC,Coimbatore,https://www.cars24.com/buy-used-maruti-dzire-2017-cars-coimbatore-1130037204/,"6,59,799"
10,Non-Accidental,1st Owner,"26,838",Petrol,04 Jul 2022,MANUAL,TN-85-x-xxxx,Zero Depreciation,Nov 2022,March 2019,Hyundai,Grand i10 SPORTZ 1.2 KAPPA VTVT MANUAL,Coimbatore,https://www.cars24.com/buy-used-hyundai-grand-i10-2019-cars-coimbatore-1132275860/,"5,73,699"
11,Non-Accidental,1st Owner,"37,842",Petrol,01 Jul 2022,MANUAL,TN-01-x-xxxx,3rd Party,Jul 2023,February 2016,Maruti,Baleno ZETA 1.2 K12 MANUAL,Coimbatore,https://www.cars24.com/buy-used-maruti-baleno-2016-cars-coimbatore-1130170945/,"5,69,599"
12,,,,,,,,,,,,,Coimbatore,https://www.cars24.com/buy-used-maruti-swift-2017-cars-coimbatore-1132999802/,"5,62,399"
13,Non-Accidental,1st Owner,"33,321",Petrol,24 Jun 2022,MANUAL,TN-03-x-xxxx,3rd Party,Jul 2023,May 2017,Maruti,Swift VXI MANUAL,Coimbatore,https://www.cars24.com/buy-used-maruti-swift-2017-cars-coimbatore-1132812306/,"5,62,399"
14,Non-Accidental,1st Owner,"1,52,097",Diesel,05 Jul 2022,MANUAL,TN-09-x-xxxx,3rd Party,Jul 2023,August 2015,Maruti,S Cross ZETA 1.3 MANUAL,Coimbatore,https://www.cars24.com/buy-used-maruti-s-cross-2015-cars-coimbatore-1135678505/,"5,61,699"
15,,,,,,,,,,,,,Coimbatore,https://www.cars24.com/buy-used-maruti-swift-2017-cars-coimbatore-1133689508/,"5,58,299"
16,Non-Accidental,1st Owner,"35,685",Petrol,06 Jul 2022,MANUAL,TN-07-x-xxxx,3rd Party,Jul 2023,January 2017,Maruti,Swift VXI MANUAL,Coimbatore,https://www.cars24.com/buy-used-maruti-swift-2017-cars-coimbatore-1132896628/,"5,42,999"
17,Non-Accidental,1st Owner,"7,269",Petrol,06 Jul 2022,AUTOMATIC,TN-66-x-xxxx,3rd Party,Jul 2023,March 2021,Renault,Kwid 1.0 RXT Opt AT AUTOMATIC,Coimbatore,https://www.cars24.com/buy-used-renault-kwid-2021-cars-coimbatore-1136693266/,"5,15,049"
18,Non-Accidental,1st Owner,"24,894",Petrol,06 Jul 2022,MANUAL,TN-09-x-xxxx,3rd Party,Jul 2023,January 2018,Maruti,IGNIS DELTA 1.2 K12 MANUAL,Coimbatore,https://www.cars24.com/buy-used-maruti-ignis-2018-cars-coimbatore-1134266247/,"5,10,299"
19,Non-Accidental,1st Owner,"33,544",Petrol,28 Jun 2022,MANUAL,TN-06-x-xxxx,3rd Party,Oct 2022,May 2019,Hyundai,NEW SANTRO SPORTZ 1.1 MANUAL,Coimbatore,https://www.cars24.com/buy-used-hyundai-new-santro-2019-cars-coimbatore-1132183903/,"5,01,099"
20,Non-Accidental,1st Owner,"24,009",Petrol,28 Jun 2022,MANUAL,TN-07-x-xxxx,3rd Party,Jul 2023,June 2018,Tata,Tiago XT 1.2 REVOTRON MANUAL,Coimbatore,https://www.cars24.com/buy-used-tata-tiago-2018-cars-coimbatore-1139866762/,"4,96,299"
21,Non-Accidental,1st Owner,"85,154",Diesel,01 Apr 2022,MANUAL,TN-37-x-xxxx,3rd Party,Jul 2023,January 2018,Mahindra,KUV 100 NXT K4+ D 6 SEATER MANUAL,Coimbatore,https://www.cars24.com/buy-used-mahindra-kuv-100-nxt-2018-cars-coimbatore-1130932560/,"4,94,699"
22,Non-Accidental,1st Owner,"48,095",Petrol,11 Feb 2022,AUTOMATIC,TN-10-x-xxxx,3rd Party,Jul 2023,June 2015,Honda,Brio 1.2 VX AT I VTEC AUTOMATIC,Coimbatore,https://www.cars24.com/buy-used-honda-brio-2015-cars-coimbatore-1131298164/,"4,66,899"
23,Non-Accidental,1st Owner,"21,177",Petrol,05 Jul 2022,MANUAL,TN-07-x-xxxx,3rd Party,Jul 2023,April 2019,Hyundai,NEW SANTRO SPORTZ 1.1 MANUAL,Coimbatore,https://www.cars24.com/buy-used-hyundai-new-santro-2019-cars-coimbatore-1130821447/,"4,66,399"
24,Non-Accidental,1st Owner,"23,854",Petrol,27 Jun 2022,MANUAL,TN-09-x-xxxx,3rd Party,Jul 2023,February 2018,Tata,Tiago XT 1.2 REVOTRON MANUAL,Coimbatore,https://www.cars24.com/buy-used-tata-tiago-2018-cars-coimbatore-1134057065/,"4,49,599"
25,Non-Accidental,1st Owner,"62,098",Diesel,25 Jun 2022,MANUAL,TN-22-x-xxxx,3rd Party,Jul 2023,February 2012,Maruti,Swift Dzire VDI BS IV MANUAL,Coimbatore,https://www.cars24.com/buy-used-maruti-swift-dzire-2012-cars-coimbatore-1138312749/,"4,43,799"
26,Non-Accidental,1st Owner,"41,656",Petrol,06 Apr 2022,AUTOMATIC,TN-01-x-xxxx,3rd Party,Jul 2023,April 2018,Renault,Kwid RXT 1.0 EASY-R AT OPTION AUTOMATIC,Coimbatore,https://www.cars24.com/buy-used-renault-kwid-2018-cars-coimbatore-1138120962/,"4,34,299"
27,Non-Accidental,1st Owner,"32,289",Petrol,25 Jun 2022,MANUAL,TN-10-x-xxxx,3rd Party,Jul 2023,January 2016,Maruti,Wagon R 1.0 VXI MANUAL,Coimbatore,https://www.cars24.com/buy-used-maruti-wagon-r-1.0-2016-cars-coimbatore-1139908767/,"4,29,999"
28,Non-Accidental,2nd Owner,"50,847",Petrol,29 Jun 2022,MANUAL,TN-22-x-xxxx,3rd Party,Jul 2023,April 2015,Hyundai,Grand i10 MAGNA 1.2 KAPPA VTVT MANUAL,Coimbatore,https://www.cars24.com/buy-used-hyundai-grand-i10-2015-cars-coimbatore-1132586325/,"4,18,899"
29,Non-Accidental,1st Owner,"36,247",Petrol,26 Feb 2022,MANUAL,TN-07-x-xxxx,3rd Party,Jul 2023,March 2016,Hyundai,i10 MAGNA 1.1 IRDE2 MANUAL,Coimbatore,https://www.cars24.com/buy-used-hyundai-i10-2016-cars-coimbatore-1139295268/,"3,93,299"
30,Non-Accidental,1st Owner,"41,501",Petrol,29 Jun 2022,MANUAL,TN-11-x-xxxx,3rd Party,Jul 2023,May 2017,Maruti,Alto K10 VXI MANUAL,Coimbatore,https://www.cars24.com/buy-used-maruti-alto-k10-2017-cars-coimbatore-1137748205/,"3,42,299"
31,Non-Accidental,1st Owner,"29,010",Petrol,05 Jul 2022,MANUAL,TN-02-x-xxxx,3rd Party,Jul 2023,May 2018,Maruti,Alto 800 LXI MANUAL,Coimbatore,https://www.cars24.com/buy-used-maruti-alto-800-2018-cars-coimbatore-11358799798/,"3,41,699"
32,Non-Accidental,2nd Owner,"34,644",Petrol,30 Jun 2022,MANUAL,TN-10-x-xxxx,3rd Party,Jul 2023,April 2018,Maruti,Alto 800 LXI MANUAL,Coimbatore,https://www.cars24.com/buy-used-maruti-alto-800-2018-cars-coimbatore-1133973443/,"3,38,399"
33,Non-Accidental,3rd Owner,"26,941",Petrol,12 Jan 2022,MANUAL,TN-38-x-xxxx,Zero Depreciation,Oct 2022,September 2017,Maruti,Alto K10 VXI MANUAL,Coimbatore,https://www.cars24.com/buy-used-maruti-alto-k10-2017-cars-coimbatore-1139361260/,"3,37,099"
34,Non-Accidental,1st Owner,"29,590",Petrol,01 Jul 2022,MANUAL,TN-01-x-xxxx,3rd Party,Jul 2023,January 2016,Renault,Kwid RXT MANUAL,Coimbatore,https://www.cars24.com/buy-used-renault-kwid-2016-cars-coimbatore-1136039248/,"3,35,399"
35,Non-Accidental,3rd Owner,"49,790",Petrol,25 Jun 2022,AUTOMATIC,TN-07-x-xxxx,3rd Party,Jul 2023,February 2016,Maruti,Alto K10 VXI AMT AUTOMATIC,Coimbatore,https://www.cars24.com/buy-used-maruti-alto-k10-2016-cars-coimbatore-1137369644/,"3,32,999"
36,Non-Accidental,1st Owner,"48,629",Petrol,02 Jul 2022,MANUAL,TN-11-x-xxxx,3rd Party,Jul 2023,April 2017,Hyundai,Eon ERA PLUS MANUAL,Coimbatore,https://www.cars24.com/buy-used-hyundai-eon-2017-cars-coimbatore-1136497109/,"3,24,899"
37,Non-Accidental,2nd Owner,"51,271",Petrol,28 Jun 2022,MANUAL,TN-07-x-xxxx,3rd Party,Jul 2023,January 2017,Hyundai,Eon ERA PLUS MANUAL,Coimbatore,https://www.cars24.com/buy-used-hyundai-eon-2017-cars-coimbatore-1130656147/,"3,05,999"
