,history,owner,kilometers,fuel,last_service,transmission,registration,insurance_type,insurance_validity,year,brand,model,location,url,price
0,Non-Accidental,1st Owner,"15,339",Diesel,27 Jun 2022,MANUAL,TS-08-x-xxxx,3rd Party,Jul 2023,February 2021,Mahindra,XUV500 W11 MANUAL,Hyderabad,https://www.cars24.com/buy-used-mahindra-xuv500-2021-cars-hyderabad-1044253667/,"21,95,299"
1,Non-Accidental,1st Owner,"13,107",Petrol,23 Jun 2022,AUTOMATIC,TS-13-x-xxxx,3rd Party,Jul 2023,May 2021,MG,HECTOR SHARP CVT AUTOMATIC,Hyderabad,https://www.cars24.com/buy-used-mg-hector-2021-cars-hyderabad-10474899771/,"19,94,999"
2,Non-Accidental,1st Owner,"7,672",Diesel,24 Apr 2022,MANUAL,TS-07-x-xxxx,3rd Party,Dec 2023,August 2021,Mahindra,XUV500 W9 MANUAL,Hyderabad,https://www.cars24.com/buy-used-mahindra-xuv500-2021-cars-hyderabad-1044416263/,"18,09,999"
3,Non-Accidental,1st Owner,"36,355",Diesel,11 Apr 2022,MANUAL,TS-07-x-xxxx,3rd Party,Jul 2023,June 2020,KIA,SELTOS HTX+ MT 1.5 DIESEL MANUAL,Hyderabad,https://www.cars24.com/buy-used-kia-seltos-2020-cars-hyderabad-1040430065/,"17,88,199"
4,Non-Accidental,1st Owner,"11,082",Diesel,01 Jul 2022,MANUAL,TS-08-x-xxxx,3rd Party,Jan 2023,January 2020,Mahindra,XUV500 W9 MANUAL,Hyderabad,https://www.cars24.com/buy-used-mahindra-xuv500-2020-cars-hyderabad-10474193799/,"17,69,099"
5,Non-Accidental,1st Owner,"32,703",Petrol,03 Jul 2022,AUTOMATIC,TS-07-x-xxxx,3rd Party,Nov 2022,October 2019,KIA,SELTOS GTX 1.4 GDI AT PETROL AUTOMATIC,Hyderabad,https://www.cars24.com/buy-used-kia-seltos-2019-cars-hyderabad-10438399712/,"16,43,899"
6,Non-Accidental,1st Owner,"49,900",Diesel,23 Jun 2022,MANUAL,AP-39-x-xxxx,3rd Party,Jul 2023,May 2019,Jeep,Compass LIMITED (O) 2.0 MANUAL,Hyderabad,https://www.cars24.com/buy-used-jeep-compass-2019-cars-hyderabad-1049999179/,"16,18,399"
7,Non-Accidental,1st Owner,"8,230",Petrol,01 Jul 2022,MANUAL,TS-07-x-xxxx,Zero Depreciation,Apr 2023,April 2021,Hyundai,Creta SX PETROL MT MANUAL,Hyderabad,https://www.cars24.com/buy-used-hyundai-creta-2021-cars-hyderabad-10431491753/,"15,33,499"
8,Non-Accidental,1st Owner,"58,328",Diesel,29 Jun 2022,MANUAL,TS-09-x-xxxx,3rd Party,Jul 2023,January 2018,Jeep,Compass 2.0 LIMITED MANUAL,Hyderabad,https://www.cars24.com/buy-used-jeep-compass-2018-cars-hyderabad-10465293793/,"15,23,299"
9,Non-Accidental,1st Owner,"23,526",Petrol,02 Jul 2022,MANUAL,TS-08-x-xxxx,3rd Party,Jul 2023,August 2020,KIA,SELTOS HTX 1.5 PETROL MT MANUAL,Hyderabad,https://www.cars24.com/buy-used-kia-seltos-2020-cars-hyderabad-10424992714/,"14,22,899"
10,Non-Accidental,1st Owner,"30,995",Diesel,04 Jul 2022,MANUAL,TS-07-x-xxxx,3rd Party,Jul 2023,January 2021,Hyundai,VENUE SX(O) CRDi MANUAL,Hyderabad,https://www.cars24.com/buy-used-hyundai-venue-2021-cars-hyderabad-1045756767/,"12,13,799"
11,Non-Accidental,1st Owner,"16,964",Petrol,21 Jun 2022,AUTOMATIC,AP-39-x-xxxx,3rd Party,Jul 2023,June 2021,Hyundai,VENUE 1.0 TURBO GDI SX+ AT AUTOMATIC,Hyderabad,https://www.cars24.com/buy-used-hyundai-venue-2021-cars-hyderabad-1047240465/,"12,01,799"
12,Non-Accidental,1st Owner,"77,868",Diesel,02 Jul 2022,AUTOMATIC,TS-09-x-xxxx,3rd Party,Jul 2023,January 2017,Hyundai,Creta 1.6 CRDI SX PLUS AUTO AUTOMATIC,Hyderabad,https://www.cars24.com/buy-used-hyundai-creta-2017-cars-hyderabad-1043420967/,"11,86,599"
13,Non-Accidental,1st Owner,"43,460",Diesel,30 Jun 2022,MANUAL,TS-07-x-xxxx,3rd Party,Jul 2023,January 2018,Maruti,Ertiga ZDI PLUS SHVS MANUAL,Hyderabad,https://www.cars24.com/buy-used-maruti-ertiga-2018-cars-hyderabad-10445795774/,"11,22,099"
14,Non-Accidental,1st Owner,"16,714",Petrol,01 Jul 2022,AUTOMATIC,AP-39-x-xxxx,3rd Party,Jul 2023,May 2021,Volkswagen,Polo GT TSI AT 1.0 AUTOMATIC,Hyderabad,https://www.cars24.com/buy-used-volkswagen-polo-2021-cars-hyderabad-1047872966/,"11,07,599"
15,Non-Accidental,1st Owner,"44,442",Diesel,28 Jun 2022,MANUAL,AP-27-x-xxxx,3rd Party,Jul 2023,June 2016,Hyundai,Creta 1.6 SX CRDI MANUAL,Hyderabad,https://www.cars24.com/buy-used-hyundai-creta-2016-cars-hyderabad-1046933468/,"10,99,699"
16,Non-Accidental,1st Owner,"16,870",Petrol,21 Jun 2022,AUTOMATIC,TS-08-x-xxxx,3rd Party,Jul 2023,August 2021,Maruti,Vitara Brezza VXI AMT SHVS AUTOMATIC,Hyderabad,https://www.cars24.com/buy-used-maruti-vitara-brezza-2021-cars-hyderabad-1049684568/,"10,93,999"
17,Non-Accidental,1st Owner,"4,364",Petrol,20 Jun 2022,MANUAL,TS-08-x-xxxx,3rd Party,Oct 2024,October 2022,Tata,NEXON XZ 1.2 MANUAL,Hyderabad,https://www.cars24.com/buy-used-tata-nexon-2022-cars-hyderabad-1043396065/,"10,68,599"
18,Non-Accidental,1st Owner,"96,605",Diesel,23 Jun 2022,MANUAL,AP-39-x-xxxx,3rd Party,Jul 2023,March 2019,Mahindra,XUV 3OO W8(O) MANUAL,Hyderabad,https://www.cars24.com/buy-used-mahindra-xuv-3oo-2019-cars-hyderabad-1044972960/,"10,61,899"
19,Non-Accidental,2nd Owner,"94,183",Petrol,02 Jul 2022,AUTOMATIC,TS-09-x-xxxx,Comprehensive,Oct 2022,May 2016,Toyota,Corolla Altis VL AT AUTOMATIC,Hyderabad,https://www.cars24.com/buy-used-toyota-corolla-altis-2016-cars-hyderabad-10492594755/,"10,60,999"
20,Non-Accidental,1st Owner,"74,938",Petrol,29 Jun 2022,MANUAL,TS-07-x-xxxx,Zero Depreciation,Nov 2022,November 2017,Hyundai,Creta 1.6 SX PLUS PETROL MANUAL,Hyderabad,https://www.cars24.com/buy-used-hyundai-creta-2017-cars-hyderabad-10476590793/,"10,55,199"
21,Non-Accidental,1st Owner,"3,273",Petrol,13 Apr 2022,MANUAL,TS-07-x-xxxx,3rd Party,Jul 2023,May 2021,Hyundai,VENUE 1.0 TURBO GDI S IMT MANUAL,Hyderabad,https://www.cars24.com/buy-used-hyundai-venue-2021-cars-hyderabad-1041244860/,"10,51,599"
22,Non-Accidental,1st Owner,"93,390",Diesel,21 Jun 2022,AUTOMATIC,TS-07-x-xxxx,3rd Party,Jul 2023,September 2017,Hyundai,Verna 1.6 CRDI SX + AT AUTOMATIC,Hyderabad,https://www.cars24.com/buy-used-hyundai-verna-2017-cars-hyderabad-1045730967/,"10,48,399"
23,Non-Accidental,1st Owner,"7,033",Petrol,20 Jun 2022,MANUAL,TS-07-x-xxxx,Comprehensive,Nov 2022,November 2020,Renault,Duster RXZ MANUAL,Hyderabad,https://www.cars24.com/buy-used-renault-duster-2020-cars-hyderabad-10494999792/,"10,44,899"
24,Non-Accidental,1st Owner,"9,875",Petrol,29 Jun 2022,AUTOMATIC,TS-07-x-xxxx,Comprehensive,Mar 2023,January 2020,Toyota,YARIS J CVT AUTOMATIC,Hyderabad,https://www.cars24.com/buy-used-toyota-yaris-2020-cars-hyderabad-1047454362/,"10,43,199"
25,Non-Accidental,1st Owner,"67,929",Diesel,29 Jun 2022,MANUAL,TS-07-x-xxxx,Zero Depreciation,Feb 2023,February 2018,Maruti,Ertiga ZDI PLUS SHVS MANUAL,Hyderabad,https://www.cars24.com/buy-used-maruti-ertiga-2018-cars-hyderabad-10498396712/,"10,39,199"
26,Non-Accidental,1st Owner,"74,697",Petrol,28 Jun 2022,AUTOMATIC,TS-08-x-xxxx,3rd Party,Jan 2023,October 2016,Hyundai,Creta 1.6 SX PLUS AUTO PETROL AUTOMATIC,Hyderabad,https://www.cars24.com/buy-used-hyundai-creta-2016-cars-hyderabad-10488394754/,"10,20,019"
27,Non-Accidental,1st Owner,"12,115",Petrol,29 Jun 2022,AUTOMATIC,TS-10-x-xxxx,Zero Depreciation,Oct 2022,August 2019,Toyota,YARIS G CVT AUTOMATIC,Hyderabad,https://www.cars24.com/buy-used-toyota-yaris-2019-cars-hyderabad-1049222465/,"10,18,499"
28,Non-Accidental,1st Owner,"41,512",Diesel,28 Jun 2022,MANUAL,AP-39-x-xxxx,3rd Party,Jul 2023,May 2020,Hyundai,VENUE 1.5 SX CRDI MT MANUAL,Hyderabad,https://www.cars24.com/buy-used-hyundai-venue-2020-cars-hyderabad-1049429069/,"10,18,099"
29,Non-Accidental,1st Owner,"43,858",Petrol,21 Jun 2022,AUTOMATIC,TS-07-x-xxxx,3rd Party,Jul 2023,August 2017,Honda,City ZX CVT AUTOMATIC,Hyderabad,https://www.cars24.com/buy-used-honda-city-2017-cars-hyderabad-10458990798/,"10,16,199"
30,Non-Accidental,1st Owner,"40,594",Diesel,15 Feb 2022,MANUAL,TS-16-x-xxxx,3rd Party,Jul 2023,January 2019,Maruti,Vitara Brezza ZDI PLUS DUAL TONE MANUAL,Hyderabad,https://www.cars24.com/buy-used-maruti-vitara-brezza-2019-cars-hyderabad-1043243141/,"10,14,999"
31,Non-Accidental,1st Owner,"31,464",Petrol,23 Jun 2022,AUTOMATIC,TS-08-x-xxxx,3rd Party,Jul 2023,August 2017,Honda,City VX CVT PETROL AUTOMATIC,Hyderabad,https://www.cars24.com/buy-used-honda-city-2017-cars-hyderabad-10472497779/,"10,12,699"
32,Non-Accidental,1st Owner,"90,165",Diesel,07 May 2022,AUTOMATIC,TS-10-x-xxxx,3rd Party,Jul 2023,August 2018,Hyundai,Verna 1.6 CRDI SX + AT AUTOMATIC,Hyderabad,https://www.cars24.com/buy-used-hyundai-verna-2018-cars-hyderabad-10461792791/,"10,11,899"
33,Non-Accidental,1st Owner,"21,883",Petrol,23 Jun 2022,AUTOMATIC,TS-20-x-xxxx,3rd Party,Apr 2024,March 2021,Volkswagen,Polo HIGHLINE PLUS 1.0 TSI AT AUTOMATIC,Hyderabad,https://www.cars24.com/buy-used-volkswagen-polo-2021-cars-hyderabad-10439595753/,"9,93,767"
34,Non-Accidental,1st Owner,"21,719",Petrol,24 Jun 2022,AUTOMATIC,AP-39-x-xxxx,3rd Party,Jul 2023,February 2021,Volkswagen,Polo HIGHLINE PLUS 1.0 TSI AT AUTOMATIC,Hyderabad,https://www.cars24.com/buy-used-volkswagen-polo-2021-cars-hyderabad-1048976866/,"9,78,799"
35,Non-Accidental,1st Owner,"11,259",Petrol,24 Jun 2022,MANUAL,TS-08-x-xxxx,3rd Party,Mar 2023,February 2021,Volkswagen,Polo HIGH LINE PLUS 1.0 MANUAL,Hyderabad,https://www.cars24.com/buy-used-volkswagen-polo-2021-cars-hyderabad-10403996798/,"9,58,299"
36,Non-Accidental,1st Owner,"49,654",Petrol,24 Jun 2022,MANUAL,TS-08-x-xxxx,3rd Party,Jul 2023,April 2018,Honda,City VX MT PETROL MANUAL,Hyderabad,https://www.cars24.com/buy-used-honda-city-2018-cars-hyderabad-1048688866/,"9,51,199"
37,Non-Accidental,1st Owner,"74,640",Diesel,04 Jul 2022,MANUAL,TS-07-x-xxxx,3rd Party,Jul 2023,January 2018,Ford,Ecosport 1.5 TDCI TITANIUM PLUS MANUAL,Hyderabad,https://www.cars24.com/buy-used-ford-ecosport-2018-cars-hyderabad-10415391718/,"9,43,399"
38,Non-Accidental,1st Owner,"47,287",Petrol,01 Jul 2022,MANUAL,TS-07-x-xxxx,3rd Party,Jul 2023,January 2018,Honda,City VX MT PETROL MANUAL,Hyderabad,https://www.cars24.com/buy-used-honda-city-2018-cars-hyderabad-1049248267/,"9,40,699"
39,Non-Accidental,2nd Owner,"25,668",Diesel,20 Jun 2022,MANUAL,TS-07-x-xxxx,3rd Party,Jul 2023,March 2019,Ford,Ecosport 1.5TITANIUM TDCI MANUAL,Hyderabad,https://www.cars24.com/buy-used-ford-ecosport-2019-cars-hyderabad-10401190718/,"9,18,899"
40,Non-Accidental,1st Owner,"80,531",Diesel,26 Jun 2022,MANUAL,TS-28-x-xxxx,Comprehensive,Oct 2022,August 2018,Maruti,Ertiga VDI SHVS MANUAL,Hyderabad,https://www.cars24.com/buy-used-maruti-ertiga-2018-cars-hyderabad-10431993796/,"9,07,699"
41,Non-Accidental,1st Owner,"97,706",Diesel,02 Jun 2022,MANUAL,TS-13-x-xxxx,3rd Party,Jul 2023,September 2019,Maruti,S Cross DELTA SHVS MANUAL,Hyderabad,https://www.cars24.com/buy-used-maruti-s-cross-2019-cars-hyderabad-10466896774/,"8,80,099"
42,Non-Accidental,1st Owner,"83,901",Diesel,22 Jun 2022,MANUAL,TS-07-x-xxxx,3rd Party,Jul 2023,January 2019,Tata,NEXON XZ+ 1.5 MANUAL,Hyderabad,https://www.cars24.com/buy-used-tata-nexon-2019-cars-hyderabad-1047896167/,"8,64,399"
43,Non-Accidental,2nd Owner,"2,16,811",Diesel,22 Jun 2022,MANUAL,AP-04-x-xxxx,3rd Party,Jul 2023,October 2009,Toyota,Fortuner 3.0 MT 4X4 MANUAL,Hyderabad,https://www.cars24.com/buy-used-toyota-fortuner-2009-cars-hyderabad-1043857340/,"8,49,799"
44,Non-Accidental,1st Owner,"19,656",Petrol,21 Jun 2022,MANUAL,TS-08-x-xxxx,3rd Party,Jul 2023,January 2020,Toyota,YARIS J MT MANUAL,Hyderabad,https://www.cars24.com/buy-used-toyota-yaris-2020-cars-hyderabad-1041090761/,"8,46,099"
45,Non-Accidental,1st Owner,"6,744",Petrol,02 Jul 2022,MANUAL,TS-07-x-xxxx,3rd Party,Jul 2023,July 2020,Volkswagen,Polo HIGH LINE PLUS 1.0 MANUAL,Hyderabad,https://www.cars24.com/buy-used-volkswagen-polo-2020-cars-hyderabad-10444398752/,"8,40,499"
46,Non-Accidental,2nd Owner,"56,124",Diesel,01 Jun 2022,MANUAL,AP-07-x-xxxx,3rd Party,Jul 2023,February 2018,Honda,WR-V 1.5 i-DTEC VX MT MANUAL,Hyderabad,https://www.cars24.com/buy-used-honda-wr-v-2018-cars-hyderabad-10467299716/,"8,37,099"
47,Non-Accidental,1st Owner,"61,387",Petrol,21 Jun 2022,MANUAL,TS-08-x-xxxx,Comprehensive,Dec 2022,October 2019,Toyota,YARIS J MT MANUAL,Hyderabad,https://www.cars24.com/buy-used-toyota-yaris-2019-cars-hyderabad-10412095798/,"8,29,199"
48,Non-Accidental,2nd Owner,"83,849",Petrol,02 Jul 2022,MANUAL,TS-11-x-xxxx,3rd Party,Jul 2023,July 2016,Hyundai,Creta 1.6 SX PLUS PETROL MANUAL,Hyderabad,https://www.cars24.com/buy-used-hyundai-creta-2016-cars-hyderabad-10435999794/,"8,23,399"
49,Non-Accidental,1st Owner,"85,222",Diesel,04 Jul 2022,MANUAL,TS-08-x-xxxx,3rd Party,Jul 2023,September 2016,Maruti,Vitara Brezza ZDI PLUS DUAL TONE MANUAL,Hyderabad,https://www.cars24.com/buy-used-maruti-vitara-brezza-2016-cars-hyderabad-1045966668/,"8,22,299"
50,Non-Accidental,1st Owner,"71,379",Petrol,24 Jun 2022,MANUAL,TS-08-x-xxxx,3rd Party,Jul 2023,May 2017,Hyundai,Verna FLUIDIC 1.6 SX VTVT MANUAL,Hyderabad,https://www.cars24.com/buy-used-hyundai-verna-2017-cars-hyderabad-1048992360/,"8,12,399"
51,Non-Accidental,1st Owner,"11,891",Petrol,02 Jul 2022,AUTOMATIC,AP-39-x-xxxx,3rd Party,Jul 2023,March 2021,Hyundai,GRAND I10 NIOS SPORTZ 1.2 AT AUTOMATIC,Hyderabad,https://www.cars24.com/buy-used-hyundai-grand-i10-nios-2021-cars-hyderabad-10462599711/,"8,09,099"
52,Non-Accidental,1st Owner,"39,020",Petrol,08 Jun 2022,AUTOMATIC,TS-07-x-xxxx,3rd Party,Jul 2023,March 2018,Maruti,Ciaz ZETA 1.4 VVT AMT AUTOMATIC,Hyderabad,https://www.cars24.com/buy-used-maruti-ciaz-2018-cars-hyderabad-10480097718/,"8,04,999"
53,Non-Accidental,2nd Owner,"45,562",Diesel,05 Jul 2022,MANUAL,TS-17-x-xxxx,3rd Party,Jul 2023,May 2017,Mahindra,Thar CRDE 4X4 BS IV MANUAL,Hyderabad,https://www.cars24.com/buy-used-mahindra-thar-2017-cars-hyderabad-10439092773/,"8,03,599"
54,Non-Accidental,1st Owner,"79,119",Petrol,04 Jul 2022,MANUAL,TS-08-x-xxxx,3rd Party,Jul 2023,July 2017,Honda,City V MT PETROL MANUAL,Hyderabad,https://www.cars24.com/buy-used-honda-city-2017-cars-hyderabad-10490999779/,"7,95,599"
55,Non-Accidental,1st Owner,"45,866",Petrol,25 Jun 2022,AUTOMATIC,TS-07-x-xxxx,3rd Party,Jul 2023,July 2018,Maruti,Baleno ALPHA 1.2K12 AT AUTOMATIC,Hyderabad,https://www.cars24.com/buy-used-maruti-baleno-2018-cars-hyderabad-10449894711/,"7,90,799"
56,Non-Accidental,1st Owner,"69,783",Diesel,27 Jun 2022,MANUAL,TS-08-x-xxxx,3rd Party,Jul 2023,January 2017,Maruti,S Cross ZETA 1.3 MANUAL,Hyderabad,https://www.cars24.com/buy-used-maruti-s-cross-2017-cars-hyderabad-1040812064/,"7,88,999"
57,Non-Accidental,1st Owner,"45,849",Diesel,05 Jul 2022,MANUAL,TS-29-x-xxxx,3rd Party,Jul 2023,April 2018,Maruti,S Cross ALPHA 1.3 MANUAL,Hyderabad,https://www.cars24.com/buy-used-maruti-s-cross-2018-cars-hyderabad-1049293247/,"7,79,299"
58,Non-Accidental,1st Owner,"59,869",Petrol,21 Apr 2022,MANUAL,TS-08-x-xxxx,3rd Party,Jul 2023,May 2019,Hyundai,Elite i20 ASTA 1.2 (O) MANUAL,Hyderabad,https://www.cars24.com/buy-used-hyundai-elite-i20-2019-cars-hyderabad-1047556364/,"7,75,399"
59,Non-Accidental,2nd Owner,"16,952",Petrol,03 Jul 2022,AUTOMATIC,TS-09-x-xxxx,Comprehensive,Apr 2023,August 2020,Hyundai,Elite i20 ASTA 1.2 AT AUTOMATIC,Hyderabad,https://www.cars24.com/buy-used-hyundai-elite-i20-2020-cars-hyderabad-10443396753/,"7,74,199"
60,Non-Accidental,1st Owner,"18,010",Petrol,23 May 2022,MANUAL,TS-07-x-xxxx,3rd Party,Jul 2023,April 2021,Maruti,Baleno ZETA 1.2 K12 MANUAL,Hyderabad,https://www.cars24.com/buy-used-maruti-baleno-2021-cars-hyderabad-10416497795/,"7,73,899"
61,Non-Accidental,2nd Owner,"79,223",Petrol,30 Jun 2022,AUTOMATIC,TS-09-x-xxxx,3rd Party,Feb 2023,January 2018,Maruti,Ciaz ZETA 1.4 VVT AMT AUTOMATIC,Hyderabad,https://www.cars24.com/buy-used-maruti-ciaz-2018-cars-hyderabad-10442197794/,"7,67,999"
62,Non-Accidental,1st Owner,"30,666",Petrol,30 Jun 2022,MANUAL,TS-07-x-xxxx,3rd Party,Jul 2023,July 2019,Volkswagen,Polo HIGH LINE PLUS 1.0 MANUAL,Hyderabad,https://www.cars24.com/buy-used-volkswagen-polo-2019-cars-hyderabad-10410595755/,"7,67,899"
63,Non-Accidental,1st Owner,"11,448",Petrol,30 Jun 2022,MANUAL,TS-08-x-xxxx,3rd Party,Jul 2023,June 2018,Maruti,Baleno ALPHA 1.2 K12 MANUAL,Hyderabad,https://www.cars24.com/buy-used-maruti-baleno-2018-cars-hyderabad-1041346764/,"7,48,299"
64,Non-Accidental,1st Owner,"40,885",Petrol,14 Apr 2022,MANUAL,TS-13-x-xxxx,3rd Party,Jul 2023,March 2018,Renault,Duster RXL PETROL 104 MANUAL,Hyderabad,https://www.cars24.com/buy-used-renault-duster-2018-cars-hyderabad-1044486369/,"7,47,799"
65,Non-Accidental,1st Owner,"55,802",Diesel,04 Jul 2022,MANUAL,TS-08-x-xxxx,3rd Party,Jul 2023,May 2018,Maruti,Swift ZDI + MANUAL,Hyderabad,https://www.cars24.com/buy-used-maruti-swift-2018-cars-hyderabad-12135991718/,"7,43,599"
66,Non-Accidental,2nd Owner,"46,923",Diesel,28 Jun 2022,MANUAL,TS-13-x-xxxx,3rd Party,Jul 2023,February 2018,Hyundai,Xcent SX 1.2 CRDI OPT MANUAL,Hyderabad,https://www.cars24.com/buy-used-hyundai-xcent-2018-cars-hyderabad-10404396794/,"7,38,299"
67,Non-Accidental,2nd Owner,"99,312",Diesel,22 Jun 2022,MANUAL,TS-07-x-xxxx,3rd Party,Jul 2023,June 2017,Maruti,S Cross DELTA 1.3 MANUAL,Hyderabad,https://www.cars24.com/buy-used-maruti-s-cross-2017-cars-hyderabad-1042332864/,"7,34,599"
68,Non-Accidental,1st Owner,"28,578",Petrol,21 Jun 2022,AUTOMATIC,TS-09-x-xxxx,Comprehensive,Jan 2023,January 2017,Honda,Jazz 1.2 V AT AUTOMATIC,Hyderabad,https://www.cars24.com/buy-used-honda-jazz-2017-cars-hyderabad-10476593779/,"7,29,599"
69,Non-Accidental,1st Owner,"54,764",Petrol,28 Jun 2022,AUTOMATIC,TS-10-x-xxxx,3rd Party,Jul 2023,March 2018,Maruti,Baleno DELTA 1.2 K12 AT AUTOMATIC,Hyderabad,https://www.cars24.com/buy-used-maruti-baleno-2018-cars-hyderabad-10456590716/,"7,29,299"
70,Non-Accidental,1st Owner,"10,163",Petrol,29 Jun 2022,MANUAL,TS-13-x-xxxx,Comprehensive,Oct 2022,March 2021,Ford,Figo Aspire 1.2 TITANIUM PETROL MANUAL,Hyderabad,https://www.cars24.com/buy-used-ford-figo-aspire-2021-cars-hyderabad-10409898753/,"7,20,499"
71,Non-Accidental,1st Owner,"2,072",Petrol,06 Jul 2022,MANUAL,TS-09-x-xxxx,Zero Depreciation,Dec 2022,November 2021,Maruti,Celerio ZXI MANUAL,Hyderabad,https://www.cars24.com/buy-used-maruti-celerio-2021-cars-hyderabad-1049856462/,"7,17,699"
72,Non-Accidental,1st Owner,"25,708",Petrol,27 Apr 2022,MANUAL,TS-08-x-xxxx,3rd Party,Jul 2023,March 2019,Hyundai,Elite i20 1.2 SPORTS PLUS VTVT MANUAL,Hyderabad,https://www.cars24.com/buy-used-hyundai-elite-i20-2019-cars-hyderabad-1040776466/,"7,16,499"
73,Non-Accidental,2nd Owner,"51,351",Petrol,24 Jun 2022,MANUAL,AP-02-x-xxxx,3rd Party,Jul 2023,August 2018,Hyundai,Elite i20 ASTA 1.2 (O) MANUAL,Hyderabad,https://www.cars24.com/buy-used-hyundai-elite-i20-2018-cars-hyderabad-1040720261/,"7,12,199"
74,Non-Accidental,1st Owner,"34,171",Petrol,20 Jun 2022,MANUAL,TS-09-x-xxxx,3rd Party,Jul 2023,June 2017,Maruti,Baleno ALPHA 1.2 K12 MANUAL,Hyderabad,https://www.cars24.com/buy-used-maruti-baleno-2017-cars-hyderabad-10459993771/,"7,12,199"
75,Non-Accidental,1st Owner,"61,752",Diesel,29 Jun 2022,MANUAL,TS-07-x-xxxx,3rd Party,Jul 2023,September 2019,Hyundai,Elite i20 Magna + CRDI MANUAL,Hyderabad,https://www.cars24.com/buy-used-hyundai-elite-i20-2019-cars-hyderabad-10480798714/,"7,11,399"
76,Non-Accidental,2nd Owner,"9,710",Petrol,30 Jun 2022,MANUAL,AP-39-x-xxxx,Zero Depreciation,Dec 2022,November 2020,Maruti,Swift VXI MANUAL,Hyderabad,https://www.cars24.com/buy-used-maruti-swift-2020-cars-hyderabad-10468999772/,"7,02,299"
77,Non-Accidental,1st Owner,"68,900",Petrol,25 Jun 2022,MANUAL,TS-16-x-xxxx,3rd Party,Jul 2023,June 2019,Hyundai,Elite i20 ASTA 1.2 MANUAL,Hyderabad,https://www.cars24.com/buy-used-hyundai-elite-i20-2019-cars-hyderabad-1048356266/,"7,01,999"
78,Non-Accidental,1st Owner,"44,790",Petrol,27 May 2022,AUTOMATIC,TS-07-x-xxxx,3rd Party,Jul 2023,April 2019,Maruti,Swift VXI AMT AUTOMATIC,Hyderabad,https://www.cars24.com/buy-used-maruti-swift-2019-cars-hyderabad-1044450962/,"6,99,399"
79,Non-Accidental,2nd Owner,"75,324",Petrol,06 Apr 2022,MANUAL,TS-07-x-xxxx,3rd Party,Jul 2023,May 2017,Maruti,Ciaz SIGMA 1.4 VVT MANUAL,Hyderabad,https://www.cars24.com/buy-used-maruti-ciaz-2017-cars-hyderabad-1042990169/,"6,93,699"
80,Non-Accidental,1st Owner,"21,513",Petrol,28 Jun 2022,MANUAL,TS-11-x-xxxx,Zero Depreciation,May 2023,April 2018,Maruti,Baleno ZETA 1.2 K12 MANUAL,Hyderabad,https://www.cars24.com/buy-used-maruti-baleno-2018-cars-hyderabad-10412496710/,"6,91,699"
81,Non-Accidental,1st Owner,"69,599",Petrol,21 Jun 2022,MANUAL,TS-05-x-xxxx,3rd Party,Jul 2023,May 2018,Maruti,Ciaz DELTA 1.4 VVT MANUAL,Hyderabad,https://www.cars24.com/buy-used-maruti-ciaz-2018-cars-hyderabad-1045406568/,"6,85,499"
82,Non-Accidental,1st Owner,"36,406",Petrol,04 Jul 2022,AUTOMATIC,TS-08-x-xxxx,3rd Party,Jul 2023,September 2016,Honda,Jazz 1.2 V AT AUTOMATIC,Hyderabad,https://www.cars24.com/buy-used-honda-jazz-2016-cars-hyderabad-10454694776/,"6,83,799"
83,Non-Accidental,1st Owner,"39,813",Petrol,27 Jun 2022,MANUAL,TS-08-x-xxxx,3rd Party,Jul 2023,August 2020,Hyundai,GRAND I10 NIOS SPORTZ PETROL MANUAL,Hyderabad,https://www.cars24.com/buy-used-hyundai-grand-i10-nios-2020-cars-hyderabad-1048174160/,"6,80,799"
84,Non-Accidental,2nd Owner,"46,682",Petrol,04 Jul 2022,MANUAL,TS-07-x-xxxx,3rd Party,Jul 2023,July 2018,Maruti,Dzire VXI MANUAL,Hyderabad,https://www.cars24.com/buy-used-maruti-dzire-2018-cars-hyderabad-1043356461/,"6,75,999"
85,Non-Accidental,1st Owner,"65,031",Petrol,05 Jul 2022,AUTOMATIC,TS-05-x-xxxx,3rd Party,Jul 2023,January 2016,Volkswagen,Polo GT TSI 1.2 PETROL AT AUTOMATIC,Hyderabad,https://www.cars24.com/buy-used-volkswagen-polo-2016-cars-hyderabad-10443592772/,"6,75,199"
86,Non-Accidental,1st Owner,"6,683",Petrol,22 Jun 2022,AUTOMATIC,TS-08-x-xxxx,Comprehensive,Mar 2023,January 2018,Hyundai,Grand i10 SPORTZ (O) 1.2 AT VTVT AUTOMATIC,Hyderabad,https://www.cars24.com/buy-used-hyundai-grand-i10-2018-cars-hyderabad-10400293779/,"6,71,699"
87,Non-Accidental,1st Owner,"19,963",Petrol,26 Jun 2022,MANUAL,AP-39-x-xxxx,3rd Party,Jun 2023,March 2020,Hyundai,GRAND I10 NIOS 1.2 Kappa Sports MT MANUAL,Hyderabad,https://www.cars24.com/buy-used-hyundai-grand-i10-nios-2020-cars-hyderabad-1047873765/,"6,62,099"
88,Non-Accidental,1st Owner,"9,891",Petrol,05 Jul 2022,MANUAL,TS-10-x-xxxx,3rd Party,Apr 2024,March 2021,Volkswagen,Polo Trendline 1.0 L Petrol MANUAL,Hyderabad,https://www.cars24.com/buy-used-volkswagen-polo-2021-cars-hyderabad-10447995759/,"6,61,299"
89,Non-Accidental,1st Owner,"41,079",Petrol,28 Apr 2022,MANUAL,TS-08-x-xxxx,3rd Party,Jul 2023,February 2021,Renault,TRIBER 1.0 RXL PETROL MANUAL,Hyderabad,https://www.cars24.com/buy-used-renault-triber-2021-cars-hyderabad-1043826064/,"6,59,899"
90,Non-Accidental,2nd Owner,"31,638",Petrol,04 Jul 2022,AUTOMATIC,AP-16-x-xxxx,3rd Party,Jul 2023,March 2016,Honda,Jazz 1.2 V AT AUTOMATIC,Hyderabad,https://www.cars24.com/buy-used-honda-jazz-2016-cars-hyderabad-1044384962/,"6,59,099"
91,Non-Accidental,2nd Owner,"45,430",Petrol,23 Jun 2022,MANUAL,TS-08-x-xxxx,3rd Party,Jul 2023,May 2017,Maruti,Swift ZXI MANUAL,Hyderabad,https://www.cars24.com/buy-used-maruti-swift-2017-cars-hyderabad-12150290711/,"6,57,999"
92,Non-Accidental,2nd Owner,"23,378",Petrol,19 May 2022,MANUAL,TS-08-x-xxxx,3rd Party,Jul 2023,November 2017,Maruti,Baleno DELTA 1.2 K12 MANUAL,Hyderabad,https://www.cars24.com/buy-used-maruti-baleno-2017-cars-hyderabad-1049816868/,"6,27,299"
93,Non-Accidental,1st Owner,"39,703",Petrol,26 Jun 2022,AUTOMATIC,TS-08-x-xxxx,Zero Depreciation,Feb 2023,January 2020,Hyundai,NEW SANTRO 1.1 SPORTS AMT AUTOMATIC,Hyderabad,https://www.cars24.com/buy-used-hyundai-new-santro-2020-cars-hyderabad-10469690713/,"6,18,699"
94,Non-Accidental,1st Owner,"10,679",Petrol,24 Jun 2022,MANUAL,TS-08-x-xxxx,3rd Party,Jul 2023,March 2021,Tata,Tiago XT 1.2 REVOTRON MANUAL,Hyderabad,https://www.cars24.com/buy-used-tata-tiago-2021-cars-hyderabad-10481599756/,"6,13,299"
95,Non-Accidental,1st Owner,"64,904",Petrol,26 Jun 2022,MANUAL,TS-08-x-xxxx,3rd Party,Jul 2023,April 2019,Hyundai,Grand i10 SPORTZ 1.2 KAPPA VTVT MANUAL,Hyderabad,https://www.cars24.com/buy-used-hyundai-grand-i10-2019-cars-hyderabad-10494299716/,"6,12,199"
96,Non-Accidental,1st Owner,"38,443",Petrol,09 May 2022,MANUAL,TS-28-x-xxxx,Comprehensive,Apr 2023,January 2019,Hyundai,Grand i10 SPORTZ 1.2 KAPPA VTVT MANUAL,Hyderabad,https://www.cars24.com/buy-used-hyundai-grand-i10-2019-cars-hyderabad-10408492796/,"6,12,199"
97,Non-Accidental,2nd Owner,"95,761",Petrol,26 Jun 2022,AUTOMATIC,AP-10-x-xxxx,3rd Party,Jul 2023,June 2009,Toyota,Corolla Altis VL AT AUTOMATIC,Hyderabad,https://www.cars24.com/buy-used-toyota-corolla-altis-2009-cars-hyderabad-1042391141/,"6,08,699"
98,Non-Accidental,1st Owner,"1,03,616",Petrol,01 Jul 2022,MANUAL,TS-08-x-xxxx,3rd Party,Jul 2023,December 2016,Maruti,Baleno ZETA 1.2 K12 MANUAL,Hyderabad,https://www.cars24.com/buy-used-maruti-baleno-2016-cars-hyderabad-1041675901/,"6,05,799"
99,Non-Accidental,2nd Owner,"44,598",Petrol,05 Jul 2022,MANUAL,TS-05-x-xxxx,3rd Party,Jul 2023,February 2019,Hyundai,Grand i10 SPORTZ 1.2 KAPPA VTVT MANUAL,Hyderabad,https://www.cars24.com/buy-used-hyundai-grand-i10-2019-cars-hyderabad-1049440869/,"6,04,899"
100,Non-Accidental,1st Owner,"54,900",Petrol,30 Jun 2022,MANUAL,TS-08-x-xxxx,3rd Party,Jul 2023,July 2017,Hyundai,Elite i20 SPORTZ 1.2 MANUAL,Hyderabad,https://www.cars24.com/buy-used-hyundai-elite-i20-2017-cars-hyderabad-10498898776/,"6,03,799"
101,Non-Accidental,1st Owner,"63,107",Petrol,01 Jun 2022,MANUAL,TS-11-x-xxxx,3rd Party,Jul 2023,January 2017,Maruti,Swift VXI OPT MANUAL,Hyderabad,https://www.cars24.com/buy-used-maruti-swift-2017-cars-hyderabad-10497192718/,"5,96,099"
102,Non-Accidental,1st Owner,"46,757",Petrol,30 Jun 2022,MANUAL,TS-09-x-xxxx,3rd Party,Jul 2023,May 2017,Honda,Jazz 1.2 S MT MANUAL,Hyderabad,https://www.cars24.com/buy-used-honda-jazz-2017-cars-hyderabad-1049014666/,"5,94,099"
103,Non-Accidental,1st Owner,"19,182",Petrol,27 Jun 2022,MANUAL,TS-02-x-xxxx,3rd Party,Jul 2023,October 2021,Maruti,Celerio ZXI OPT MANUAL,Hyderabad,https://www.cars24.com/buy-used-maruti-celerio-2021-cars-hyderabad-1043766869/,"5,92,799"
104,Non-Accidental,1st Owner,"35,689",Petrol,28 Jun 2022,AUTOMATIC,TS-09-x-xxxx,Comprehensive,Nov 2022,May 2019,Hyundai,NEW SANTRO 1.1 SPORTS AMT AUTOMATIC,Hyderabad,https://www.cars24.com/buy-used-hyundai-new-santro-2019-cars-hyderabad-10488190714/,"5,85,599"
105,Non-Accidental,1st Owner,"74,376",Petrol,05 Jul 2022,MANUAL,TS-08-x-xxxx,Zero Depreciation,Feb 2023,January 2018,Volkswagen,Polo COMFORTLINE 1.2L PETROL MANUAL,Hyderabad,https://www.cars24.com/buy-used-volkswagen-polo-2018-cars-hyderabad-10458891799/,"5,85,299"
106,Non-Accidental,1st Owner,"61,308",Petrol,31 Mar 2022,MANUAL,TS-07-x-xxxx,3rd Party,Jul 2023,February 2017,Honda,Jazz 1.2 V MT MANUAL,Hyderabad,https://www.cars24.com/buy-used-honda-jazz-2017-cars-hyderabad-1042883460/,"5,74,199"
107,Non-Accidental,3rd Owner,"82,089",Petrol,05 Jul 2022,MANUAL,TS-08-x-xxxx,3rd Party,Jul 2023,July 2015,Honda,Jazz 1.2 VX I-VTECH MANUAL,Hyderabad,https://www.cars24.com/buy-used-honda-jazz-2015-cars-hyderabad-1040506766/,"5,72,799"
108,Non-Accidental,1st Owner,"35,513",Petrol,18 Apr 2022,MANUAL,TS-07-x-xxxx,3rd Party,Jul 2023,April 2017,Hyundai,Grand i10 ASTA 1.2 VTVT MANUAL,Hyderabad,https://www.cars24.com/buy-used-hyundai-grand-i10-2017-cars-hyderabad-1045226365/,"5,70,599"
109,Non-Accidental,2nd Owner,"37,134",Petrol,28 Jun 2022,AUTOMATIC,TS-10-x-xxxx,3rd Party,Jul 2023,April 2016,Hyundai,Xcent S AT 1.2 AUTOMATIC,Hyderabad,https://www.cars24.com/buy-used-hyundai-xcent-2016-cars-hyderabad-10431099712/,"5,68,799"
110,Non-Accidental,1st Owner,"77,836",Petrol,08 Apr 2022,MANUAL,TS-10-x-xxxx,3rd Party,Jul 2023,June 2015,Honda,Jazz 1.2 VX I-VTECH MANUAL,Hyderabad,https://www.cars24.com/buy-used-honda-jazz-2015-cars-hyderabad-1044894263/,"5,66,599"
111,Non-Accidental,1st Owner,"18,882",Petrol,28 Jun 2022,AUTOMATIC,TS-09-x-xxxx,Zero Depreciation,Jan 2023,July 2019,Maruti,IGNIS DELTA 1.2 K12 AMT AUTOMATIC,Hyderabad,https://www.cars24.com/buy-used-maruti-ignis-2019-cars-hyderabad-10433891757/,"5,60,399"
112,Non-Accidental,2nd Owner,"32,255",Petrol,15 May 2022,MANUAL,TS-07-x-xxxx,3rd Party,Jul 2023,October 2019,Volkswagen,Polo Trendline 1.0 L Petrol MANUAL,Hyderabad,https://www.cars24.com/buy-used-volkswagen-polo-2019-cars-hyderabad-12129798778/,"5,58,599"
113,Non-Accidental,2nd Owner,"94,166",Petrol,17 Jun 2022,MANUAL,TS-09-x-xxxx,3rd Party,Jul 2023,October 2019,Volkswagen,Polo Trendline 1.0 L Petrol MANUAL,Hyderabad,https://www.cars24.com/buy-used-volkswagen-polo-2019-cars-hyderabad-10425990714/,"5,58,599"
114,Non-Accidental,1st Owner,"58,480",Petrol,03 Jul 2022,MANUAL,TS-07-x-xxxx,3rd Party,Jul 2023,November 2018,Maruti,Swift VXI MANUAL,Hyderabad,https://www.cars24.com/buy-used-maruti-swift-2018-cars-hyderabad-10491791755/,"5,56,199"
115,Non-Accidental,2nd Owner,"50,019",Petrol,03 Jul 2022,MANUAL,TS-09-x-xxxx,3rd Party,Jul 2023,January 2018,Maruti,IGNIS DELTA 1.2 K12 MANUAL,Hyderabad,https://www.cars24.com/buy-used-maruti-ignis-2018-cars-hyderabad-10427190753/,"5,42,399"
116,Non-Accidental,1st Owner,"33,355",Petrol,25 Jun 2022,MANUAL,TS-10-x-xxxx,3rd Party,Jul 2023,February 2018,Maruti,IGNIS DELTA 1.2 K12 MANUAL,Hyderabad,https://www.cars24.com/buy-used-maruti-ignis-2018-cars-hyderabad-10424294793/,"5,42,399"
117,Non-Accidental,1st Owner,"77,319",Petrol,23 Jun 2022,MANUAL,TS-07-x-xxxx,3rd Party,Jul 2023,April 2019,Volkswagen,Ameo Trendline 1.0 MANUAL,Hyderabad,https://www.cars24.com/buy-used-volkswagen-ameo-2019-cars-hyderabad-10467698713/,"5,39,899"
118,Non-Accidental,2nd Owner,"42,627",Petrol,17 May 2022,MANUAL,TS-07-x-xxxx,3rd Party,Jul 2023,January 2019,Hyundai,NEW SANTRO SPORTZ 1.1 MANUAL,Hyderabad,https://www.cars24.com/buy-used-hyundai-new-santro-2019-cars-hyderabad-10445198778/,"5,34,099"
119,Non-Accidental,1st Owner,"44,370",Petrol,30 Jun 2022,MANUAL,TS-07-x-xxxx,3rd Party,Jul 2023,April 2019,Hyundai,NEW SANTRO SPORTZ 1.1 MANUAL,Hyderabad,https://www.cars24.com/buy-used-hyundai-new-santro-2019-cars-hyderabad-10438890757/,"5,33,099"
120,Non-Accidental,2nd Owner,"70,794",Petrol,21 Jun 2022,MANUAL,AP-28-x-xxxx,Comprehensive,Oct 2022,September 2012,Honda,City V MT PETROL MANUAL,Hyderabad,https://www.cars24.com/buy-used-honda-city-2012-cars-hyderabad-10464196774/,"5,31,199"
121,Non-Accidental,1st Owner,"72,742",Petrol,27 Jun 2022,MANUAL,TS-15-x-xxxx,3rd Party,Jul 2023,February 2019,Hyundai,NEW SANTRO SPORTZ 1.1 MANUAL,Hyderabad,https://www.cars24.com/buy-used-hyundai-new-santro-2019-cars-hyderabad-10492190756/,"5,31,099"
122,Non-Accidental,1st Owner,"16,550",Petrol,17 Jun 2022,MANUAL,TS-10-x-xxxx,3rd Party,Jul 2023,January 2019,Maruti,Celerio VXI MANUAL,Hyderabad,https://www.cars24.com/buy-used-maruti-celerio-2019-cars-hyderabad-10410791770/,"5,27,899"
123,Non-Accidental,1st Owner,"28,491",Petrol,21 Jun 2022,MANUAL,TS-07-x-xxxx,Comprehensive,Oct 2022,August 2017,Honda,Brio 1.2 VX MT I VTEC MANUAL,Hyderabad,https://www.cars24.com/buy-used-honda-brio-2017-cars-hyderabad-10416294772/,"5,25,799"
124,Non-Accidental,1st Owner,"23,887",Petrol,04 Jul 2022,MANUAL,TS-09-x-xxxx,3rd Party,Dec 2022,August 2020,Maruti,Celerio VXI MANUAL,Hyderabad,https://www.cars24.com/buy-used-maruti-celerio-2020-cars-hyderabad-1048396466/,"5,21,499"
125,Non-Accidental,1st Owner,"52,934",Petrol,20 Jun 2022,MANUAL,TS-08-x-xxxx,3rd Party,Jul 2023,January 2017,Maruti,IGNIS ZETA 1.2 K12 MANUAL,Hyderabad,https://www.cars24.com/buy-used-maruti-ignis-2017-cars-hyderabad-10479993776/,"5,20,799"
126,Non-Accidental,1st Owner,"46,078",Petrol,04 Jul 2022,MANUAL,AP-28-x-xxxx,Comprehensive,Mar 2023,March 2014,Maruti,Swift Dzire ZXI 1.2 BS IV MANUAL,Hyderabad,https://www.cars24.com/buy-used-maruti-swift-dzire-2014-cars-hyderabad-10440891718/,"5,17,399"
127,Non-Accidental,1st Owner,"86,781",Petrol,04 Jul 2022,MANUAL,AP-26-x-xxxx,3rd Party,Jul 2023,April 2017,Hyundai,Grand i10 SPORTZ 1.2 KAPPA VTVT MANUAL,Hyderabad,https://www.cars24.com/buy-used-hyundai-grand-i10-2017-cars-hyderabad-1049574561/,"5,16,699"
128,Non-Accidental,1st Owner,"86,334",Petrol,01 Jul 2022,MANUAL,TS-02-x-xxxx,3rd Party,Jul 2023,April 2017,Maruti,IGNIS DELTA 1.2 K12 MANUAL,Hyderabad,https://www.cars24.com/buy-used-maruti-ignis-2017-cars-hyderabad-10467894713/,"5,16,299"
129,Non-Accidental,1st Owner,"22,344",Petrol,21 Jun 2022,MANUAL,AP-05-x-xxxx,3rd Party,Jul 2023,November 2016,Hyundai,Grand i10 SPORTZ 1.2 KAPPA VTVT MANUAL,Hyderabad,https://www.cars24.com/buy-used-hyundai-grand-i10-2016-cars-hyderabad-10419795718/,"5,14,199"
130,Non-Accidental,1st Owner,"22,906",Petrol,25 May 2022,MANUAL,TS-11-x-xxxx,3rd Party,Nov 2022,May 2020,Hyundai,NEW SANTRO 1.1 MAGNA MT MANUAL,Hyderabad,https://www.cars24.com/buy-used-hyundai-new-santro-2020-cars-hyderabad-10472297777/,"5,12,499"
131,Non-Accidental,2nd Owner,"42,215",Petrol,18 Apr 2022,MANUAL,TS-09-x-xxxx,3rd Party,Jul 2023,January 2017,Maruti,IGNIS ALPHA 1.2 K12 MANUAL,Hyderabad,https://www.cars24.com/buy-used-maruti-ignis-2017-cars-hyderabad-1046440963/,"5,10,999"
132,Non-Accidental,2nd Owner,"41,628",Petrol,01 Jul 2022,MANUAL,TS-03-x-xxxx,Comprehensive,Nov 2022,February 2017,Maruti,IGNIS DELTA 1.2 K12 MANUAL,Hyderabad,https://www.cars24.com/buy-used-maruti-ignis-2017-cars-hyderabad-1046793960/,"5,09,999"
133,Non-Accidental,2nd Owner,"36,441",Petrol,29 Jun 2022,MANUAL,TS-08-x-xxxx,3rd Party,Jul 2023,May 2014,Honda,Amaze 1.2 VXMT I VTEC MANUAL,Hyderabad,https://www.cars24.com/buy-used-honda-amaze-2014-cars-hyderabad-10460096717/,"5,04,999"
134,Non-Accidental,2nd Owner,"68,055",Petrol,27 Jun 2022,MANUAL,AP-02-x-xxxx,Zero Depreciation,Nov 2022,March 2017,Maruti,IGNIS ZETA 1.2 K12 MANUAL,Hyderabad,https://www.cars24.com/buy-used-maruti-ignis-2017-cars-hyderabad-1049825065/,"5,04,299"
135,Non-Accidental,1st Owner,"35,568",Petrol,22 Jun 2022,MANUAL,TS-07-x-xxxx,3rd Party,Jul 2023,June 2014,Hyundai,Xcent SX 1.2 OPT MANUAL,Hyderabad,https://www.cars24.com/buy-used-hyundai-xcent-2014-cars-hyderabad-10421598719/,"5,01,399"
136,Non-Accidental,2nd Owner,"86,841",Petrol,04 Jul 2022,MANUAL,TS-09-x-xxxx,3rd Party,Jul 2023,January 2017,Maruti,IGNIS DELTA 1.2 K12 MANUAL,Hyderabad,https://www.cars24.com/buy-used-maruti-ignis-2017-cars-hyderabad-1049418166/,"4,96,799"
137,Non-Accidental,2nd Owner,"60,066",Petrol,13 Apr 2022,MANUAL,TS-08-x-xxxx,3rd Party,Jul 2023,May 2017,Maruti,IGNIS DELTA 1.2 K12 MANUAL,Hyderabad,https://www.cars24.com/buy-used-maruti-ignis-2017-cars-hyderabad-1041582266/,"4,95,899"
138,Non-Accidental,1st Owner,"18,456",Petrol,01 Jul 2022,MANUAL,AP-10-x-xxxx,3rd Party,Jul 2023,July 2010,Honda,City S MT PETROL MANUAL,Hyderabad,https://www.cars24.com/buy-used-honda-city-2010-cars-hyderabad-1043206669/,"4,94,999"
139,Non-Accidental,2nd Owner,"83,526",Petrol,29 Jun 2022,MANUAL,TS-13-x-xxxx,Comprehensive,Mar 2023,October 2018,Maruti,IGNIS ALPHA 1.2 K12 MANUAL,Hyderabad,https://www.cars24.com/buy-used-maruti-ignis-2018-cars-hyderabad-1047786161/,"4,94,099"
140,Non-Accidental,1st Owner,"25,718",Petrol,06 Jun 2022,MANUAL,TS-08-x-xxxx,Comprehensive,Apr 2023,March 2018,Maruti,Wagon R 1.0 VXI MANUAL,Hyderabad,https://www.cars24.com/buy-used-maruti-wagon-r-1.0-2018-cars-hyderabad-10462496719/,"4,91,999"
141,Non-Accidental,1st Owner,"5,855",Petrol,18 Jun 2022,MANUAL,TS-15-x-xxxx,3rd Party,Jul 2023,February 2019,Maruti,Eeco 5 STR WITH AC PLUSHTR MANUAL,Hyderabad,https://www.cars24.com/buy-used-maruti-eeco-2019-cars-hyderabad-10416790798/,"4,86,599"
142,Non-Accidental,1st Owner,"11,909",Petrol,21 Jun 2022,MANUAL,TS-11-x-xxxx,3rd Party,Jul 2023,January 2019,Maruti,Eeco 5 STR WITH AC PLUSHTR MANUAL,Hyderabad,https://www.cars24.com/buy-used-maruti-eeco-2019-cars-hyderabad-1040160065/,"4,86,599"
143,Non-Accidental,2nd Owner,"43,072",Petrol,28 Jun 2022,MANUAL,TS-34-x-xxxx,3rd Party,Jul 2023,January 2019,Maruti,Eeco 5 STR WITH AC PLUSHTR MANUAL,Hyderabad,https://www.cars24.com/buy-used-maruti-eeco-2019-cars-hyderabad-1040140667/,"4,86,599"
144,Non-Accidental,2nd Owner,"18,299",Petrol,08 Apr 2022,MANUAL,TS-08-x-xxxx,Comprehensive,Mar 2023,January 2018,Maruti,Wagon R 1.0 VXI MANUAL,Hyderabad,https://www.cars24.com/buy-used-maruti-wagon-r-1.0-2018-cars-hyderabad-1046250068/,"4,84,599"
145,Non-Accidental,1st Owner,"39,155",Petrol,18 Apr 2022,MANUAL,TS-06-x-xxxx,3rd Party,Jul 2023,January 2020,Maruti,S PRESSO VXI PLUS MANUAL,Hyderabad,https://www.cars24.com/buy-used-maruti-s-presso-2020-cars-hyderabad-1048256568/,"4,84,049"
146,Non-Accidental,1st Owner,"63,990",Petrol,01 May 2022,MANUAL,TS-07-x-xxxx,3rd Party,Jul 2023,August 2018,Maruti,Wagon R 1.0 VXI MANUAL,Hyderabad,https://www.cars24.com/buy-used-maruti-wagon-r-1.0-2018-cars-hyderabad-10478599790/,"4,73,799"
147,Non-Accidental,2nd Owner,"43,572",Petrol,01 Jun 2022,MANUAL,TS-15-x-xxxx,3rd Party,Jul 2023,June 2018,Maruti,Wagon R 1.0 VXI MANUAL,Hyderabad,https://www.cars24.com/buy-used-maruti-wagon-r-1.0-2018-cars-hyderabad-10431696715/,"4,69,299"
148,Non-Accidental,1st Owner,"75,863",Petrol,26 Jun 2022,MANUAL,TS-07-x-xxxx,3rd Party,Jul 2023,June 2020,Maruti,S PRESSO VXI PLUS MANUAL,Hyderabad,https://www.cars24.com/buy-used-maruti-s-presso-2020-cars-hyderabad-1044040260/,"4,67,999"
149,Non-Accidental,1st Owner,"35,091",Petrol,28 Feb 2022,MANUAL,TS-07-x-xxxx,Zero Depreciation,Oct 2022,September 2019,Maruti,S PRESSO VXI PLUS MANUAL,Hyderabad,https://www.cars24.com/buy-used-maruti-s-presso-2019-cars-hyderabad-1042683966/,"4,64,299"
150,Non-Accidental,2nd Owner,"70,658",Petrol,20 Jun 2022,MANUAL,AP-28-x-xxxx,Comprehensive,Nov 2022,September 2010,Honda,City S MT PETROL MANUAL,Hyderabad,https://www.cars24.com/buy-used-honda-city-2010-cars-hyderabad-10458798794/,"4,59,599"
151,Non-Accidental,2nd Owner,"49,294",Petrol,05 Jul 2022,MANUAL,AP-36-x-xxxx,Comprehensive,Nov 2022,October 2011,Maruti,Swift ZXI MANUAL,Hyderabad,https://www.cars24.com/buy-used-maruti-swift-2011-cars-hyderabad-10420999795/,"4,50,999"
152,Non-Accidental,2nd Owner,"64,715",Petrol,25 Jun 2022,MANUAL,TS-07-x-xxxx,3rd Party,Jul 2023,May 2018,Maruti,Wagon R 1.0 VXI MANUAL,Hyderabad,https://www.cars24.com/buy-used-maruti-wagon-r-1.0-2018-cars-hyderabad-1044542764/,"4,49,249"
153,,,,,,,,,,,,,Hyderabad,https://www.cars24.com/buy-used-maruti-swift-dzire-2012-cars-hyderabad-1043557244/,"4,49,099"
154,Non-Accidental,1st Owner,"23,377",Petrol,29 May 2022,MANUAL,TS-07-x-xxxx,Comprehensive,Feb 2023,November 2020,Maruti,S PRESSO VXI MANUAL,Hyderabad,https://www.cars24.com/buy-used-maruti-s-presso-2020-cars-hyderabad-10436390779/,"4,48,499"
155,Non-Accidental,1st Owner,"20,720",Petrol,01 Jul 2022,MANUAL,TS-12-x-xxxx,3rd Party,Jul 2023,September 2019,Maruti,S PRESSO VXI (O) MANUAL,Hyderabad,https://www.cars24.com/buy-used-maruti-s-presso-2019-cars-hyderabad-10464591753/,"4,46,399"
156,Non-Accidental,2nd Owner,"42,794",Petrol,05 Jul 2022,MANUAL,AP-13-x-xxxx,3rd Party,Jul 2023,January 2012,Hyundai,i20 SPORTZ 1.2 VTVT MANUAL,Hyderabad,https://www.cars24.com/buy-used-hyundai-i20-2012-cars-hyderabad-10454893797/,"4,38,599"
157,Non-Accidental,1st Owner,"8,155",Petrol,16 Jun 2022,MANUAL,TS-10-x-xxxx,3rd Party,Jul 2023,March 2021,Maruti,Alto VXI MANUAL,Hyderabad,https://www.cars24.com/buy-used-maruti-alto-2021-cars-hyderabad-10417997710/,"4,37,499"
158,Non-Accidental,1st Owner,"26,493",Petrol,06 Jul 2022,MANUAL,TS-10-x-xxxx,Zero Depreciation,Nov 2022,October 2019,Maruti,S PRESSO VXI MANUAL,Hyderabad,https://www.cars24.com/buy-used-maruti-s-presso-2019-cars-hyderabad-10465690797/,"4,36,899"
159,Non-Accidental,2nd Owner,"69,961",Petrol,05 Jul 2022,MANUAL,TS-10-x-xxxx,3rd Party,Jul 2023,July 2013,Hyundai,i20 ASTA 1.2 MANUAL,Hyderabad,https://www.cars24.com/buy-used-hyundai-i20-2013-cars-hyderabad-1048395362/,"4,35,499"
160,Non-Accidental,2nd Owner,"46,934",Petrol,02 Jul 2022,MANUAL,TS-07-x-xxxx,3rd Party,Jul 2023,September 2019,Maruti,S PRESSO VXI MANUAL,Hyderabad,https://www.cars24.com/buy-used-maruti-s-presso-2019-cars-hyderabad-10437892778/,"4,32,699"
161,Non-Accidental,1st Owner,"11,190",Petrol,30 Jun 2022,MANUAL,TS-15-x-xxxx,Comprehensive,Apr 2023,March 2021,Maruti,Alto VXI MANUAL,Hyderabad,https://www.cars24.com/buy-used-maruti-alto-2021-cars-hyderabad-10475494771/,"4,30,099"
162,Non-Accidental,1st Owner,"13,496",Petrol,30 Jun 2022,MANUAL,TS-08-x-xxxx,3rd Party,Jul 2023,January 2021,Maruti,Alto VXI MANUAL,Hyderabad,https://www.cars24.com/buy-used-maruti-alto-2021-cars-hyderabad-1048000867/,"4,25,799"
163,Non-Accidental,1st Owner,"46,722",Petrol,24 Jun 2022,MANUAL,TS-29-x-xxxx,3rd Party,Jul 2023,April 2019,Maruti,Alto K10 VXI MANUAL,Hyderabad,https://www.cars24.com/buy-used-maruti-alto-k10-2019-cars-hyderabad-1042966167/,"4,23,799"
164,Non-Accidental,1st Owner,"52,167",Petrol,07 Apr 2022,MANUAL,TS-08-x-xxxx,Comprehensive,Dec 2022,November 2017,Maruti,Wagon R 1.0 VXI MANUAL,Hyderabad,https://www.cars24.com/buy-used-maruti-wagon-r-1.0-2017-cars-hyderabad-1048710468/,"4,13,399"
165,Non-Accidental,1st Owner,"15,165",Petrol,02 Jul 2022,AUTOMATIC,TS-07-x-xxxx,3rd Party,Jul 2023,January 2017,Renault,Kwid 1.0 RXT Opt AT AUTOMATIC,Hyderabad,https://www.cars24.com/buy-used-renault-kwid-2017-cars-hyderabad-10466994777/,"4,10,799"
166,Non-Accidental,1st Owner,"93,791",Diesel,28 Jun 2022,MANUAL,AP-28-x-xxxx,3rd Party,Jul 2023,June 2013,Honda,Amaze 1.5 EXMT I DTEC MANUAL,Hyderabad,https://www.cars24.com/buy-used-honda-amaze-2013-cars-hyderabad-10459890799/,"4,09,999"
167,Non-Accidental,1st Owner,"72,772",Petrol,03 Jul 2022,MANUAL,AP-07-x-xxxx,3rd Party,Jul 2023,November 2017,Maruti,Wagon R 1.0 VXI MANUAL,Hyderabad,https://www.cars24.com/buy-used-maruti-wagon-r-1.0-2017-cars-hyderabad-10429398710/,"4,06,599"
168,Non-Accidental,2nd Owner,"38,032",Petrol,06 Jul 2022,AUTOMATIC,TS-04-x-xxxx,3rd Party,Jul 2023,December 2018,Renault,Kwid CLIMBER 1.0 AT AUTOMATIC,Hyderabad,https://www.cars24.com/buy-used-renault-kwid-2018-cars-hyderabad-1046386809/,"4,04,999"
169,Non-Accidental,2nd Owner,"32,648",Petrol,31 May 2022,MANUAL,TS-10-x-xxxx,Comprehensive,May 2023,July 2016,Honda,Brio 1.2 S MT I VTEC MANUAL,Hyderabad,https://www.cars24.com/buy-used-honda-brio-2016-cars-hyderabad-10425992718/,"4,04,899"
170,Non-Accidental,2nd Owner,"23,793",Petrol,03 Jul 2022,MANUAL,TS-07-x-xxxx,3rd Party,Jul 2023,May 2018,Renault,Kwid CLIMBER 1.0 MANUAL,Hyderabad,https://www.cars24.com/buy-used-renault-kwid-2018-cars-hyderabad-10416992717/,"4,04,399"
171,Non-Accidental,2nd Owner,"43,136",Petrol,26 Jun 2022,MANUAL,TS-07-x-xxxx,3rd Party,Jul 2023,February 2015,Honda,Brio 1.2 S MT I VTEC MANUAL,Hyderabad,https://www.cars24.com/buy-used-honda-brio-2015-cars-hyderabad-10412892710/,"4,04,099"
172,Non-Accidental,2nd Owner,"35,224",Petrol,22 Jun 2022,MANUAL,TS-09-x-xxxx,Comprehensive,May 2023,October 2014,Honda,Brio 1.2 S MT I VTEC MANUAL,Hyderabad,https://www.cars24.com/buy-used-honda-brio-2014-cars-hyderabad-10476599799/,"4,02,499"
173,Non-Accidental,1st Owner,"70,211",Petrol,17 May 2022,MANUAL,TS-09-x-xxxx,3rd Party,Jul 2023,February 2015,Honda,Brio 1.2 S MT I VTEC MANUAL,Hyderabad,https://www.cars24.com/buy-used-honda-brio-2015-cars-hyderabad-10471299778/,"4,01,099"
174,Non-Accidental,1st Owner,"13,707",Petrol,26 Jun 2022,MANUAL,TS-08-x-xxxx,Comprehensive,Mar 2023,February 2017,Maruti,Alto K10 VXI MANUAL,Hyderabad,https://www.cars24.com/buy-used-maruti-alto-k10-2017-cars-hyderabad-1042714466/,"3,92,699"
175,Non-Accidental,1st Owner,"48,338",Petrol,26 Jun 2022,MANUAL,AP-29-x-xxxx,3rd Party,Mar 2023,February 2014,Maruti,Wagon R 1.0 VXI MANUAL,Hyderabad,https://www.cars24.com/buy-used-maruti-wagon-r-1.0-2014-cars-hyderabad-1040536767/,"3,91,199"
176,Non-Accidental,1st Owner,"62,118",Petrol,26 Apr 2022,MANUAL,TS-07-x-xxxx,3rd Party,Jul 2023,September 2017,Maruti,Alto K10 VXI MANUAL,Hyderabad,https://www.cars24.com/buy-used-maruti-alto-k10-2017-cars-hyderabad-1045046663/,"3,90,399"
177,Non-Accidental,1st Owner,"32,951",Petrol,29 Jun 2022,MANUAL,TS-15-x-xxxx,Comprehensive,Jan 2023,May 2017,Maruti,Alto K10 VXI MANUAL,Hyderabad,https://www.cars24.com/buy-used-maruti-alto-k10-2017-cars-hyderabad-10400490799/,"3,88,999"
178,Non-Accidental,1st Owner,"42,218",Petrol,26 Jun 2022,MANUAL,AP-16-x-xxxx,3rd Party,Oct 2022,September 2015,Maruti,Wagon R 1.0 VXI MANUAL,Hyderabad,https://www.cars24.com/buy-used-maruti-wagon-r-1.0-2015-cars-hyderabad-1041110262/,"3,88,899"
179,Non-Accidental,1st Owner,"20,061",Petrol,04 Jun 2022,MANUAL,TS-08-x-xxxx,3rd Party,Jul 2023,October 2020,Maruti,S PRESSO LXI MANUAL,Hyderabad,https://www.cars24.com/buy-used-maruti-s-presso-2020-cars-hyderabad-10499098711/,"3,88,599"
180,Non-Accidental,1st Owner,"24,300",Petrol,27 Jun 2022,MANUAL,TS-07-x-xxxx,3rd Party,Jul 2023,August 2017,Maruti,Alto K10 VXI MANUAL,Hyderabad,https://www.cars24.com/buy-used-maruti-alto-k10-2017-cars-hyderabad-1041000567/,"3,88,399"
181,Non-Accidental,1st Owner,"40,350",Petrol,06 Jul 2022,MANUAL,AP-28-x-xxxx,3rd Party,Jul 2023,March 2013,Hyundai,i20 MAGNA O 1.2 MANUAL,Hyderabad,https://www.cars24.com/buy-used-hyundai-i20-2013-cars-hyderabad-1043074465/,"3,88,199"
182,Non-Accidental,2nd Owner,"34,760",Petrol,03 Apr 2022,MANUAL,AP-29-x-xxxx,Comprehensive,Nov 2022,March 2014,Maruti,Wagon R 1.0 VXI MANUAL,Hyderabad,https://www.cars24.com/buy-used-maruti-wagon-r-1.0-2014-cars-hyderabad-1040634464/,"3,87,699"
183,Non-Accidental,1st Owner,"18,490",Petrol,22 Jun 2022,MANUAL,TS-08-x-xxxx,3rd Party,Jul 2023,February 2020,Maruti,Alto LXI MANUAL,Hyderabad,https://www.cars24.com/buy-used-maruti-alto-2020-cars-hyderabad-10498094773/,"3,86,499"
184,Non-Accidental,1st Owner,"16,104",Petrol,16 Apr 2022,MANUAL,TS-08-x-xxxx,Zero Depreciation,Dec 2022,October 2017,Maruti,Alto K10 VXI MANUAL,Hyderabad,https://www.cars24.com/buy-used-maruti-alto-k10-2017-cars-hyderabad-1044204068/,"3,84,599"
185,Non-Accidental,1st Owner,"8,988",Petrol,27 Jun 2022,MANUAL,TS-08-x-xxxx,Zero Depreciation,Dec 2022,January 2019,Hyundai,Eon MAGNA PLUS MANUAL,Hyderabad,https://www.cars24.com/buy-used-hyundai-eon-2019-cars-hyderabad-10473195713/,"3,84,599"
186,Non-Accidental,1st Owner,"56,518",Petrol,29 Jun 2022,MANUAL,TS-15-x-xxxx,3rd Party,Jul 2023,March 2015,Maruti,Wagon R 1.0 VXI MANUAL,Hyderabad,https://www.cars24.com/buy-used-maruti-wagon-r-1.0-2015-cars-hyderabad-10478398794/,"3,82,799"
187,Non-Accidental,2nd Owner,"30,771",Petrol,21 Apr 2022,MANUAL,TS-08-x-xxxx,3rd Party,Jul 2023,January 2017,Maruti,Alto K10 VXI MANUAL,Hyderabad,https://www.cars24.com/buy-used-maruti-alto-k10-2017-cars-hyderabad-1042630062/,"3,81,599"
188,Non-Accidental,1st Owner,"25,002",Petrol,28 Jun 2022,AUTOMATIC,TS-07-x-xxxx,3rd Party,Jul 2023,May 2018,Datsun,Redi Go 1.0 S AT AUTOMATIC,Hyderabad,https://www.cars24.com/buy-used-datsun-redi-go-2018-cars-hyderabad-1049926464/,"3,79,699"
189,Non-Accidental,1st Owner,"22,855",Petrol,26 Jun 2022,MANUAL,TS-10-x-xxxx,3rd Party,Jul 2023,July 2018,Maruti,Alto 800 LXI OPT MANUAL,Hyderabad,https://www.cars24.com/buy-used-maruti-alto-800-2018-cars-hyderabad-10465992792/,"3,76,199"
190,Non-Accidental,1st Owner,"82,985",Petrol,23 Jun 2022,MANUAL,TS-08-x-xxxx,3rd Party,Jul 2023,April 2017,Renault,Kwid RXL MANUAL,Hyderabad,https://www.cars24.com/buy-used-renault-kwid-2017-cars-hyderabad-10408794790/,"3,73,199"
191,Non-Accidental,3rd Owner,"36,665",Petrol,21 Jun 2022,MANUAL,TS-09-x-xxxx,3rd Party,Jul 2023,March 2016,Hyundai,i10 MAGNA 1.1 IRDE2 MANUAL,Hyderabad,https://www.cars24.com/buy-used-hyundai-i10-2016-cars-hyderabad-10441891778/,"3,71,599"
192,Non-Accidental,2nd Owner,"89,968",Petrol,02 Jul 2022,MANUAL,TS-15-x-xxxx,Comprehensive,Feb 2023,January 2017,Maruti,Alto K10 VXI MANUAL,Hyderabad,https://www.cars24.com/buy-used-maruti-alto-k10-2017-cars-hyderabad-1040704766/,"3,70,199"
193,Non-Accidental,1st Owner,"39,492",Petrol,16 Jun 2022,MANUAL,TS-12-x-xxxx,3rd Party,Jul 2023,January 2018,Maruti,Alto 800 LXI OPT MANUAL,Hyderabad,https://www.cars24.com/buy-used-maruti-alto-800-2018-cars-hyderabad-10497195754/,"3,66,799"
194,Non-Accidental,1st Owner,"41,712",Petrol,13 Jan 2022,MANUAL,AP-27-x-xxxx,3rd Party,Jul 2023,November 2014,Maruti,Wagon R 1.0 VXI MANUAL,Hyderabad,https://www.cars24.com/buy-used-maruti-wagon-r-1.0-2014-cars-hyderabad-1043181464/,"3,66,299"
195,Non-Accidental,2nd Owner,"68,569",Petrol,13 May 2022,AUTOMATIC,TS-08-x-xxxx,3rd Party,Jul 2023,November 2016,Maruti,Alto K10 VXI AMT AUTOMATIC,Hyderabad,https://www.cars24.com/buy-used-maruti-alto-k10-2016-cars-hyderabad-1049696063/,"3,65,799"
196,Non-Accidental,1st Owner,"52,011",Petrol,02 Mar 2022,MANUAL,TS-07-x-xxxx,3rd Party,Jul 2023,November 2017,Maruti,Alto K10 VXI MANUAL,Hyderabad,https://www.cars24.com/buy-used-maruti-alto-k10-2017-cars-hyderabad-1049099067/,"3,62,899"
197,Non-Accidental,1st Owner,"65,590",Petrol,29 Mar 2022,MANUAL,TS-09-x-xxxx,3rd Party,Jul 2023,January 2017,Maruti,Alto K10 VXI MANUAL,Hyderabad,https://www.cars24.com/buy-used-maruti-alto-k10-2017-cars-hyderabad-1043892762/,"3,59,199"
198,Non-Accidental,2nd Owner,"75,857",Diesel,30 Jun 2022,MANUAL,AP-28-x-xxxx,3rd Party,Jul 2023,January 2014,Ford,Figo 1.4 TITANIUM DURATORQ MANUAL,Hyderabad,https://www.cars24.com/buy-used-ford-figo-2014-cars-hyderabad-1045728649/,"3,58,999"
199,Non-Accidental,1st Owner,"18,271",Petrol,20 Jun 2022,MANUAL,AP-39-x-xxxx,3rd Party,Dec 2022,December 2019,Maruti,Alto LXI MANUAL,Hyderabad,https://www.cars24.com/buy-used-maruti-alto-2019-cars-hyderabad-1049127068/,"3,56,299"
200,Non-Accidental,1st Owner,"38,169",Petrol,18 Jun 2022,MANUAL,TS-08-x-xxxx,3rd Party,Jul 2023,January 2019,Maruti,Alto 800 LXI MANUAL,Hyderabad,https://www.cars24.com/buy-used-maruti-alto-800-2019-cars-hyderabad-10411499754/,"3,52,899"
201,Non-Accidental,1st Owner,"77,641",Petrol,03 Feb 2022,MANUAL,TS-08-x-xxxx,3rd Party,Jul 2023,August 2014,Maruti,Wagon R 1.0 VXI MANUAL,Hyderabad,https://www.cars24.com/buy-used-maruti-wagon-r-1.0-2014-cars-hyderabad-1041998267/,"3,49,799"
202,Non-Accidental,1st Owner,"49,041",Petrol,26 Jun 2022,MANUAL,TS-08-x-xxxx,Zero Depreciation,Dec 2022,November 2020,Maruti,Alto LXI MANUAL,Hyderabad,https://www.cars24.com/buy-used-maruti-alto-2020-cars-hyderabad-10454192775/,"3,44,999"
203,Non-Accidental,1st Owner,"69,748",Petrol,02 Jul 2022,MANUAL,TS-13-x-xxxx,3rd Party,Jul 2023,March 2018,Hyundai,Eon ERA PLUS MANUAL,Hyderabad,https://www.cars24.com/buy-used-hyundai-eon-2018-cars-hyderabad-1042944760/,"3,43,999"
204,,,,,,,,,,,,,Hyderabad,https://www.cars24.com/buy-used-maruti-wagon-r-1.0-2013-cars-hyderabad-1048828905/,"3,40,399"
205,Non-Accidental,1st Owner,"32,293",Petrol,22 Apr 2022,MANUAL,TS-07-x-xxxx,3rd Party,Jul 2023,October 2019,Maruti,Alto 800 LXI MANUAL,Hyderabad,https://www.cars24.com/buy-used-maruti-alto-800-2019-cars-hyderabad-1043466363/,"3,36,699"
206,Non-Accidental,1st Owner,"67,110",Petrol,15 May 2022,MANUAL,TS-08-x-xxxx,3rd Party,Jul 2023,July 2018,Maruti,Alto 800 LXI MANUAL,Hyderabad,https://www.cars24.com/buy-used-maruti-alto-800-2018-cars-hyderabad-10409799771/,"3,36,699"
207,Non-Accidental,1st Owner,"79,156",Petrol,24 Jun 2022,MANUAL,TS-17-x-xxxx,3rd Party,Jul 2023,August 2019,Maruti,Alto 800 LXI MANUAL,Hyderabad,https://www.cars24.com/buy-used-maruti-alto-800-2019-cars-hyderabad-1040536960/,"3,36,699"
208,Non-Accidental,2nd Owner,"41,552",Petrol,16 May 2022,MANUAL,TS-07-x-xxxx,3rd Party,Jul 2023,October 2019,Maruti,Alto 800 LXI MANUAL,Hyderabad,https://www.cars24.com/buy-used-maruti-alto-800-2019-cars-hyderabad-10475695770/,"3,36,699"
209,Non-Accidental,1st Owner,"36,510",Petrol,04 May 2022,MANUAL,TS-07-x-xxxx,3rd Party,Jul 2023,November 2019,Maruti,Alto 800 LXI MANUAL,Hyderabad,https://www.cars24.com/buy-used-maruti-alto-800-2019-cars-hyderabad-10447097793/,"3,36,699"
210,Non-Accidental,2nd Owner,"20,555",Petrol,29 May 2022,MANUAL,TS-09-x-xxxx,Comprehensive,Feb 2023,September 2019,Maruti,Alto 800 LXI MANUAL,Hyderabad,https://www.cars24.com/buy-used-maruti-alto-800-2019-cars-hyderabad-10476395771/,"3,36,699"
211,Non-Accidental,1st Owner,"34,128",Petrol,01 Jul 2022,MANUAL,TS-12-x-xxxx,3rd Party,Jul 2023,November 2019,Maruti,Alto 800 LXI MANUAL,Hyderabad,https://www.cars24.com/buy-used-maruti-alto-800-2019-cars-hyderabad-10447399752/,"3,36,699"
212,Non-Accidental,1st Owner,"44,244",Petrol,12 Apr 2022,MANUAL,AP-31-x-xxxx,3rd Party,Jul 2023,February 2017,Hyundai,Eon ERA PLUS (O) MANUAL,Hyderabad,https://www.cars24.com/buy-used-hyundai-eon-2017-cars-hyderabad-1049220964/,"3,35,180"
213,Non-Accidental,2nd Owner,"69,209",Petrol,27 Jun 2022,MANUAL,TS-15-x-xxxx,Comprehensive,Nov 2022,September 2016,Renault,Kwid 1.0 RXT MANUAL,Hyderabad,https://www.cars24.com/buy-used-renault-kwid-2016-cars-hyderabad-10487592779/,"3,33,699"
214,Non-Accidental,1st Owner,"32,881",Petrol,06 Jul 2022,MANUAL,TS-03-x-xxxx,3rd Party,Jul 2023,July 2018,Maruti,Alto 800 LXI OPT MANUAL,Hyderabad,https://www.cars24.com/buy-used-maruti-alto-800-2018-cars-hyderabad-10421698770/,"3,31,999"
215,Non-Accidental,1st Owner,"30,621",Petrol,23 Jun 2022,MANUAL,TS-08-x-xxxx,3rd Party,Jul 2023,May 2017,Datsun,Go T MANUAL,Hyderabad,https://www.cars24.com/buy-used-datsun-go-2017-cars-hyderabad-1049116562/,"3,28,799"
216,Non-Accidental,2nd Owner,"53,358",Petrol,04 Jul 2022,MANUAL,TS-04-x-xxxx,3rd Party,Jul 2023,August 2016,Renault,Kwid RXL MANUAL,Hyderabad,https://www.cars24.com/buy-used-renault-kwid-2016-cars-hyderabad-10472298797/,"3,28,399"
217,Non-Accidental,1st Owner,"29,779",Petrol,29 Jun 2022,MANUAL,TS-09-x-xxxx,3rd Party,Jul 2023,December 2018,Hyundai,Eon ERA PLUS MANUAL,Hyderabad,https://www.cars24.com/buy-used-hyundai-eon-2018-cars-hyderabad-1040330166/,"3,27,651"
218,Non-Accidental,1st Owner,"25,026",Petrol,21 Jun 2022,MANUAL,TS-07-x-xxxx,3rd Party,Jul 2023,August 2016,Hyundai,Eon ERA PLUS MANUAL,Hyderabad,https://www.cars24.com/buy-used-hyundai-eon-2016-cars-hyderabad-1046426560/,"3,27,199"
219,Non-Accidental,2nd Owner,"66,786",Petrol,08 May 2022,MANUAL,AP-16-x-xxxx,3rd Party,Jul 2023,July 2012,Hyundai,i10 MAGNA 1.2 KAPPA2 MANUAL,Hyderabad,https://www.cars24.com/buy-used-hyundai-i10-2012-cars-hyderabad-10401698799/,"3,26,499"
220,Non-Accidental,1st Owner,"61,295",Petrol,04 Jul 2022,MANUAL,TS-08-x-xxxx,Comprehensive,Jan 2023,February 2017,Hyundai,Eon ERA PLUS MANUAL,Hyderabad,https://www.cars24.com/buy-used-hyundai-eon-2017-cars-hyderabad-10430292792/,"3,23,499"
221,Non-Accidental,2nd Owner,"24,727",Petrol,20 Jun 2022,MANUAL,TS-10-x-xxxx,3rd Party,Jul 2023,October 2017,Renault,Kwid RXL MANUAL,Hyderabad,https://www.cars24.com/buy-used-renault-kwid-2017-cars-hyderabad-10485396790/,"3,23,199"
222,Non-Accidental,3rd Owner,"45,261",Petrol,04 Jun 2022,MANUAL,AP-31-x-xxxx,3rd Party,Oct 2022,February 2012,Hyundai,i10 ERA 1.1 IRDE MANUAL,Hyderabad,https://www.cars24.com/buy-used-hyundai-i10-2012-cars-hyderabad-1048841265/,"3,22,099"
223,Non-Accidental,2nd Owner,"13,620",Petrol,01 Jul 2022,MANUAL,AP-31-x-xxxx,Comprehensive,Jan 2023,October 2016,Hyundai,Eon ERA PLUS MANUAL,Hyderabad,https://www.cars24.com/buy-used-hyundai-eon-2016-cars-hyderabad-10496794796/,"3,19,799"
224,Non-Accidental,1st Owner,"39,091",Petrol,25 Jun 2022,MANUAL,AP-31-x-xxxx,3rd Party,Jul 2023,April 2015,Hyundai,Eon MAGNA PLUS MANUAL,Hyderabad,https://www.cars24.com/buy-used-hyundai-eon-2015-cars-hyderabad-1042668709/,"3,16,699"
225,Non-Accidental,1st Owner,"67,363",Petrol,29 Jun 2022,MANUAL,TS-08-x-xxxx,3rd Party,Jul 2023,September 2017,Maruti,Alto 800 LXI MANUAL,Hyderabad,https://www.cars24.com/buy-used-maruti-alto-800-2017-cars-hyderabad-1041126264/,"3,14,299"
226,Non-Accidental,1st Owner,"34,368",Petrol,11 May 2022,MANUAL,TS-10-x-xxxx,3rd Party,Jul 2023,March 2017,Datsun,Redi Go S MANUAL,Hyderabad,https://www.cars24.com/buy-used-datsun-redi-go-2017-cars-hyderabad-10419298779/,"3,12,399"
227,Non-Accidental,2nd Owner,"40,631",Petrol,27 Jun 2022,MANUAL,TS-11-x-xxxx,3rd Party,Jul 2023,March 2015,Hyundai,Eon ERA PLUS MANUAL,Hyderabad,https://www.cars24.com/buy-used-hyundai-eon-2015-cars-hyderabad-1048556766/,"3,09,699"
228,Non-Accidental,1st Owner,"60,585",Petrol,22 May 2022,MANUAL,TS-05-x-xxxx,Comprehensive,Jan 2023,November 2016,Hyundai,Eon ERA PLUS MANUAL,Hyderabad,https://www.cars24.com/buy-used-hyundai-eon-2016-cars-hyderabad-10433696778/,"3,09,699"
229,Non-Accidental,1st Owner,"86,914",Petrol,27 Jun 2022,MANUAL,TS-07-x-xxxx,3rd Party,Jul 2023,April 2018,Maruti,Alto 800 LXI MANUAL,Hyderabad,https://www.cars24.com/buy-used-maruti-alto-800-2018-cars-hyderabad-1044496160/,"3,09,329"
230,Non-Accidental,1st Owner,"50,521",Petrol,23 Jun 2022,MANUAL,AP-28-x-xxxx,3rd Party,Jul 2023,February 2010,Hyundai,i10 SPORTZ 1.2 MANUAL,Hyderabad,https://www.cars24.com/buy-used-hyundai-i10-2010-cars-hyderabad-10451791791/,"3,09,199"
231,Non-Accidental,1st Owner,"76,714",Petrol,29 May 2022,MANUAL,TS-10-x-xxxx,3rd Party,Jul 2023,December 2016,Hyundai,Eon ERA PLUS MANUAL,Hyderabad,https://www.cars24.com/buy-used-hyundai-eon-2016-cars-hyderabad-10487895713/,"3,06,999"
232,Non-Accidental,2nd Owner,"76,694",Petrol,02 Jul 2022,MANUAL,TS-11-x-xxxx,3rd Party,Jul 2023,April 2017,Maruti,Alto 800 LXI MANUAL,Hyderabad,https://www.cars24.com/buy-used-maruti-alto-800-2017-cars-hyderabad-1044010067/,"2,98,299"
233,Non-Accidental,3rd Owner,"33,556",Petrol,02 Jul 2022,MANUAL,AP-37-x-xxxx,Comprehensive,Jan 2023,November 2014,Maruti,Alto K10 VXI MANUAL,Hyderabad,https://www.cars24.com/buy-used-maruti-alto-k10-2014-cars-hyderabad-1047074865/,"2,92,999"
234,Non-Accidental,2nd Owner,"70,844",Petrol,01 Jul 2022,MANUAL,TS-07-x-xxxx,3rd Party,Jul 2023,May 2015,Maruti,Alto 800 LXI MANUAL,Hyderabad,https://www.cars24.com/buy-used-maruti-alto-800-2015-cars-hyderabad-1048373240/,"2,85,499"
235,Non-Accidental,1st Owner,"82,752",Petrol,25 Jun 2022,MANUAL,AP-09-x-xxxx,3rd Party,Jul 2023,August 2009,Hyundai,i10 SPORTZ 1.2 MANUAL,Hyderabad,https://www.cars24.com/buy-used-hyundai-i10-2009-cars-hyderabad-10486599770/,"2,84,199"
236,Non-Accidental,2nd Owner,"62,018",Petrol,02 Jul 2022,MANUAL,AP-10-x-xxxx,3rd Party,Jul 2023,April 2013,Hyundai,Eon ERA PLUS MANUAL,Hyderabad,https://www.cars24.com/buy-used-hyundai-eon-2013-cars-hyderabad-10447997796/,"2,83,799"
237,Non-Accidental,1st Owner,"2,35,314",Petrol,24 Jun 2022,MANUAL,AP-37-x-xxxx,3rd Party,Jul 2023,April 2015,Maruti,Alto K10 VXI MANUAL,Hyderabad,https://www.cars24.com/buy-used-maruti-alto-k10-2015-cars-hyderabad-1049278623/,"2,69,299"
238,Non-Accidental,2nd Owner,"46,703",Petrol,26 Jun 2022,MANUAL,AP-13-x-xxxx,Comprehensive,Nov 2022,May 2011,Ford,Figo 1.2 ZXI DURATEC MANUAL,Hyderabad,https://www.cars24.com/buy-used-ford-figo-2011-cars-hyderabad-10419790710/,"2,68,899"
239,Non-Accidental,1st Owner,"68,962",Petrol,22 Jun 2022,MANUAL,AP-29-x-xxxx,3rd Party,Jul 2023,August 2013,Maruti,Alto 800 LXI MANUAL,Hyderabad,https://www.cars24.com/buy-used-maruti-alto-800-2013-cars-hyderabad-1045936068/,"2,63,899"
240,Non-Accidental,2nd Owner,"1,00,795",Petrol + LPG,05 Jul 2022,MANUAL,AP-11-x-xxxx,3rd Party,Jul 2023,October 2008,Maruti,Wagon R Duo LXI LPG MANUAL,Hyderabad,https://www.cars24.com/buy-used-maruti-wagon-r-duo-2008-cars-hyderabad-1047626726/,"2,03,799"
