,history,owner,kilometers,fuel,last_service,transmission,registration,insurance_type,insurance_validity,year,brand,model,location,url,price
0,Non-Accidental,1st Owner,"19,094",Petrol,04 Jul 2022,AUTOMATIC,RJ-45-x-xxxx,Third_party,Oct 2023,October 2020,MG,HECTOR SHARP DCT PETROL AUTOMATIC,Jaipur,https://www.cars24.com/buy-used-mg-hector-2020-cars-jaipur-1074694340/,"16,23,599"
1,Non-Accidental,1st Owner,"27,226",Petrol,20 May 2022,AUTOMATIC,RJ-45-x-xxxx,3rd Party,Jul 2023,September 2019,KIA,SELTOS GTX 1.4 GDI AT PETROL AUTOMATIC,Jaipur,https://www.cars24.com/buy-used-kia-seltos-2019-cars-jaipur-1072052740/,"15,96,099"
2,Non-Accidental,1st Owner,"58,946",Diesel,07 Jul 2022,MANUAL,RJ-45-x-xxxx,3rd Party,Jul 2023,May 2019,Tata,Harrier XZ 2.0L Kryotec MANUAL,Jaipur,https://www.cars24.com/buy-used-tata-harrier-2019-cars-jaipur-1075236460/,"15,27,999"
3,Non-Accidental,2nd Owner,"35,480",Diesel,23 Jun 2022,MANUAL,RJ-45-x-xxxx,3rd Party,Jul 2023,January 2019,Tata,Harrier XZ 2.0L Kryotec MANUAL,Jaipur,https://www.cars24.com/buy-used-tata-harrier-2019-cars-jaipur-1072584362/,"14,87,599"
4,Non-Accidental,1st Owner,"45,117",Diesel,05 Jul 2022,MANUAL,RJ-45-x-xxxx,3rd Party,Jul 2023,April 2018,Jeep,Compass 2.0 LIMITED MANUAL,Jaipur,https://www.cars24.com/buy-used-jeep-compass-2018-cars-jaipur-1073907166/,"14,47,899"
5,Non-Accidental,2nd Owner,"81,670",Diesel,28 May 2022,AUTOMATIC,RJ-14-x-xxxx,3rd Party,Jul 2023,December 2014,Audi,A4 2.0 TDI PREMIUM PLUS AUTOMATIC,Jaipur,https://www.cars24.com/buy-used-audi-a4-2014-cars-jaipur-1071404941/,"13,81,499"
6,Non-Accidental,1st Owner,"70,841",Diesel,29 May 2022,MANUAL,RJ-45-x-xxxx,3rd Party,Jul 2023,March 2018,Hyundai,Creta 1.6 SX CRDI MANUAL,Jaipur,https://www.cars24.com/buy-used-hyundai-creta-2018-cars-jaipur-1071480868/,"12,50,899"
7,Non-Accidental,1st Owner,"17,433",Petrol,03 Jul 2022,AUTOMATIC,RJ-45-x-xxxx,3rd Party,Feb 2024,September 2021,Volkswagen,Vento HIGHLINE PLUS 1.0 TSI AT AUTOMATIC,Jaipur,https://www.cars24.com/buy-used-volkswagen-vento-2021-cars-jaipur-1077189104/,"12,33,499"
8,Non-Accidental,1st Owner,"12,069",Petrol,06 Jul 2022,MANUAL,RJ-45-x-xxxx,3rd Party,Jul 2023,February 2020,KIA,SELTOS HTK 1.5 PETROL MANUAL,Jaipur,https://www.cars24.com/buy-used-kia-seltos-2020-cars-jaipur-1074914846/,"11,42,399"
9,Non-Accidental,2nd Owner,"32,640",Diesel,19 May 2022,MANUAL,RJ-14-x-xxxx,3rd Party,Jul 2023,August 2016,Hyundai,Creta 1.6 SX (O) CRDI MANUAL,Jaipur,https://www.cars24.com/buy-used-hyundai-creta-2016-cars-jaipur-1076021428/,"10,58,999"
10,Non-Accidental,1st Owner,"3,889",Petrol,19 May 2022,MANUAL,RJ-45-x-xxxx,3rd Party,Jul 2023,February 2021,Maruti,Vitara Brezza ZXI + MANUAL,Jaipur,https://www.cars24.com/buy-used-maruti-vitara-brezza-2021-cars-jaipur-1070992905/,"10,45,699"
11,Non-Accidental,1st Owner,"5,137",Petrol,12 May 2022,MANUAL,RJ-45-x-xxxx,Third_party,Sept 2023,August 2020,Ford,Ecosport TITANIUM+ SPORT MANUAL,Jaipur,https://www.cars24.com/buy-used-ford-ecosport-2020-cars-jaipur-1079360304/,"10,40,399"
12,Non-Accidental,1st Owner,"12,736",Petrol,06 Jul 2022,AUTOMATIC,RJ-20-x-xxxx,3rd Party,Dec 2023,November 2020,Hyundai,NEW I20 ASTA (O) 1.0 TURBO GDI AT AUTOMATIC,Jaipur,https://www.cars24.com/buy-used-hyundai-new-i20-2020-cars-jaipur-1548778302/,"10,29,499"
13,Non-Accidental,1st Owner,"84,676",Petrol,22 Jun 2022,AUTOMATIC,RJ-14-x-xxxx,3rd Party,Jul 2023,May 2016,Toyota,Corolla Altis VL AT AUTOMATIC,Jaipur,https://www.cars24.com/buy-used-toyota-corolla-altis-2016-cars-jaipur-1070837549/,"9,43,799"
14,Non-Accidental,1st Owner,"6,346",Petrol,01 Jul 2022,MANUAL,RJ-45-x-xxxx,3rd Party,Jul 2023,September 2020,Ford,Ecosport 1.5 TITANIUM TI VCT MANUAL,Jaipur,https://www.cars24.com/buy-used-ford-ecosport-2020-cars-jaipur-1071010742/,"9,29,299"
15,Non-Accidental,1st Owner,"18,779",Petrol,18 May 2022,MANUAL,RJ-45-x-xxxx,3rd Party,Jul 2023,June 2019,Ford,Ecosport 1.5 TITANIUM + (SUNROOF) MANUAL,Jaipur,https://www.cars24.com/buy-used-ford-ecosport-2019-cars-jaipur-1076324309/,"9,03,753"
16,Non-Accidental,1st Owner,"2,42,524",Diesel,07 Jun 2022,MANUAL,RJ-02-x-xxxx,3rd Party,Jul 2023,February 2017,Maruti,Ertiga ZDI SHVS MANUAL,Jaipur,https://www.cars24.com/buy-used-maruti-ertiga-2017-cars-jaipur-1521094847/,"8,42,199"
17,Non-Accidental,1st Owner,"28,349",Petrol,21 Jun 2022,MANUAL,RJ-36-x-xxxx,Comprehensive,Dec 2022,November 2020,Maruti,Baleno DELTA 1.2 K12 MANUAL,Jaipur,https://www.cars24.com/buy-used-maruti-baleno-2020-cars-jaipur-10768195711/,"7,45,899"
18,Non-Accidental,1st Owner,"29,127",Petrol,22 Jun 2022,MANUAL,RJ-29-x-xxxx,3rd Party,Jul 2023,July 2020,Maruti,Dzire VXI MANUAL,Jaipur,https://www.cars24.com/buy-used-maruti-dzire-2020-cars-jaipur-10771496795/,"7,43,199"
19,Non-Accidental,1st Owner,"42,047",Petrol,21 Jun 2022,MANUAL,RJ-45-x-xxxx,Comprehensive,Feb 2023,January 2020,Hyundai,Elite i20 1.2 SPORTS PLUS VTVT MANUAL,Jaipur,https://www.cars24.com/buy-used-hyundai-elite-i20-2020-cars-jaipur-10723390777/,"7,33,199"
20,Non-Accidental,1st Owner,"16,007",Petrol,22 Jun 2022,MANUAL,RJ-45-x-xxxx,3rd Party,Jul 2023,June 2021,Maruti,Swift VXI MANUAL,Jaipur,https://www.cars24.com/buy-used-maruti-swift-2021-cars-jaipur-1071677568/,"7,24,699"
21,Non-Accidental,1st Owner,"49,841",Petrol,21 Jun 2022,MANUAL,RJ-14-x-xxxx,3rd Party,May 2023,February 2017,Honda,WR-V 1.2 i-VTEC VX MT MANUAL,Jaipur,https://www.cars24.com/buy-used-honda-wr-v-2017-cars-jaipur-10729899716/,"7,23,499"
22,Non-Accidental,1st Owner,"15,546",Petrol,11 May 2022,MANUAL,RJ-45-x-xxxx,3rd Party,Jul 2023,January 2019,Honda,Amaze 1.2 VXMT I VTEC MANUAL,Jaipur,https://www.cars24.com/buy-used-honda-amaze-2019-cars-jaipur-1079486303/,"7,20,599"
23,Non-Accidental,1st Owner,"44,780",Petrol,20 May 2022,MANUAL,RJ-02-x-xxxx,3rd Party,Jul 2023,December 2020,Maruti,Baleno DELTA 1.2 K12 MANUAL,Jaipur,https://www.cars24.com/buy-used-maruti-baleno-2020-cars-jaipur-10757193790/,"7,13,499"
24,Non-Accidental,1st Owner,"16,042",Petrol,06 Jul 2022,MANUAL,RJ-37-x-xxxx,3rd Party,Jul 2023,February 2019,Hyundai,Elite i20 1.2 SPORTS PLUS VTVT MANUAL,Jaipur,https://www.cars24.com/buy-used-hyundai-elite-i20-2019-cars-jaipur-1791834704/,"7,11,299"
25,Non-Accidental,1st Owner,"7,630",Petrol,25 May 2022,MANUAL,RJ-45-x-xxxx,Comprehensive,Mar 2023,August 2018,Maruti,Dzire VXI MANUAL,Jaipur,https://www.cars24.com/buy-used-maruti-dzire-2018-cars-jaipur-10749094796/,"7,00,499"
26,Non-Accidental,2nd Owner,"26,883",Petrol,28 Jun 2022,MANUAL,RJ-23-x-xxxx,3rd Party,Oct 2022,May 2019,Maruti,Baleno DELTA 1.2 K12 MANUAL,Jaipur,https://www.cars24.com/buy-used-maruti-baleno-2019-cars-jaipur-13297594752/,"6,92,499"
27,Non-Accidental,1st Owner,"63,733",Diesel,14 May 2022,MANUAL,RJ-25-x-xxxx,3rd Party,Jul 2023,April 2018,Maruti,Dzire VDI MANUAL,Jaipur,https://www.cars24.com/buy-used-maruti-dzire-2018-cars-jaipur-1074727203/,"6,91,399"
28,Non-Accidental,1st Owner,"12,945",Petrol,16 May 2022,AUTOMATIC,RJ-45-x-xxxx,3rd Party,Jul 2023,June 2020,Hyundai,GRAND I10 NIOS SPORTZ 1.2 AT AUTOMATIC,Jaipur,https://www.cars24.com/buy-used-hyundai-grand-i10-nios-2020-cars-jaipur-1077739001/,"6,89,599"
29,Non-Accidental,1st Owner,"3,396",Petrol,06 Jul 2022,MANUAL,RJ-45-x-xxxx,3rd Party,Jul 2023,February 2021,Hyundai,GRAND I10 NIOS SPORTZ PETROL MANUAL,Jaipur,https://www.cars24.com/buy-used-hyundai-grand-i10-nios-2021-cars-jaipur-1073482542/,"6,86,199"
30,Non-Accidental,1st Owner,"1,40,890",Diesel,18 Jun 2022,MANUAL,RJ-45-x-xxxx,3rd Party,Jul 2023,April 2018,Maruti,Dzire VDI MANUAL,Jaipur,https://www.cars24.com/buy-used-maruti-dzire-2018-cars-jaipur-1071540143/,"6,85,499"
31,Non-Accidental,1st Owner,"1,05,280",Petrol,21 May 2022,MANUAL,RJ-07-x-xxxx,3rd Party,Jul 2023,October 2018,Tata,NEXON KRAZ 1.2 MANUAL,Jaipur,https://www.cars24.com/buy-used-tata-nexon-2018-cars-jaipur-1072824041/,"6,72,399"
32,Non-Accidental,1st Owner,"57,576",Petrol,12 May 2022,AUTOMATIC,RJ-21-x-xxxx,3rd Party,Jul 2023,March 2018,Maruti,Swift ZXI AMT AUTOMATIC,Jaipur,https://www.cars24.com/buy-used-maruti-swift-2018-cars-jaipur-1077976568/,"6,71,999"
33,Non-Accidental,1st Owner,"79,495",Diesel,21 Jun 2022,MANUAL,RJ-14-x-xxxx,3rd Party,Jul 2023,January 2016,Maruti,Ciaz VDI+ SHVS MANUAL,Jaipur,https://www.cars24.com/buy-used-maruti-ciaz-2016-cars-jaipur-1071530465/,"6,67,499"
34,Non-Accidental,1st Owner,"29,661",Petrol,20 Jun 2022,MANUAL,RJ-45-x-xxxx,3rd Party,Jul 2023,April 2018,Maruti,Dzire VXI MANUAL,Jaipur,https://www.cars24.com/buy-used-maruti-dzire-2018-cars-jaipur-1071935568/,"6,65,699"
35,Non-Accidental,2nd Owner,"17,454",Petrol,21 Jun 2022,MANUAL,RJ-45-x-xxxx,Comprehensive,Oct 2022,July 2018,Maruti,Baleno DELTA 1.2 K12 MANUAL,Jaipur,https://www.cars24.com/buy-used-maruti-baleno-2018-cars-jaipur-10741991791/,"6,55,799"
36,Non-Accidental,1st Owner,"52,017",Petrol,06 Jul 2022,MANUAL,RJ-14-x-xxxx,3rd Party,Jul 2023,January 2018,Maruti,Dzire VXI MANUAL,Jaipur,https://www.cars24.com/buy-used-maruti-dzire-2018-cars-jaipur-1079075065/,"6,54,599"
37,Non-Accidental,1st Owner,"10,923",Petrol,24 Jun 2022,MANUAL,RJ-45-x-xxxx,3rd Party,Jul 2023,May 2019,Honda,Amaze 1.2 SMT I VTEC MANUAL,Jaipur,https://www.cars24.com/buy-used-honda-amaze-2019-cars-jaipur-1072121908/,"6,48,999"
38,Non-Accidental,2nd Owner,"33,799",Petrol,06 Jul 2022,MANUAL,RJ-14-x-xxxx,Zero Depreciation,Jan 2023,October 2018,Hyundai,Elite i20 ASTA 1.2 DUAL TONE MANUAL,Jaipur,https://www.cars24.com/buy-used-hyundai-elite-i20-2018-cars-jaipur-1073422460/,"6,48,399"
39,Non-Accidental,1st Owner,"16,621",Petrol,17 May 2022,MANUAL,RJ-34-x-xxxx,3rd Party,Jul 2023,January 2020,Hyundai,GRAND I10 NIOS SPORTZ PETROL MANUAL,Jaipur,https://www.cars24.com/buy-used-hyundai-grand-i10-nios-2020-cars-jaipur-1071730162/,"6,46,999"
40,Non-Accidental,1st Owner,"19,914",Petrol,20 Jun 2022,MANUAL,RJ-45-x-xxxx,3rd Party,Jul 2023,May 2019,Honda,Amaze 1.2 SMT I VTEC MANUAL,Jaipur,https://www.cars24.com/buy-used-honda-amaze-2019-cars-jaipur-1071154304/,"6,34,662"
41,Non-Accidental,2nd Owner,"2,02,001",Diesel,28 Jun 2022,MANUAL,RJ-23-x-xxxx,Comp,Oct 2022,December 2012,Toyota,Innova 2.5 GX 8 STR BS IV MANUAL,Jaipur,https://www.cars24.com/buy-used-toyota-innova-2012-cars-jaipur-1070234103/,"6,23,199"
42,Non-Accidental,1st Owner,"1,93,778",Diesel,14 May 2022,MANUAL,RJ-20-x-xxxx,3rd Party,Jul 2023,January 2016,Ford,Ecosport 1.5TITANIUM TDCI MANUAL,Jaipur,https://www.cars24.com/buy-used-ford-ecosport-2016-cars-jaipur-1071874643/,"6,12,999"
43,Non-Accidental,2nd Owner,"12,800",Petrol,23 Jun 2022,MANUAL,RJ-45-x-xxxx,Third_party,Oct 2022,October 2019,Honda,Amaze 1.2 SMT I VTEC MANUAL,Jaipur,https://www.cars24.com/buy-used-honda-amaze-2019-cars-jaipur-1076736345/,"6,09,099"
44,Non-Accidental,1st Owner,"1,11,000",Diesel,20 Jun 2022,MANUAL,RJ-27-x-xxxx,3rd Party,Jul 2023,July 2017,Maruti,Dzire VDI MANUAL,Jaipur,https://www.cars24.com/buy-used-maruti-dzire-2017-cars-jaipur-1187092540/,"6,03,699"
45,Non-Accidental,1st Owner,"58,002",Petrol,21 May 2022,MANUAL,RJ-46-x-xxxx,3rd Party,Jul 2023,August 2019,Maruti,Baleno DELTA 1.2 K12 MANUAL,Jaipur,https://www.cars24.com/buy-used-maruti-baleno-2019-cars-jaipur-1181701208/,"6,02,399"
46,Non-Accidental,1st Owner,"40,953",Petrol,04 Jul 2022,MANUAL,RJ-45-x-xxxx,3rd Party,Jul 2023,May 2018,Maruti,Baleno DELTA 1.2 K12 MANUAL,Jaipur,https://www.cars24.com/buy-used-maruti-baleno-2018-cars-jaipur-1079975065/,"5,97,199"
47,Non-Accidental,1st Owner,"60,073",Diesel,06 Jul 2022,MANUAL,RJ-14-x-xxxx,3rd Party,Jul 2023,June 2016,Maruti,Swift Dzire VDI ABS MANUAL,Jaipur,https://www.cars24.com/buy-used-maruti-swift-dzire-2016-cars-jaipur-1074659847/,"5,85,899"
48,Non-Accidental,1st Owner,"6,477",Petrol,11 May 2022,MANUAL,RJ-05-x-xxxx,3rd Party,Jul 2023,September 2020,Hyundai,GRAND I10 NIOS MAGNA 1.2 MT MANUAL,Jaipur,https://www.cars24.com/buy-used-hyundai-grand-i10-nios-2020-cars-jaipur-1078366306/,"5,84,899"
49,Non-Accidental,1st Owner,"12,805",Petrol,24 Jun 2022,MANUAL,RJ-47-x-xxxx,3rd Party,Aug 2023,June 2020,Maruti,New Wagon-R VXI 1.0 MANUAL,Jaipur,https://www.cars24.com/buy-used-maruti-new--wagon-r-2020-cars-jaipur-10768191712/,"5,80,099"
50,Non-Accidental,2nd Owner,"54,061",Petrol,23 Jun 2022,MANUAL,RJ-20-x-xxxx,3rd Party,Jul 2023,July 2018,Maruti,Baleno DELTA 1.2 K12 MANUAL,Jaipur,https://www.cars24.com/buy-used-maruti-baleno-2018-cars-jaipur-1077608669/,"5,75,599"
51,Non-Accidental,2nd Owner,"83,763",Petrol,17 Jun 2022,MANUAL,RJ-14-x-xxxx,3rd Party,Mar 2023,September 2016,Maruti,Baleno DELTA 1.2 K12 MANUAL,Jaipur,https://www.cars24.com/buy-used-maruti-baleno-2016-cars-jaipur-10708797712/,"5,70,399"
52,Non-Accidental,1st Owner,"57,970",Petrol,22 Jun 2022,MANUAL,RJ-45-x-xxxx,Zero_Dep,Oct 2022,August 2018,Maruti,Baleno DELTA 1.2 K12 MANUAL,Jaipur,https://www.cars24.com/buy-used-maruti-baleno-2018-cars-jaipur-1071274800/,"5,62,399"
53,Non-Accidental,1st Owner,"16,073",Petrol,14 Jun 2022,MANUAL,RJ-45-x-xxxx,Comprehensive,Nov 2022,October 2020,Maruti,New Wagon-R VXI 1.0 MANUAL,Jaipur,https://www.cars24.com/buy-used-maruti-new--wagon-r-2020-cars-jaipur-10755492716/,"5,58,599"
54,Non-Accidental,1st Owner,"17,153",Petrol,22 Jun 2022,MANUAL,RJ-14-x-xxxx,Comprehensive,Oct 2022,September 2017,Hyundai,Grand i10 SPORTZ 1.2 KAPPA VTVT MANUAL,Jaipur,https://www.cars24.com/buy-used-hyundai-grand-i10-2017-cars-jaipur-1079556864/,"5,52,199"
55,Non-Accidental,1st Owner,599,Petrol,15 May 2022,MANUAL,RJ-45-x-xxxx,3rd Party,Jul 2023,March 2021,Hyundai,GRAND I10 NIOS ERA PETROL MANUAL,Jaipur,https://www.cars24.com/buy-used-hyundai-grand-i10-nios-2021-cars-jaipur-1073519906/,"5,46,299"
56,Non-Accidental,1st Owner,"53,929",Petrol,21 Jun 2022,MANUAL,RJ-45-x-xxxx,3rd Party,Jul 2023,February 2018,Hyundai,Grand i10 ASTA 1.2 KAPPA VTVT MANUAL,Jaipur,https://www.cars24.com/buy-used-hyundai-grand-i10-2018-cars-jaipur-1078592305/,"5,43,599"
57,Non-Accidental,1st Owner,"45,239",Petrol,14 May 2022,MANUAL,RJ-45-x-xxxx,3rd Party,Jul 2023,February 2019,Hyundai,Grand i10 SPORTZ 1.2 KAPPA VTVT MANUAL,Jaipur,https://www.cars24.com/buy-used-hyundai-grand-i10-2019-cars-jaipur-1075100760/,"5,32,099"
58,Non-Accidental,1st Owner,"99,705",Petrol,22 Jun 2022,AUTOMATIC,RJ-14-x-xxxx,3rd Party,Jul 2023,January 2016,Volkswagen,Polo GT TSI 1.2 PETROL AT AUTOMATIC,Jaipur,https://www.cars24.com/buy-used-volkswagen-polo-2016-cars-jaipur-1077186425/,"5,25,199"
59,Non-Accidental,1st Owner,"7,496",Petrol,20 Jun 2022,MANUAL,RJ-26-x-xxxx,Comprehensive,May 2023,February 2018,Maruti,Wagon R 1.0 VXI MANUAL,Jaipur,https://www.cars24.com/buy-used-maruti-wagon-r-1.0-2018-cars-jaipur-10715296711/,"5,24,799"
60,Non-Accidental,2nd Owner,"98,188",Petrol,20 May 2022,MANUAL,RJ-14-x-xxxx,3rd Party,Jul 2023,October 2015,Ford,Ecosport 1.5 TITANIUM TI VCT MANUAL,Jaipur,https://www.cars24.com/buy-used-ford-ecosport-2015-cars-jaipur-1075750226/,"5,17,499"
61,Non-Accidental,1st Owner,"54,365",Petrol,28 Jun 2022,MANUAL,RJ-45-x-xxxx,3rd Party,Jul 2023,June 2018,Hyundai,Grand i10 MAGNA 1.2 KAPPA VTVT MANUAL,Jaipur,https://www.cars24.com/buy-used-hyundai-grand-i10-2018-cars-jaipur-1070430761/,"5,03,899"
62,Non-Accidental,1st Owner,"71,425",Petrol,03 Jul 2022,MANUAL,RJ-45-x-xxxx,Comprehensive,Feb 2023,January 2019,Maruti,New Wagon-R VXI 1.2L MANUAL,Jaipur,https://www.cars24.com/buy-used-maruti-new--wagon-r-2019-cars-jaipur-1075002864/,"5,02,599"
63,Non-Accidental,1st Owner,"34,783",Petrol,21 Jun 2022,MANUAL,RJ-45-x-xxxx,3rd Party,Jul 2023,February 2019,Hyundai,Grand i10 MAGNA 1.2 VTVT MANUAL,Jaipur,https://www.cars24.com/buy-used-hyundai-grand-i10-2019-cars-jaipur-1070410261/,"4,97,399"
64,Non-Accidental,1st Owner,"79,833",Petrol,13 May 2022,MANUAL,RJ-14-x-xxxx,3rd Party,Jul 2023,September 2016,Maruti,Swift VXI MANUAL,Jaipur,https://www.cars24.com/buy-used-maruti-swift-2016-cars-jaipur-1071024747/,"4,91,999"
65,Non-Accidental,3rd Owner,"61,106",Petrol,22 Jun 2022,MANUAL,RJ-14-x-xxxx,3rd Party,Jul 2023,February 2016,Maruti,Baleno SIGMA 1.2 K12 MANUAL,Jaipur,https://www.cars24.com/buy-used-maruti-baleno-2016-cars-jaipur-1073072500/,"4,88,399"
66,Non-Accidental,1st Owner,"90,325",Petrol,11 May 2022,MANUAL,RJ-45-x-xxxx,3rd Party,Jul 2023,January 2018,Hyundai,Grand i10 SPORTS 1.2 VTVT MANUAL,Jaipur,https://www.cars24.com/buy-used-hyundai-grand-i10-2018-cars-jaipur-1074881307/,"4,87,099"
67,Non-Accidental,1st Owner,"1,810",Petrol,04 Jul 2022,AUTOMATIC,RJ-45-x-xxxx,3rd Party,Jul 2023,September 2020,Maruti,S PRESSO VXI PLUS AGS AUTOMATIC,Jaipur,https://www.cars24.com/buy-used-maruti-s-presso-2020-cars-jaipur-1079604346/,"4,85,399"
68,Non-Accidental,2nd Owner,"68,545",Petrol,20 May 2022,MANUAL,RJ-45-x-xxxx,3rd Party,Jul 2023,April 2018,Maruti,Wagon R 1.0 VXI MANUAL,Jaipur,https://www.cars24.com/buy-used-maruti-wagon-r-1.0-2018-cars-jaipur-1078146861/,"4,79,599"
69,Non-Accidental,1st Owner,"36,947",Petrol,09 Jun 2022,MANUAL,RJ-45-x-xxxx,3rd Party,Jul 2023,May 2018,Hyundai,Grand i10 MAGNA 1.2 VTVT MANUAL,Jaipur,https://www.cars24.com/buy-used-hyundai-grand-i10-2018-cars-jaipur-1079920124/,"4,79,299"
70,Non-Accidental,1st Owner,"11,465",Petrol,18 May 2022,MANUAL,RJ-14-x-xxxx,3rd Party,Jul 2023,March 2018,Maruti,Wagon R 1.0 VXI MANUAL,Jaipur,https://www.cars24.com/buy-used-maruti-wagon-r-1.0-2018-cars-jaipur-1078489865/,"4,72,599"
71,Non-Accidental,1st Owner,"37,561",Petrol,06 Jul 2022,MANUAL,RJ-19-x-xxxx,3rd Party,Jul 2023,March 2019,Hyundai,NEW SANTRO 1.1 MAGNA MT MANUAL,Jaipur,https://www.cars24.com/buy-used-hyundai-new-santro-2019-cars-jaipur-10767090756/,"4,69,699"
72,Non-Accidental,1st Owner,"28,608",Petrol,02 Jul 2022,MANUAL,RJ-45-x-xxxx,Comprehensive,Oct 2022,October 2018,Maruti,Wagon R 1.0 VXI MANUAL,Jaipur,https://www.cars24.com/buy-used-maruti-wagon-r-1.0-2018-cars-jaipur-1071091268/,"4,60,725"
73,Non-Accidental,1st Owner,"61,472",Petrol,14 Jun 2022,MANUAL,RJ-01-x-xxxx,3rd Party,Jul 2023,July 2018,Maruti,IGNIS ZETA 1.2 K12 MANUAL,Jaipur,https://www.cars24.com/buy-used-maruti-ignis-2018-cars-jaipur-1181072440/,"4,59,199"
74,Non-Accidental,2nd Owner,"78,383",Petrol,02 Jun 2022,MANUAL,RJ-45-x-xxxx,3rd Party,Jul 2023,July 2017,Hyundai,Grand i10 SPORTS 1.2 VTVT MANUAL,Jaipur,https://www.cars24.com/buy-used-hyundai-grand-i10-2017-cars-jaipur-1070669444/,"4,54,199"
75,Non-Accidental,1st Owner,"10,630",Petrol,20 Jun 2022,MANUAL,RJ-45-x-xxxx,3rd Party,Jul 2023,February 2020,Maruti,S PRESSO VXI MANUAL,Jaipur,https://www.cars24.com/buy-used-maruti-s-presso-2020-cars-jaipur-1074959203/,"4,54,099"
76,Non-Accidental,1st Owner,"40,921",Petrol,22 Jun 2022,MANUAL,RJ-45-x-xxxx,3rd Party,Jul 2023,March 2018,Maruti,Wagon R 1.0 VXI MANUAL,Jaipur,https://www.cars24.com/buy-used-maruti-wagon-r-1.0-2018-cars-jaipur-1076352202/,"4,53,499"
77,Non-Accidental,1st Owner,"72,946",Petrol,17 May 2022,MANUAL,RJ-47-x-xxxx,3rd Party,Jul 2023,June 2015,Maruti,Swift VXI MANUAL,Jaipur,https://www.cars24.com/buy-used-maruti-swift-2015-cars-jaipur-1073011101/,"4,53,499"
78,Non-Accidental,1st Owner,"1,07,812",Petrol,10 Jun 2022,MANUAL,RJ-19-x-xxxx,3rd Party,Jul 2023,January 2016,Maruti,Swift VXI MANUAL,Jaipur,https://www.cars24.com/buy-used-maruti-swift-2016-cars-jaipur-1073650940/,"4,43,699"
79,Non-Accidental,1st Owner,"24,576",Petrol,24 Jun 2022,MANUAL,RJ-45-x-xxxx,3rd Party,Jul 2023,October 2018,Maruti,Wagon R 1.0 VXI MANUAL,Jaipur,https://www.cars24.com/buy-used-maruti-wagon-r-1.0-2018-cars-jaipur-1071992004/,"4,40,499"
80,Non-Accidental,1st Owner,"5,216",Petrol,18 May 2022,MANUAL,RJ-45-x-xxxx,Third_party,Dec 2023,October 2020,Maruti,S PRESSO VXI MANUAL,Jaipur,https://www.cars24.com/buy-used-maruti-s-presso-2020-cars-jaipur-1078480802/,"4,40,499"
81,Non-Accidental,1st Owner,"78,321",Petrol,15 May 2022,MANUAL,RJ-14-x-xxxx,3rd Party,Jul 2023,January 2016,Hyundai,Grand i10 MAGNA 1.2 KAPPA VTVT MANUAL,Jaipur,https://www.cars24.com/buy-used-hyundai-grand-i10-2016-cars-jaipur-1072616861/,"4,39,799"
82,Non-Accidental,1st Owner,"31,344",Petrol,18 May 2022,MANUAL,RJ-14-x-xxxx,3rd Party,Jul 2023,January 2018,Maruti,Wagon R 1.0 VXI MANUAL,Jaipur,https://www.cars24.com/buy-used-maruti-wagon-r-1.0-2018-cars-jaipur-1072434645/,"4,33,820"
83,Non-Accidental,1st Owner,"59,665",Petrol,26 Jun 2022,MANUAL,RJ-14-x-xxxx,3rd Party,Jul 2023,February 2018,Maruti,Wagon R 1.0 VXI MANUAL,Jaipur,https://www.cars24.com/buy-used-maruti-wagon-r-1.0-2018-cars-jaipur-1075865909/,"4,31,199"
84,Non-Accidental,1st Owner,"21,452",Petrol,20 May 2022,MANUAL,RJ-14-x-xxxx,3rd Party,Jul 2023,January 2015,Hyundai,Grand i10 SPORTS 1.2 VTVT MANUAL,Jaipur,https://www.cars24.com/buy-used-hyundai-grand-i10-2015-cars-jaipur-1076607660/,"4,29,499"
85,Non-Accidental,1st Owner,"84,240",Petrol,21 Jun 2022,MANUAL,RJ-45-x-xxxx,3rd Party,Jul 2023,October 2018,Maruti,Wagon R 1.0 VXI MANUAL,Jaipur,https://www.cars24.com/buy-used-maruti-wagon-r-1.0-2018-cars-jaipur-1075588407/,"4,27,899"
86,Non-Accidental,1st Owner,"1,60,290",Diesel,22 May 2022,MANUAL,RJ-05-x-xxxx,3rd Party,Jul 2023,January 2015,Maruti,Swift LDI BS IV MANUAL,Jaipur,https://www.cars24.com/buy-used-maruti-swift-2015-cars-jaipur-1077390740/,"4,25,799"
87,Non-Accidental,1st Owner,"23,050",Petrol,06 Jul 2022,MANUAL,RJ-45-x-xxxx,3rd Party,Jul 2023,February 2020,Maruti,S PRESSO VXI MANUAL,Jaipur,https://www.cars24.com/buy-used-maruti-s-presso-2020-cars-jaipur-1078800705/,"4,20,299"
88,Non-Accidental,1st Owner,"92,511",Petrol,27 Jun 2022,MANUAL,RJ-29-x-xxxx,3rd Party,Jul 2023,April 2018,Maruti,Celerio ZXI MANUAL,Jaipur,https://www.cars24.com/buy-used-maruti-celerio-2018-cars-jaipur-1076722643/,"4,20,299"
89,Non-Accidental,2nd Owner,"53,383",Petrol,13 May 2022,MANUAL,RJ-45-x-xxxx,3rd Party,Jul 2023,July 2018,Maruti,Wagon R 1.0 VXI MANUAL,Jaipur,https://www.cars24.com/buy-used-maruti-wagon-r-1.0-2018-cars-jaipur-1072518624/,"4,19,199"
90,Non-Accidental,1st Owner,"8,676",Petrol,17 Jun 2022,MANUAL,RJ-45-x-xxxx,3rd Party,Feb 2023,February 2020,Maruti,Alto VXI MANUAL,Jaipur,https://www.cars24.com/buy-used-maruti-alto-2020-cars-jaipur-10763593715/,"4,17,024"
91,Non-Accidental,1st Owner,"50,293",Petrol,04 Jul 2022,MANUAL,RJ-45-x-xxxx,Comprehensive,Jan 2023,January 2019,Maruti,Alto K10 VXI MANUAL,Jaipur,https://www.cars24.com/buy-used-maruti-alto-k10-2019-cars-jaipur-1076126360/,"4,14,099"
92,Non-Accidental,1st Owner,"25,902",Petrol,12 May 2022,MANUAL,RJ-14-x-xxxx,3rd Party,Jul 2023,March 2017,Maruti,Wagon R 1.0 VXI MANUAL,Jaipur,https://www.cars24.com/buy-used-maruti-wagon-r-1.0-2017-cars-jaipur-1073491961/,"4,13,799"
93,Non-Accidental,1st Owner,"52,477",Petrol,06 Jul 2022,AUTOMATIC,RJ-14-x-xxxx,Comprehensive,Jan 2023,September 2017,Maruti,Wagon R 1.0 VXI AMT AUTOMATIC,Jaipur,https://www.cars24.com/buy-used-maruti-wagon-r-1.0-2017-cars-jaipur-10759293777/,"4,11,464"
94,Non-Accidental,1st Owner,"6,544",Petrol,19 May 2022,MANUAL,RJ-45-x-xxxx,3rd Party,Jul 2023,April 2021,Maruti,Alto LXI MANUAL,Jaipur,https://www.cars24.com/buy-used-maruti-alto-2021-cars-jaipur-1079562508/,"4,06,499"
95,Non-Accidental,1st Owner,"28,529",Petrol,20 Jun 2022,MANUAL,RJ-45-x-xxxx,Comprehensive,Feb 2023,February 2020,Maruti,Alto VXI MANUAL,Jaipur,https://www.cars24.com/buy-used-maruti-alto-2020-cars-jaipur-10729797710/,"4,05,299"
96,Non-Accidental,1st Owner,"26,672",Petrol,21 Jun 2022,AUTOMATIC,RJ-01-x-xxxx,Comprehensive,Dec 2022,July 2018,Maruti,Alto K10 VXI (O) AMT AUTOMATIC,Jaipur,https://www.cars24.com/buy-used-maruti-alto-k10-2018-cars-jaipur-10737990752/,"4,01,499"
97,Non-Accidental,1st Owner,"12,583",Petrol,26 Jun 2022,MANUAL,RJ-45-x-xxxx,3rd Party,Jul 2023,February 2021,Maruti,Alto VXI MANUAL,Jaipur,https://www.cars24.com/buy-used-maruti-alto-2021-cars-jaipur-1074616102/,"3,94,299"
98,Non-Accidental,1st Owner,"19,949",Petrol,18 May 2022,MANUAL,RJ-45-x-xxxx,3rd Party,Jul 2023,November 2020,Renault,Kwid RXL MANUAL,Jaipur,https://www.cars24.com/buy-used-renault-kwid-2020-cars-jaipur-10745599793/,"3,92,799"
99,Non-Accidental,1st Owner,"30,406",Petrol,24 Jun 2022,AUTOMATIC,RJ-45-x-xxxx,3rd Party,Jul 2023,December 2018,Maruti,Alto K10 VXI (O) AMT AUTOMATIC,Jaipur,https://www.cars24.com/buy-used-maruti-alto-k10-2018-cars-jaipur-1075816002/,"3,87,799"
100,Non-Accidental,1st Owner,"17,477",Petrol,20 May 2022,MANUAL,RJ-40-x-xxxx,Comprehensive,Nov 2022,October 2020,Maruti,Alto LXI MANUAL,Jaipur,https://www.cars24.com/buy-used-maruti-alto-2020-cars-jaipur-1079892961/,"3,84,419"
101,Non-Accidental,2nd Owner,"1,53,387",Petrol,28 Jun 2022,MANUAL,RJ-14-x-xxxx,3rd Party,Jul 2023,June 2014,Hyundai,Grand i10 SPORTZ 1.2 KAPPA VTVT MANUAL,Jaipur,https://www.cars24.com/buy-used-hyundai-grand-i10-2014-cars-jaipur-1077796620/,"3,82,599"
102,Non-Accidental,1st Owner,"31,189",Petrol,17 Jun 2022,MANUAL,RJ-45-x-xxxx,3rd Party,Jul 2023,February 2019,Maruti,Alto K10 VXI MANUAL,Jaipur,https://www.cars24.com/buy-used-maruti-alto-k10-2019-cars-jaipur-1072883204/,"3,78,499"
103,Non-Accidental,1st Owner,"35,450",Petrol,16 May 2022,MANUAL,RJ-14-x-xxxx,3rd Party,Jul 2023,August 2015,Maruti,Wagon R 1.0 VXI MANUAL,Jaipur,https://www.cars24.com/buy-used-maruti-wagon-r-1.0-2015-cars-jaipur-1079455160/,"3,78,299"
104,Non-Accidental,2nd Owner,"17,146",Petrol,21 May 2022,MANUAL,RJ-45-x-xxxx,Third_party,Jan 2023,January 2020,Maruti,Alto VXI MANUAL,Jaipur,https://www.cars24.com/buy-used-maruti-alto-2020-cars-jaipur-1070296100/,"3,74,199"
105,Non-Accidental,1st Owner,"33,303",Petrol,21 May 2022,MANUAL,RJ-45-x-xxxx,3rd Party,Jul 2023,January 2020,Maruti,Alto LXI MANUAL,Jaipur,https://www.cars24.com/buy-used-maruti-alto-2020-cars-jaipur-1077677260/,"3,72,999"
106,Non-Accidental,1st Owner,"1,05,966",Petrol,18 May 2022,MANUAL,RJ-45-x-xxxx,3rd Party,Jul 2023,April 2018,Maruti,Alto K10 VXI MANUAL,Jaipur,https://www.cars24.com/buy-used-maruti-alto-k10-2018-cars-jaipur-1072644001/,"3,68,399"
107,Non-Accidental,1st Owner,"29,292",Petrol,24 Jun 2022,MANUAL,RJ-45-x-xxxx,3rd Party,Jul 2023,December 2018,Maruti,Alto K10 VXI MANUAL,Jaipur,https://www.cars24.com/buy-used-maruti-alto-k10-2018-cars-jaipur-1073597862/,"3,67,199"
108,Non-Accidental,1st Owner,"26,409",Petrol,18 May 2022,MANUAL,RJ-45-x-xxxx,3rd Party,Jul 2023,September 2020,Maruti,Alto VXI MANUAL,Jaipur,https://www.cars24.com/buy-used-maruti-alto-2020-cars-jaipur-1077215566/,"3,66,999"
109,Non-Accidental,1st Owner,"78,048",Petrol,27 Jun 2022,MANUAL,RJ-14-x-xxxx,3rd Party,Jul 2023,January 2016,Maruti,Wagon R 1.0 VXI MANUAL,Jaipur,https://www.cars24.com/buy-used-maruti-wagon-r-1.0-2016-cars-jaipur-1072113109/,"3,66,499"
110,Non-Accidental,1st Owner,"30,340",Petrol,27 Jun 2022,MANUAL,RJ-34-x-xxxx,Comp,Oct 2022,September 2018,Maruti,Alto K10 VXI MANUAL,Jaipur,https://www.cars24.com/buy-used-maruti-alto-k10-2018-cars-jaipur-1079466905/,"3,64,499"
111,Non-Accidental,1st Owner,"70,976",Petrol,06 Jul 2022,MANUAL,RJ-25-x-xxxx,3rd Party,Jul 2023,October 2017,Maruti,Wagon R 1.0 VXI MANUAL,Jaipur,https://www.cars24.com/buy-used-maruti-wagon-r-1.0-2017-cars-jaipur-1075716124/,"3,63,799"
112,Non-Accidental,1st Owner,"23,896",Petrol,24 Jun 2022,MANUAL,RJ-45-x-xxxx,3rd Party,Jul 2023,March 2020,Maruti,Alto LXI MANUAL,Jaipur,https://www.cars24.com/buy-used-maruti-alto-2020-cars-jaipur-1075584801/,"3,63,599"
113,Non-Accidental,3rd Owner,"29,430",Petrol,24 Jun 2022,MANUAL,RJ-34-x-xxxx,3rd Party,Jul 2023,January 2019,Maruti,Alto 800 LXI MANUAL,Jaipur,https://www.cars24.com/buy-used-maruti-alto-800-2019-cars-jaipur-1073541167/,"3,58,899"
114,Non-Accidental,2nd Owner,"37,590",Petrol,01 Jul 2022,MANUAL,RJ-34-x-xxxx,Comprehensive,Feb 2023,May 2019,Maruti,Alto LXI MANUAL,Jaipur,https://www.cars24.com/buy-used-maruti-alto-2019-cars-jaipur-1070300468/,"3,57,399"
115,Non-Accidental,1st Owner,"12,549",Petrol,20 May 2022,MANUAL,RJ-45-x-xxxx,3rd Party,Jul 2023,May 2019,Maruti,Alto LXI MANUAL,Jaipur,https://www.cars24.com/buy-used-maruti-alto-2019-cars-jaipur-1071877860/,"3,57,399"
116,Non-Accidental,1st Owner,"16,939",Petrol,26 Jun 2022,MANUAL,RJ-45-x-xxxx,3rd Party,Dec 2022,November 2019,Maruti,Alto VXI MANUAL,Jaipur,https://www.cars24.com/buy-used-maruti-alto-2019-cars-jaipur-1071645863/,"3,57,049"
117,Non-Accidental,1st Owner,"14,558",Petrol,18 May 2022,MANUAL,RJ-45-x-xxxx,3rd Party,Jul 2023,March 2019,Maruti,Alto 800 LXI MANUAL,Jaipur,https://www.cars24.com/buy-used-maruti-alto-800-2019-cars-jaipur-1073184108/,"3,55,299"
118,Non-Accidental,2nd Owner,"17,499",Petrol,21 May 2022,MANUAL,RJ-02-x-xxxx,3rd Party,Jul 2023,December 2018,Maruti,Alto K10 VXI MANUAL,Jaipur,https://www.cars24.com/buy-used-maruti-alto-k10-2018-cars-jaipur-1078844106/,"3,54,199"
119,Non-Accidental,1st Owner,"56,867",Petrol,11 May 2022,MANUAL,RJ-34-x-xxxx,3rd Party,Jul 2023,June 2018,Maruti,Alto K10 VXI MANUAL,Jaipur,https://www.cars24.com/buy-used-maruti-alto-k10-2018-cars-jaipur-1075346808/,"3,53,799"
120,Non-Accidental,1st Owner,"1,26,191",Petrol,24 Jun 2022,AUTOMATIC,RJ-45-x-xxxx,3rd Party,Jul 2023,February 2018,Maruti,Alto K10 VXI (O) AMT AUTOMATIC,Jaipur,https://www.cars24.com/buy-used-maruti-alto-k10-2018-cars-jaipur-1072679841/,"3,51,299"
121,Non-Accidental,2nd Owner,"16,545",Petrol,19 May 2022,MANUAL,RJ-45-x-xxxx,3rd Party,Jul 2023,February 2019,Maruti,Alto 800 LXI MANUAL,Jaipur,https://www.cars24.com/buy-used-maruti-alto-800-2019-cars-jaipur-1074527367/,"3,49,099"
122,Non-Accidental,1st Owner,"10,216",Petrol,17 May 2022,MANUAL,RJ-45-x-xxxx,3rd Party,Nov 2022,September 2018,Maruti,Alto 800 LXI MANUAL,Jaipur,https://www.cars24.com/buy-used-maruti-alto-800-2018-cars-jaipur-1073636562/,"3,48,799"
123,Non-Accidental,1st Owner,"9,831",Petrol,13 Jun 2022,MANUAL,RJ-45-x-xxxx,Comprehensive,Jan 2023,May 2018,Maruti,Alto 800 LXI MANUAL,Jaipur,https://www.cars24.com/buy-used-maruti-alto-800-2018-cars-jaipur-10731693715/,"3,47,599"
124,Non-Accidental,1st Owner,"51,928",Petrol,21 May 2022,MANUAL,RJ-14-x-xxxx,3rd Party,Jul 2023,February 2018,Maruti,Alto K10 VXI MANUAL,Jaipur,https://www.cars24.com/buy-used-maruti-alto-k10-2018-cars-jaipur-1076589702/,"3,45,299"
125,Non-Accidental,1st Owner,"54,752",Petrol,22 Jun 2022,AUTOMATIC,RJ-14-x-xxxx,3rd Party,Jul 2023,February 2016,Maruti,Alto K10 VXI AMT AUTOMATIC,Jaipur,https://www.cars24.com/buy-used-maruti-alto-k10-2016-cars-jaipur-1072364303/,"3,42,499"
126,Non-Accidental,2nd Owner,258,Petrol,13 Jun 2022,MANUAL,RJ-45-x-xxxx,3rd Party,Jul 2023,March 2019,Maruti,Alto 800 LXI MANUAL,Jaipur,https://www.cars24.com/buy-used-maruti-alto-800-2019-cars-jaipur-1070840425/,"3,41,499"
127,Non-Accidental,1st Owner,"35,269",Petrol,23 Jun 2022,MANUAL,RJ-02-x-xxxx,3rd Party,Jul 2023,March 2018,Maruti,Alto 800 LXI MANUAL,Jaipur,https://www.cars24.com/buy-used-maruti-alto-800-2018-cars-jaipur-1077450168/,"3,41,399"
128,Non-Accidental,2nd Owner,"46,576",Petrol,21 Jun 2022,MANUAL,RJ-45-x-xxxx,3rd Party,Jul 2023,May 2018,Maruti,Alto K10 VXI MANUAL,Jaipur,https://www.cars24.com/buy-used-maruti-alto-k10-2018-cars-jaipur-1078198806/,"3,40,299"
129,Non-Accidental,1st Owner,"24,821",Petrol,14 Jun 2022,MANUAL,RJ-02-x-xxxx,3rd Party,Jul 2023,March 2019,Maruti,Alto 800 LXI MANUAL,Jaipur,https://www.cars24.com/buy-used-maruti-alto-800-2019-cars-jaipur-1078832604/,"3,39,999"
130,Non-Accidental,2nd Owner,"11,652",Petrol,20 May 2022,MANUAL,RJ-02-x-xxxx,3rd Party,Jul 2023,December 2018,Maruti,Alto 800 LXI MANUAL,Jaipur,https://www.cars24.com/buy-used-maruti-alto-800-2018-cars-jaipur-1074886108/,"3,37,999"
131,Non-Accidental,1st Owner,"33,285",Petrol,23 Jun 2022,MANUAL,RJ-45-x-xxxx,3rd Party,Jul 2023,March 2019,Maruti,Alto VXI MANUAL,Jaipur,https://www.cars24.com/buy-used-maruti-alto-2019-cars-jaipur-1070239409/,"3,35,799"
132,Non-Accidental,1st Owner,"65,903",Petrol,16 May 2022,MANUAL,RJ-08-x-xxxx,3rd Party,Jul 2023,February 2019,Maruti,Alto 800 LXI MANUAL,Jaipur,https://www.cars24.com/buy-used-maruti-alto-800-2019-cars-jaipur-1549988703/,"3,33,699"
133,Non-Accidental,1st Owner,"22,925",Petrol,06 Jul 2022,MANUAL,RJ-14-x-xxxx,3rd Party,Jul 2023,January 2017,Maruti,Alto 800 LXI MANUAL,Jaipur,https://www.cars24.com/buy-used-maruti-alto-800-2017-cars-jaipur-1072060868/,"3,31,999"
134,Non-Accidental,1st Owner,"34,705",Petrol,27 Jun 2022,MANUAL,RJ-41-x-xxxx,Comprehensive,Nov 2022,March 2018,Maruti,Alto 800 LXI MANUAL,Jaipur,https://www.cars24.com/buy-used-maruti-alto-800-2018-cars-jaipur-1078535069/,"3,31,499"
135,Non-Accidental,1st Owner,"77,767",Petrol,20 May 2022,MANUAL,RJ-45-x-xxxx,3rd Party,Jul 2023,January 2018,Maruti,Alto 800 LXI MANUAL,Jaipur,https://www.cars24.com/buy-used-maruti-alto-800-2018-cars-jaipur-1073505463/,"3,27,699"
136,Non-Accidental,1st Owner,"38,021",Petrol,02 Jul 2022,MANUAL,RJ-45-x-xxxx,3rd Party,Jul 2023,April 2018,Maruti,Alto 800 LXI MANUAL,Jaipur,https://www.cars24.com/buy-used-maruti-alto-800-2018-cars-jaipur-1079704364/,"3,27,499"
137,Non-Accidental,1st Owner,"64,880",Petrol,18 May 2022,MANUAL,RJ-25-x-xxxx,3rd Party,Jul 2023,February 2018,Maruti,Alto 800 LXI MANUAL,Jaipur,https://www.cars24.com/buy-used-maruti-alto-800-2018-cars-jaipur-1073351864/,"3,27,499"
138,Non-Accidental,1st Owner,"25,299",Petrol,27 Jun 2022,MANUAL,RJ-45-x-xxxx,3rd Party,Jul 2023,August 2018,Maruti,Alto 800 LXI MANUAL,Jaipur,https://www.cars24.com/buy-used-maruti-alto-800-2018-cars-jaipur-1076132900/,"3,26,499"
139,Non-Accidental,1st Owner,"31,746",Petrol,06 Jul 2022,MANUAL,RJ-45-x-xxxx,3rd Party,Jul 2023,July 2018,Maruti,Alto 800 LXI MANUAL,Jaipur,https://www.cars24.com/buy-used-maruti-alto-800-2018-cars-jaipur-1073279366/,"3,24,599"
140,Non-Accidental,1st Owner,"45,213",Petrol,21 Jun 2022,MANUAL,RJ-45-x-xxxx,3rd Party,Jul 2023,May 2019,Maruti,Alto LXI MANUAL,Jaipur,https://www.cars24.com/buy-used-maruti-alto-2019-cars-jaipur-1070136748/,"3,22,499"
141,Non-Accidental,1st Owner,"32,613",Petrol,14 Jun 2022,MANUAL,RJ-45-x-xxxx,3rd Party,Jul 2023,April 2019,Maruti,Alto LXI MANUAL,Jaipur,https://www.cars24.com/buy-used-maruti-alto-2019-cars-jaipur-1071887106/,"3,22,499"
142,Non-Accidental,1st Owner,"27,312",Petrol,04 Jul 2022,MANUAL,RJ-02-x-xxxx,3rd Party,Jul 2023,August 2018,Maruti,Alto 800 LXI MANUAL,Jaipur,https://www.cars24.com/buy-used-maruti-alto-800-2018-cars-jaipur-1071876008/,"3,18,199"
143,Non-Accidental,1st Owner,"31,557",Petrol,17 May 2022,MANUAL,RJ-41-x-xxxx,3rd Party,Jul 2023,July 2018,Maruti,Alto 800 LXI MANUAL,Jaipur,https://www.cars24.com/buy-used-maruti-alto-800-2018-cars-jaipur-1077754608/,"3,18,199"
144,Non-Accidental,1st Owner,"50,116",Petrol,21 Jun 2022,MANUAL,RJ-21-x-xxxx,3rd Party,Jul 2023,April 2018,Maruti,Alto 800 LXI MANUAL,Jaipur,https://www.cars24.com/buy-used-maruti-alto-800-2018-cars-jaipur-1077563206/,"3,15,399"
145,Non-Accidental,1st Owner,"98,653",Petrol,20 May 2022,MANUAL,RJ-44-x-xxxx,3rd Party,Jul 2023,December 2018,Maruti,Alto 800 LXI MANUAL,Jaipur,https://www.cars24.com/buy-used-maruti-alto-800-2018-cars-jaipur-1075324803/,"3,11,199"
146,Non-Accidental,1st Owner,"31,931",Petrol,27 Jun 2022,MANUAL,RJ-45-x-xxxx,3rd Party,Jul 2023,December 2018,Maruti,Alto 800 LXI MANUAL,Jaipur,https://www.cars24.com/buy-used-maruti-alto-800-2018-cars-jaipur-1074102400/,"3,10,599"
147,Non-Accidental,1st Owner,"34,343",Petrol,17 Jun 2022,MANUAL,RJ-14-x-xxxx,3rd Party,Jul 2023,February 2018,Maruti,Alto 800 LXI MANUAL,Jaipur,https://www.cars24.com/buy-used-maruti-alto-800-2018-cars-jaipur-1073022543/,"3,09,899"
148,Non-Accidental,1st Owner,"45,904",Petrol,04 Jul 2022,MANUAL,RJ-41-x-xxxx,3rd Party,Jul 2023,May 2018,Maruti,Alto 800 LXI MANUAL,Jaipur,https://www.cars24.com/buy-used-maruti-alto-800-2018-cars-jaipur-1075576628/,"3,07,399"
149,Non-Accidental,1st Owner,"32,502",Petrol,20 May 2022,MANUAL,RJ-52-x-xxxx,3rd Party,Jul 2023,February 2018,Maruti,Alto 800 LXI MANUAL,Jaipur,https://www.cars24.com/buy-used-maruti-alto-800-2018-cars-jaipur-1073215603/,"3,03,699"
150,Non-Accidental,1st Owner,"1,44,791",Petrol,23 Jun 2022,MANUAL,RJ-27-x-xxxx,3rd Party,Jul 2023,June 2015,Maruti,Celerio VXI MANUAL,Jaipur,https://www.cars24.com/buy-used-maruti-celerio-2015-cars-jaipur-1520054507/,"3,03,399"
151,Non-Accidental,1st Owner,"54,895",Petrol,20 May 2022,MANUAL,RJ-41-x-xxxx,3rd Party,Jul 2023,July 2018,Maruti,Alto 800 LXI MANUAL,Jaipur,https://www.cars24.com/buy-used-maruti-alto-800-2018-cars-jaipur-1076039108/,"3,00,699"
152,Non-Accidental,2nd Owner,"1,16,059",Petrol,14 May 2022,MANUAL,RJ-14-x-xxxx,3rd Party,Jul 2023,December 2012,Hyundai,i10 MAGNA 1.2 KAPPA2 MANUAL,Jaipur,https://www.cars24.com/buy-used-hyundai-i10-2012-cars-jaipur-1077449945/,"3,00,199"
153,Non-Accidental,1st Owner,"34,404",Petrol,03 Jul 2022,MANUAL,RJ-02-x-xxxx,3rd Party,Jul 2023,July 2018,Maruti,Alto 800 LXI MANUAL,Jaipur,https://www.cars24.com/buy-used-maruti-alto-800-2018-cars-jaipur-1075751241/,"2,97,599"
154,Non-Accidental,1st Owner,"45,654",Petrol,17 Jun 2022,MANUAL,RJ-40-x-xxxx,3rd Party,Jul 2023,April 2018,Maruti,Alto 800 LXI MANUAL,Jaipur,https://www.cars24.com/buy-used-maruti-alto-800-2018-cars-jaipur-1749627247/,"2,97,299"
155,Non-Accidental,2nd Owner,"40,815",Petrol,22 Jun 2022,MANUAL,RJ-23-x-xxxx,3rd Party,Jul 2023,February 2018,Maruti,Alto 800 LXI MANUAL,Jaipur,https://www.cars24.com/buy-used-maruti-alto-800-2018-cars-jaipur-1073286040/,"2,97,199"
156,Non-Accidental,2nd Owner,"49,621",Petrol,22 Jun 2022,MANUAL,RJ-02-x-xxxx,3rd Party,Jul 2023,October 2017,Maruti,Alto K10 VXI MANUAL,Jaipur,https://www.cars24.com/buy-used-maruti-alto-k10-2017-cars-jaipur-1079389645/,"2,96,999"
157,Non-Accidental,3rd Owner,"58,329",Petrol,23 Jun 2022,MANUAL,RJ-14-x-xxxx,Comprehensive,Jan 2023,November 2016,Hyundai,Eon ERA PLUS MANUAL,Jaipur,https://www.cars24.com/buy-used-hyundai-eon-2016-cars-jaipur-1077256561/,"2,93,799"
158,Non-Accidental,2nd Owner,"41,205",Petrol,09 Jun 2022,MANUAL,RJ-14-x-xxxx,3rd Party,Jul 2023,January 2012,Hyundai,i10 MAGNA 1.2 KAPPA2 MANUAL,Jaipur,https://www.cars24.com/buy-used-hyundai-i10-2012-cars-jaipur-1078154801/,"2,92,599"
159,Non-Accidental,1st Owner,"26,212",Petrol,17 May 2022,MANUAL,RJ-14-x-xxxx,3rd Party,Jul 2023,August 2017,Maruti,Alto 800 LXI MANUAL,Jaipur,https://www.cars24.com/buy-used-maruti-alto-800-2017-cars-jaipur-1071130102/,"2,91,099"
160,Non-Accidental,2nd Owner,"98,340",Petrol,26 Jun 2022,MANUAL,RJ-47-x-xxxx,3rd Party,Jul 2023,February 2017,Renault,Kwid 1.0 RXT Opt MANUAL,Jaipur,https://www.cars24.com/buy-used-renault-kwid-2017-cars-jaipur-1074142949/,"2,90,299"
161,Non-Accidental,1st Owner,"43,854",Petrol,11 Jun 2022,MANUAL,RJ-14-x-xxxx,3rd Party,Jul 2023,July 2016,Maruti,Alto 800 LXI MANUAL,Jaipur,https://www.cars24.com/buy-used-maruti-alto-800-2016-cars-jaipur-10729097714/,"2,89,699"
162,Non-Accidental,1st Owner,"99,713",Petrol,13 May 2022,MANUAL,RJ-31-x-xxxx,3rd Party,Jul 2023,January 2016,Maruti,Alto K10 VXI MANUAL,Jaipur,https://www.cars24.com/buy-used-maruti-alto-k10-2016-cars-jaipur-1078341206/,"2,88,299"
163,Non-Accidental,1st Owner,"28,840",Petrol,23 Jun 2022,MANUAL,RJ-40-x-xxxx,3rd Party,Dec 2022,December 2016,Maruti,Alto 800 LXI MANUAL,Jaipur,https://www.cars24.com/buy-used-maruti-alto-800-2016-cars-jaipur-1070121562/,"2,88,099"
164,Non-Accidental,2nd Owner,"51,311",Petrol,21 Jun 2022,MANUAL,RJ-41-x-xxxx,3rd Party,Jul 2023,November 2017,Maruti,Alto 800 LXI MANUAL,Jaipur,https://www.cars24.com/buy-used-maruti-alto-800-2017-cars-jaipur-1072673604/,"2,74,299"
165,Non-Accidental,2nd Owner,"52,414",Petrol,16 May 2022,MANUAL,RJ-47-x-xxxx,3rd Party,Jul 2023,August 2016,Maruti,Alto 800 VXI MANUAL,Jaipur,https://www.cars24.com/buy-used-maruti-alto-800-2016-cars-jaipur-1073383005/,"2,62,199"
166,Non-Accidental,2nd Owner,"60,217",Petrol,17 Jun 2022,MANUAL,RJ-14-x-xxxx,3rd Party,Jul 2023,May 2015,Maruti,Alto 800 VXI MANUAL,Jaipur,https://www.cars24.com/buy-used-maruti-alto-800-2015-cars-jaipur-1070972946/,"2,49,399"
