,history,owner,kilometers,fuel,last_service,transmission,registration,insurance_type,insurance_validity,year,brand,model,location,url,price
0,Non-Accidental,1st Owner,"31,512",Diesel,21 May 2022,AUTOMATIC,WB-02-x-xxxx,3rd Party,Jul 2023,May 2014,Jaguar,XF 3.0 S V6 AUTOMATIC,Kolkata,https://www.cars24.com/buy-used-jaguar-xf-2014-cars-kolkata-1197412842/,"18,58,599"
1,Non-Accidental,1st Owner,"37,362",Diesel,06 Jul 2022,AUTOMATIC,WB-08-x-xxxx,3rd Party,Jul 2023,July 2018,Hyundai,Creta 1.6 SX AT CRDI AUTOMATIC,Kolkata,https://www.cars24.com/buy-used-hyundai-creta-2018-cars-kolkata-11928994776/,"12,03,499"
2,Non-Accidental,1st Owner,"17,501",Petrol,18 Jun 2022,AUTOMATIC,WB-08-x-xxxx,3rd Party,Jul 2023,May 2019,Hyundai,VENUE 1.0 TURBO GDI SX+ AT AUTOMATIC,Kolkata,https://www.cars24.com/buy-used-hyundai-venue-2019-cars-kolkata-11928296756/,"10,90,699"
3,Non-Accidental,1st Owner,"5,413",Petrol,27 Jun 2022,MANUAL,WB-08-x-xxxx,Comprehensive,Jun 2023,March 2019,Honda,City VX MT PETROL MANUAL,Kolkata,https://www.cars24.com/buy-used-honda-city-2019-cars-kolkata-11925094713/,"10,68,299"
4,Non-Accidental,1st Owner,"5,648",Petrol,03 Jul 2022,MANUAL,WB-26-x-xxxx,3rd Party,Sept 2023,September 2020,Maruti,Ciaz ALPHA 1.5 MT VTVT SHVS MANUAL,Kolkata,https://www.cars24.com/buy-used-maruti-ciaz-2020-cars-kolkata-11932399754/,"10,46,699"
5,Non-Accidental,2nd Owner,"9,726",Petrol,26 Jun 2022,MANUAL,WB-40-x-xxxx,Comprehensive,May 2023,March 2020,Maruti,XL6 ALPHA SHVS MT MANUAL,Kolkata,https://www.cars24.com/buy-used-maruti-xl6-2020-cars-kolkata-11969397750/,"10,34,899"
6,Non-Accidental,1st Owner,"30,661",Diesel,12 May 2022,MANUAL,WB-26-x-xxxx,3rd Party,Jul 2023,March 2019,Mahindra,XUV 3OO W8 (O) Dual tone Diesel MANUAL,Kolkata,https://www.cars24.com/buy-used-mahindra-xuv-3oo-2019-cars-kolkata-1198707746/,"9,42,799"
7,Non-Accidental,2nd Owner,"53,877",Diesel,05 Jul 2022,MANUAL,WB-26-x-xxxx,3rd Party,Jul 2023,May 2015,Mahindra,Scorpio S10 MANUAL,Kolkata,https://www.cars24.com/buy-used-mahindra-scorpio-2015-cars-kolkata-1191895668/,"9,05,299"
8,Non-Accidental,2nd Owner,"1,55,633",Diesel,23 Jun 2022,MANUAL,WB-02-x-xxxx,3rd Party,Jul 2023,July 2015,Toyota,Innova 2.5 VX 8 STR BS IV MANUAL,Kolkata,https://www.cars24.com/buy-used-toyota-innova-2015-cars-kolkata-1192105641/,"8,78,799"
9,Non-Accidental,1st Owner,"13,991",Petrol,22 Jun 2022,NA,WB-06-x-xxxx,3rd Party,Jun 2024,January 2021,Tata,ALTROZ XZ + 1.2 RTN,Kolkata,https://www.cars24.com/buy-used-tata-altroz-2021-cars-kolkata-11965792757/,"8,53,999"
10,Non-Accidental,1st Owner,"24,109",Petrol,01 Jul 2022,MANUAL,WB-06-x-xxxx,3rd Party,Jul 2023,April 2019,Honda,WR-V 1.2 i-VTEC VX MT MANUAL,Kolkata,https://www.cars24.com/buy-used-honda-wr-v-2019-cars-kolkata-11995899774/,"7,89,799"
11,Non-Accidental,1st Owner,"39,473",Petrol,04 Jul 2022,NA,WB-02-x-xxxx,3rd Party,Jul 2023,January 2019,Nissan,Kicks XV PETROL,Kolkata,https://www.cars24.com/buy-used-nissan-kicks-2019-cars-kolkata-1190422643/,"7,61,299"
12,Non-Accidental,1st Owner,"54,158",Petrol,28 Jun 2022,MANUAL,WB-06-x-xxxx,3rd Party,Jul 2023,August 2018,Ford,Ecosport 1.5 TITANIUM TI VCT MANUAL,Kolkata,https://www.cars24.com/buy-used-ford-ecosport-2018-cars-kolkata-1198966660/,"7,56,099"
13,Non-Accidental,1st Owner,"11,476",Petrol,26 Jun 2022,MANUAL,WB-02-x-xxxx,3rd Party,Apr 2024,February 2021,Toyota,Glanza G MT PETROL MANUAL,Kolkata,https://www.cars24.com/buy-used-toyota-glanza-2021-cars-kolkata-11950893776/,"7,44,999"
14,Non-Accidental,1st Owner,"71,369",Diesel,01 Mar 2022,MANUAL,WB-12-x-xxxx,3rd Party,Jul 2023,February 2018,Maruti,Vitara Brezza VDI OPT MANUAL,Kolkata,https://www.cars24.com/buy-used-maruti-vitara-brezza-2018-cars-kolkata-1195163061/,"7,43,699"
15,Non-Accidental,1st Owner,"17,127",Petrol,14 Jun 2022,MANUAL,WB-06-x-xxxx,Zero Depreciation,Nov 2022,August 2018,Ford,Ecosport 1.5 TITANIUM TI VCT MANUAL,Kolkata,https://www.cars24.com/buy-used-ford-ecosport-2018-cars-kolkata-17001194710/,"7,33,699"
16,Non-Accidental,1st Owner,"9,669",Petrol,06 Jul 2022,MANUAL,WB-06-x-xxxx,3rd Party,Jul 2023,February 2018,Hyundai,Elite i20 ASTA 1.2 (O) MANUAL,Kolkata,https://www.cars24.com/buy-used-hyundai-elite-i20-2018-cars-kolkata-11992692797/,"7,23,099"
17,Non-Accidental,1st Owner,"23,016",Petrol,30 Jun 2022,MANUAL,WB-06-x-xxxx,3rd Party,Jul 2023,May 2019,Maruti,Dzire VXI MANUAL,Kolkata,https://www.cars24.com/buy-used-maruti-dzire-2019-cars-kolkata-11959798770/,"7,11,499"
18,Non-Accidental,1st Owner,"28,722",Petrol,03 Jul 2022,MANUAL,WB-02-x-xxxx,3rd Party,Jul 2023,May 2018,Maruti,Baleno ZETA 1.2 K12 MANUAL,Kolkata,https://www.cars24.com/buy-used-maruti-baleno-2018-cars-kolkata-11966498712/,"7,04,799"
19,Non-Accidental,1st Owner,"28,600",Petrol,30 Jun 2022,NA,WB-24-x-xxxx,3rd Party,Jan 2024,January 2021,Nissan,MAGNITE XL Turbo MT,Kolkata,https://www.cars24.com/buy-used-nissan-magnite-2021-cars-kolkata-11931090792/,"7,02,599"
20,Non-Accidental,1st Owner,"11,957",Petrol,02 Jul 2022,NA,WB-08-x-xxxx,Comprehensive,Dec 2022,November 2018,Maruti,Ciaz 1.4 S,Kolkata,https://www.cars24.com/buy-used-maruti-ciaz-2018-cars-kolkata-11900793715/,"6,96,299"
21,Non-Accidental,1st Owner,"16,653",Petrol,28 Jun 2022,MANUAL,WB-14-x-xxxx,3rd Party,Jul 2023,March 2019,Maruti,Dzire VXI MANUAL,Kolkata,https://www.cars24.com/buy-used-maruti-dzire-2019-cars-howrah-12624891799/,"6,92,399"
22,Non-Accidental,1st Owner,"21,061",Petrol,30 Jun 2022,AUTOMATIC,WB-20-x-xxxx,3rd Party,Jul 2023,January 2016,Honda,City SV CVT PETROL AUTOMATIC,Kolkata,https://www.cars24.com/buy-used-honda-city-2016-cars-kolkata-1194135969/,"6,84,999"
23,Non-Accidental,1st Owner,912,Petrol,19 Jun 2022,MANUAL,WB-24-x-xxxx,Comprehensive,Jun 2023,March 2021,Hyundai,AURA S 1.2 Kappa MT MANUAL,Kolkata,https://www.cars24.com/buy-used-hyundai-aura-2021-cars-north-24-parganas-28696690712/,"6,84,799"
24,Non-Accidental,1st Owner,"14,865",Petrol,05 Jul 2022,MANUAL,WB-20-x-xxxx,Zero Depreciation,Nov 2022,November 2019,Maruti,Baleno DELTA 1.2 K12 MANUAL,Kolkata,https://www.cars24.com/buy-used-maruti-baleno-2019-cars-kolkata-11982190779/,"6,75,099"
25,Non-Accidental,1st Owner,"30,774",Petrol,14 Jun 2022,MANUAL,WB-02-x-xxxx,3rd Party,Jul 2023,August 2019,Maruti,Baleno DELTA 1.2 K12 MANUAL,Kolkata,https://www.cars24.com/buy-used-maruti-baleno-2019-cars-kolkata-11927093759/,"6,68,199"
26,Non-Accidental,1st Owner,"8,456",Petrol,26 Jun 2022,MANUAL,WB-20-x-xxxx,3rd Party,Jul 2023,September 2019,Hyundai,GRAND I10 NIOS SPORTZ PETROL MANUAL,Kolkata,https://www.cars24.com/buy-used-hyundai-grand-i10-nios-2019-cars-kolkata-10001192751/,"6,50,899"
27,Non-Accidental,1st Owner,"95,285",Diesel,29 Jun 2022,MANUAL,WB-12-x-xxxx,3rd Party,Jul 2023,January 2016,Maruti,Vitara Brezza ZDI PLUS DUAL TONE MANUAL,Kolkata,https://www.cars24.com/buy-used-maruti-vitara-brezza-2016-cars-kolkata-1197839648/,"6,49,299"
28,Non-Accidental,1st Owner,"6,594",Petrol,30 Jun 2022,MANUAL,WB-20-x-xxxx,3rd Party,Jul 2023,March 2018,Renault,Captur RXE PETROL MT MANUAL,Kolkata,https://www.cars24.com/buy-used-renault-captur-2018-cars-kolkata-1198641906/,"6,48,489"
29,Non-Accidental,1st Owner,"55,766",Petrol,29 Jun 2022,MANUAL,WB-08-x-xxxx,3rd Party,Jul 2023,February 2018,Maruti,Dzire ZXI Plus MANUAL,Kolkata,https://www.cars24.com/buy-used-maruti-dzire-2018-cars-kolkata-1198248764/,"6,46,599"
30,Non-Accidental,1st Owner,"27,476",Petrol,28 Jun 2022,MANUAL,WB-02-x-xxxx,3rd Party,Feb 2023,January 2018,Maruti,Dzire VXI MANUAL,Kolkata,https://www.cars24.com/buy-used-maruti-dzire-2018-cars-kolkata-11928091716/,"6,44,699"
31,Non-Accidental,1st Owner,"37,942",Petrol,06 Jul 2022,MANUAL,WB-16-x-xxxx,3rd Party,Jul 2023,April 2018,Maruti,Ciaz ZETA 1.4 VVT MANUAL,Kolkata,https://www.cars24.com/buy-used-maruti-ciaz-2018-cars-kolkata-1195422704/,"6,38,099"
32,Non-Accidental,1st Owner,"25,341",Petrol,05 Mar 2022,MANUAL,WB-02-x-xxxx,3rd Party,Jul 2023,September 2018,Maruti,Dzire VXI MANUAL,Kolkata,https://www.cars24.com/buy-used-maruti-dzire-2018-cars-kolkata-1263841561/,"6,35,699"
33,Non-Accidental,1st Owner,"34,809",Petrol,28 Jun 2022,MANUAL,WB-08-x-xxxx,3rd Party,Jul 2023,August 2018,Maruti,Dzire ZXI MANUAL,Kolkata,https://www.cars24.com/buy-used-maruti-dzire-2018-cars-kolkata-1197866869/,"6,26,499"
34,Non-Accidental,1st Owner,"16,520",Petrol,05 Apr 2022,MANUAL,WB-08-x-xxxx,3rd Party,Jul 2023,June 2018,Hyundai,Elite i20 SPORTZ 1.2 MANUAL,Kolkata,https://www.cars24.com/buy-used-hyundai-elite-i20-2018-cars-hooghly-2111010061/,"6,22,799"
35,Non-Accidental,1st Owner,"27,656",Petrol,19 May 2022,MANUAL,WB-16-x-xxxx,Zero Depreciation,Jan 2023,October 2019,Maruti,Dzire VXI MANUAL,Kolkata,https://www.cars24.com/buy-used-maruti-dzire-2019-cars-hooghly-21183598793/,"6,21,999"
36,Non-Accidental,1st Owner,"2,716",Petrol,29 Jun 2022,MANUAL,WB-16-x-xxxx,3rd Party,Jul 2023,July 2019,Hyundai,Grand i10 SPORTZ 1.2 KAPPA VTVT MANUAL,Kolkata,https://www.cars24.com/buy-used-hyundai-grand-i10-2019-cars-kolkata-17078792775/,"6,12,199"
37,Non-Accidental,2nd Owner,"17,649",Diesel,07 Apr 2022,MANUAL,WB-02-x-xxxx,3rd Party,Jul 2023,April 2018,Maruti,Baleno DELTA DDIS 190 MANUAL,Kolkata,https://www.cars24.com/buy-used-maruti-baleno-2018-cars-kolkata-1192244468/,"6,09,599"
38,Non-Accidental,1st Owner,"3,897",Petrol,14 May 2022,MANUAL,WB-20-x-xxxx,3rd Party,Nov 2022,January 2019,Renault,TRIBER 1.0 RXL PETROL MANUAL,Kolkata,https://www.cars24.com/buy-used-renault-triber-2019-cars-kolkata-11949093770/,"6,01,699"
39,Non-Accidental,1st Owner,"11,526",Petrol,07 Mar 2022,AUTOMATIC,WB-20-x-xxxx,3rd Party,Jul 2023,March 2019,Maruti,Dzire VXI AMT AUTOMATIC,Kolkata,https://www.cars24.com/buy-used-maruti-dzire-2019-cars-kolkata-1194728460/,"5,91,699"
40,Non-Accidental,1st Owner,"17,648",Petrol,21 Mar 2022,AUTOMATIC,WB-12-x-xxxx,3rd Party,Jul 2023,July 2018,Maruti,Dzire VXI AMT AUTOMATIC,Kolkata,https://www.cars24.com/buy-used-maruti-dzire-2018-cars-kolkata-1197443765/,"5,86,199"
41,Non-Accidental,1st Owner,"24,157",Petrol,26 May 2022,MANUAL,WB-08-x-xxxx,3rd Party,Jul 2023,February 2020,Volkswagen,Polo Trendline 1.0 L Petrol MANUAL,Kolkata,https://www.cars24.com/buy-used-volkswagen-polo-2020-cars-kolkata-11950490772/,"5,79,199"
42,Non-Accidental,1st Owner,"8,807",Petrol,01 Jul 2022,MANUAL,WB-06-x-xxxx,Comprehensive,Feb 2023,January 2019,Ford,Figo Aspire 1.2 Trend+ Petrol MANUAL,Kolkata,https://www.cars24.com/buy-used-ford-figo-aspire-2019-cars-kolkata-1197376363/,"5,78,399"
43,Non-Accidental,1st Owner,"32,504",Petrol,31 May 2022,MANUAL,WB-02-x-xxxx,Comprehensive,Dec 2022,December 2018,Maruti,Dzire ZXI MANUAL,Kolkata,https://www.cars24.com/buy-used-maruti-dzire-2018-cars-kolkata-11927195713/,"5,76,199"
44,Non-Accidental,1st Owner,"5,447",Petrol,31 May 2022,MANUAL,WB-02-x-xxxx,Zero Depreciation,Dec 2022,November 2020,Maruti,New Wagon-R VXI 1.2L MANUAL,Kolkata,https://www.cars24.com/buy-used-maruti-new--wagon-r-2020-cars-kolkata-11985497710/,"5,72,399"
45,Non-Accidental,1st Owner,"28,366",Petrol,30 Jun 2022,MANUAL,WB-08-x-xxxx,Zero Depreciation,Nov 2022,September 2018,Maruti,Baleno DELTA 1.2 K12 MANUAL,Kolkata,https://www.cars24.com/buy-used-maruti-baleno-2018-cars-kolkata-1199605962/,"5,71,199"
46,Non-Accidental,1st Owner,819,Petrol,22 Apr 2022,MANUAL,WB-02-x-xxxx,Zero Depreciation,Mar 2023,January 2020,Maruti,New Wagon-R VXI 1.0 MANUAL,Kolkata,https://www.cars24.com/buy-used-maruti-new--wagon-r-2020-cars-kolkata-1190476763/,"5,69,499"
47,Non-Accidental,1st Owner,"6,845",Petrol,03 Jun 2022,MANUAL,WB-26-x-xxxx,3rd Party,Jul 2023,June 2020,Maruti,New Wagon-R VXI 1.0 MANUAL,Kolkata,https://www.cars24.com/buy-used-maruti-new--wagon-r-2020-cars-north-24-parganas-28628392771/,"5,69,499"
48,Non-Accidental,1st Owner,"50,323",Petrol,28 Jun 2022,MANUAL,WB-06-x-xxxx,3rd Party,Jul 2023,May 2018,Maruti,Dzire VXI MANUAL,Kolkata,https://www.cars24.com/buy-used-maruti-dzire-2018-cars-kolkata-1195533865/,"5,63,999"
49,Non-Accidental,1st Owner,"16,871",Petrol,23 May 2022,MANUAL,WB-02-x-xxxx,3rd Party,Jul 2023,May 2019,Maruti,Swift VXI MANUAL,Kolkata,https://www.cars24.com/buy-used-maruti-swift-2019-cars-kolkata-11922897774/,"5,63,799"
50,Non-Accidental,2nd Owner,"46,096",Petrol,26 Jun 2022,MANUAL,WB-34-x-xxxx,3rd Party,Nov 2022,October 2019,Maruti,Swift VXI MANUAL,Kolkata,https://www.cars24.com/buy-used-maruti-swift-2019-cars-hooghly-21102993710/,"5,63,799"
51,Non-Accidental,1st Owner,"28,936",Petrol,25 Jun 2022,MANUAL,WB-10-x-xxxx,3rd Party,Jul 2023,January 2018,Maruti,Dzire VXI MANUAL,Kolkata,https://www.cars24.com/buy-used-maruti-dzire-2018-cars-kolkata-1199401640/,"5,55,999"
52,Non-Accidental,1st Owner,"81,591",Petrol,03 Jul 2022,MANUAL,WB-16-x-xxxx,Comprehensive,Jan 2023,December 2017,Maruti,Baleno ZETA 1.2 K12 MANUAL,Kolkata,https://www.cars24.com/buy-used-maruti-baleno-2017-cars-hooghly-21184993799/,"5,52,449"
53,Non-Accidental,1st Owner,"32,764",Petrol,06 Jul 2022,MANUAL,WB-06-x-xxxx,3rd Party,Jul 2023,June 2019,Hyundai,Grand i10 SPORTZ 1.2 KAPPA VTVT MANUAL,Kolkata,https://www.cars24.com/buy-used-hyundai-grand-i10-2019-cars-kolkata-11941999717/,"5,52,199"
54,Non-Accidental,2nd Owner,"10,930",Petrol,27 Jun 2022,MANUAL,WB-02-x-xxxx,Comprehensive,Mar 2023,June 2019,Hyundai,Xcent SX 1.2 MANUAL,Kolkata,https://www.cars24.com/buy-used-hyundai-xcent-2019-cars-kolkata-2115206768/,"5,49,499"
55,Non-Accidental,1st Owner,"51,677",Petrol,27 Jun 2022,MANUAL,WB-02-x-xxxx,3rd Party,Jul 2023,July 2018,Hyundai,Elite i20 Magna Executive 1.2 MANUAL,Kolkata,https://www.cars24.com/buy-used-hyundai-elite-i20-2018-cars-kolkata-1194966361/,"5,48,099"
56,Non-Accidental,1st Owner,"13,130",Petrol,09 May 2022,MANUAL,WB-10-x-xxxx,3rd Party,May 2023,February 2019,Maruti,New Wagon-R VXI 1.0 MANUAL,Kolkata,https://www.cars24.com/buy-used-maruti-new--wagon-r-2019-cars-kolkata-11963890796/,"5,44,499"
57,Non-Accidental,2nd Owner,"59,197",Petrol,27 Jun 2022,MANUAL,WB-24-x-xxxx,3rd Party,Jul 2023,May 2016,Hyundai,i20 Active 1.2 S MANUAL,Kolkata,https://www.cars24.com/buy-used-hyundai-i20-active-2016-cars-kolkata-11984391792/,"5,41,799"
58,Non-Accidental,1st Owner,"61,045",Petrol,27 Dec 2021,MANUAL,WB-24-x-xxxx,3rd Party,Jul 2023,January 2019,Maruti,Swift VXI MANUAL,Kolkata,https://www.cars24.com/buy-used-maruti-swift-2019-cars-kolkata-1192879861/,"5,41,499"
59,Non-Accidental,1st Owner,"50,989",Petrol,04 Jul 2022,MANUAL,WB-34-x-xxxx,3rd Party,Jul 2023,June 2017,Maruti,Dzire VXI MANUAL,Kolkata,https://www.cars24.com/buy-used-maruti-dzire-2017-cars-kolkata-1194555544/,"5,38,499"
60,Non-Accidental,1st Owner,"19,596",Petrol,03 Jul 2022,MANUAL,WB-12-x-xxxx,Comprehensive,Apr 2023,March 2017,Hyundai,Elite i20 Magna Executive 1.2 MANUAL,Kolkata,https://www.cars24.com/buy-used-hyundai-elite-i20-2017-cars-howrah-12699891754/,"5,37,999"
61,Non-Accidental,1st Owner,"7,280",Petrol,27 Jun 2022,MANUAL,WB-02-x-xxxx,3rd Party,Jul 2023,March 2018,Maruti,Swift VXI MANUAL,Kolkata,https://www.cars24.com/buy-used-maruti-swift-2018-cars-kolkata-1196738466/,"5,37,899"
62,Non-Accidental,1st Owner,"58,032",Petrol,04 Jul 2022,MANUAL,WB-14-x-xxxx,3rd Party,Jul 2023,November 2018,Maruti,Swift VXI MANUAL,Kolkata,https://www.cars24.com/buy-used-maruti-swift-2018-cars-kolkata-1191009866/,"5,37,899"
63,Non-Accidental,1st Owner,"16,179",Petrol,06 Jul 2022,MANUAL,WB-24-x-xxxx,3rd Party,Jul 2023,September 2018,Maruti,Swift VXI MANUAL,Kolkata,https://www.cars24.com/buy-used-maruti-swift-2018-cars-kolkata-11944395772/,"5,37,899"
64,Non-Accidental,1st Owner,"79,338",Petrol,24 May 2022,MANUAL,WB-06-x-xxxx,3rd Party,Jul 2023,April 2018,Maruti,Swift VXI MANUAL,Kolkata,https://www.cars24.com/buy-used-maruti-swift-2018-cars-kolkata-1192823066/,"5,37,899"
65,Non-Accidental,1st Owner,"49,855",Petrol,04 Jul 2022,MANUAL,WB-26-x-xxxx,3rd Party,Jul 2023,August 2018,Maruti,Swift VXI MANUAL,Kolkata,https://www.cars24.com/buy-used-maruti-swift-2018-cars-kolkata-1198463307/,"5,37,899"
66,Non-Accidental,1st Owner,"3,859",Petrol,03 Jul 2022,MANUAL,WB-06-x-xxxx,3rd Party,Jul 2023,February 2018,Maruti,Swift VXI MANUAL,Kolkata,https://www.cars24.com/buy-used-maruti-swift-2018-cars-kolkata-1199971367/,"5,37,899"
67,Non-Accidental,1st Owner,"21,668",Petrol,01 Jul 2022,MANUAL,WB-10-x-xxxx,3rd Party,Jul 2023,February 2018,Maruti,Swift VXI MANUAL,Kolkata,https://www.cars24.com/buy-used-maruti-swift-2018-cars-kolkata-1192708242/,"5,37,499"
68,,,,,,,,,,,,,Kolkata,https://www.cars24.com/buy-used-maruti-baleno-2018-cars-kolkata-1195267506/,"5,34,699"
69,Non-Accidental,1st Owner,"66,193",Petrol,05 Jul 2022,MANUAL,WB-02-x-xxxx,3rd Party,Feb 2023,February 2019,Maruti,New Wagon-R VXI 1.0 MANUAL,Kolkata,https://www.cars24.com/buy-used-maruti-new--wagon-r-2019-cars-kolkata-11998694776/,"5,34,199"
70,Non-Accidental,1st Owner,"30,291",Petrol,05 Jul 2022,MANUAL,WB-08-x-xxxx,3rd Party,Jul 2023,March 2018,Maruti,Swift VXI MANUAL,Kolkata,https://www.cars24.com/buy-used-maruti-swift-2018-cars-kolkata-1192198800/,"5,32,999"
71,Non-Accidental,1st Owner,"74,531",Petrol,28 Jun 2022,MANUAL,WB-18-x-xxxx,3rd Party,Jul 2023,December 2018,Maruti,Swift VXI MANUAL,Kolkata,https://www.cars24.com/buy-used-maruti-swift-2018-cars-kolkata-1191963201/,"5,29,599"
72,Non-Accidental,1st Owner,"44,754",Petrol,03 Jul 2022,MANUAL,WB-20-x-xxxx,3rd Party,Jul 2023,March 2018,Maruti,Swift VXI MANUAL,Kolkata,https://www.cars24.com/buy-used-maruti-swift-2018-cars-kolkata-1193140700/,"5,26,199"
73,Non-Accidental,3rd Owner,"32,958",Petrol,30 Jun 2022,MANUAL,WB-30-x-xxxx,3rd Party,Jul 2023,January 2017,Hyundai,Elite i20 SPORTZ 1.2 MANUAL,Kolkata,https://www.cars24.com/buy-used-hyundai-elite-i20-2017-cars-kolkata-1194140068/,"5,25,199"
74,Non-Accidental,1st Owner,"24,019",Petrol,17 May 2022,MANUAL,WB-02-x-xxxx,Zero Depreciation,Feb 2023,January 2019,Maruti,New Wagon-R ZXI 1.2 MANUAL,Kolkata,https://www.cars24.com/buy-used-maruti-new--wagon-r-2019-cars-kolkata-1191106865/,"5,23,099"
75,Non-Accidental,1st Owner,"24,788",Petrol,28 Jun 2022,MANUAL,WB-12-x-xxxx,3rd Party,Jul 2023,January 2016,Volkswagen,Vento HIGHLINE PETROL MANUAL,Kolkata,https://www.cars24.com/buy-used-volkswagen-vento-2016-cars-kolkata-12692494794/,"5,17,299"
76,Non-Accidental,1st Owner,"43,927",Petrol,06 Jul 2022,MANUAL,WB-08-x-xxxx,3rd Party,Jul 2023,November 2018,Maruti,Baleno DELTA 1.2 K12 MANUAL,Kolkata,https://www.cars24.com/buy-used-maruti-baleno-2018-cars-kolkata-1193877043/,"5,15,399"
77,Non-Accidental,1st Owner,"34,276",Petrol,23 Feb 2022,MANUAL,WB-02-x-xxxx,3rd Party,Jul 2023,March 2015,Ford,Ecosport 1.5 TITANIUM TI VCT MANUAL,Kolkata,https://www.cars24.com/buy-used-ford-ecosport-2015-cars-kolkata-1195326947/,"5,12,299"
78,Non-Accidental,1st Owner,"13,682",Petrol,29 Jun 2022,MANUAL,WB-12-x-xxxx,3rd Party,Jul 2023,April 2018,Volkswagen,Polo COMFORTLINE 1.0 PETROL MANUAL,Kolkata,https://www.cars24.com/buy-used-volkswagen-polo-2018-cars-kolkata-1196074764/,"5,11,399"
79,Non-Accidental,1st Owner,"38,370",Petrol,05 Jul 2022,MANUAL,WB-06-x-xxxx,3rd Party,Jul 2023,January 2018,Maruti,IGNIS ALPHA 1.2 K12 MANUAL,Kolkata,https://www.cars24.com/buy-used-maruti-ignis-2018-cars-kolkata-1199965862/,"5,10,899"
80,Non-Accidental,1st Owner,"7,795",Petrol,03 Jul 2022,MANUAL,WB-10-x-xxxx,3rd Party,Mar 2024,March 2021,Renault,Kwid 1.0 CLIMBER OPT MANUAL,Kolkata,https://www.cars24.com/buy-used-renault-kwid-2021-cars-kolkata-11953799753/,"5,06,299"
81,Non-Accidental,3rd Owner,"45,711",Petrol,28 May 2022,MANUAL,WB-02-x-xxxx,Comprehensive,Nov 2022,May 2015,Hyundai,Elite i20 ASTA 1.2 MANUAL,Kolkata,https://www.cars24.com/buy-used-hyundai-elite-i20-2015-cars-kolkata-11956993778/,"5,05,599"
82,Non-Accidental,1st Owner,"42,117",Petrol,30 Jun 2022,MANUAL,WB-30-x-xxxx,3rd Party,Jul 2023,February 2019,Hyundai,NEW SANTRO ASTA 1.1 MT MANUAL,Kolkata,https://www.cars24.com/buy-used-hyundai-new-santro-2019-cars-howrah-1262776462/,"5,04,899"
83,Non-Accidental,2nd Owner,"20,366",Petrol,02 Jul 2022,MANUAL,WB-42-x-xxxx,3rd Party,Jul 2023,May 2019,Hyundai,NEW SANTRO SPORTZ 1.1 MANUAL,Kolkata,https://www.cars24.com/buy-used-hyundai-new-santro-2019-cars-kolkata-11986595773/,"5,03,999"
84,Non-Accidental,2nd Owner,"58,075",Petrol,08 Jun 2022,MANUAL,WB-08-x-xxxx,3rd Party,Jul 2023,May 2015,Hyundai,Elite i20 ASTA 1.2 MANUAL,Kolkata,https://www.cars24.com/buy-used-hyundai-elite-i20-2015-cars-kolkata-11919990779/,"5,03,955"
85,Non-Accidental,1st Owner,"37,685",Petrol,29 Apr 2022,MANUAL,WB-08-x-xxxx,3rd Party,Jul 2023,March 2018,Hyundai,Elite i20 Magna Executive 1.2 MANUAL,Kolkata,https://www.cars24.com/buy-used-hyundai-elite-i20-2018-cars-kolkata-1191424649/,"4,91,899"
86,Non-Accidental,1st Owner,"6,710",Petrol,01 Jul 2022,AUTOMATIC,WB-24-x-xxxx,Comprehensive,Nov 2022,October 2020,Maruti,S PRESSO VXI PLUS AGS AUTOMATIC,Kolkata,https://www.cars24.com/buy-used-maruti-s-presso-2020-cars-howrah-12605491752/,"4,85,599"
87,Non-Accidental,1st Owner,"45,941",Petrol,20 May 2022,MANUAL,WB-02-x-xxxx,3rd Party,Jul 2023,January 2014,Hyundai,Elite i20 SPORTZ 1.2 MANUAL,Kolkata,https://www.cars24.com/buy-used-hyundai-elite-i20-2014-cars-kolkata-11933897773/,"4,83,599"
88,Non-Accidental,1st Owner,"10,872",Petrol,06 Jul 2022,MANUAL,WB-18-x-xxxx,3rd Party,Jul 2023,April 2019,Hyundai,NEW SANTRO SPORTZ 1.1 MANUAL,Kolkata,https://www.cars24.com/buy-used-hyundai-new-santro-2019-cars-kolkata-2116606865/,"4,79,499"
89,Non-Accidental,1st Owner,"10,909",Petrol,02 Jul 2022,MANUAL,WB-06-x-xxxx,3rd Party,Jul 2023,April 2021,Maruti,S PRESSO VXI MANUAL,Kolkata,https://www.cars24.com/buy-used-maruti-s-presso-2021-cars-kolkata-11982197750/,"4,77,899"
90,Non-Accidental,2nd Owner,"17,529",Petrol,07 Mar 2022,MANUAL,WB-20-x-xxxx,3rd Party,Jul 2023,February 2018,Hyundai,Grand i10 ASTA 1.2 KAPPA VTVT MANUAL,Kolkata,https://www.cars24.com/buy-used-hyundai-grand-i10-2018-cars-hooghly-2114563363/,"4,76,399"
91,Non-Accidental,1st Owner,"21,240",Petrol,06 Jul 2022,MANUAL,WB-08-x-xxxx,3rd Party,Jul 2023,March 2018,Ford,Figo Aspire 1.2 TITANIUM PETROL MANUAL,Kolkata,https://www.cars24.com/buy-used-ford-figo-aspire-2018-cars-kolkata-1191697260/,"4,73,699"
92,,,,,,,,,,,,,Kolkata,https://www.cars24.com/buy-used-hyundai-grand-i10-2018-cars-kolkata-1198615602/,"4,67,299"
93,Non-Accidental,2nd Owner,"20,948",Petrol,05 Jul 2022,MANUAL,WB-08-x-xxxx,Comprehensive,Dec 2022,November 2019,Maruti,S PRESSO VXI PLUS MANUAL,Kolkata,https://www.cars24.com/buy-used-maruti-s-presso-2019-cars-kolkata-11949199719/,"4,64,299"
94,Non-Accidental,1st Owner,"2,186",Petrol,30 Jun 2022,MANUAL,WB-10-x-xxxx,3rd Party,Jul 2023,March 2019,Hyundai,NEW SANTRO SPORTZ 1.1 MANUAL,Kolkata,https://www.cars24.com/buy-used-hyundai-new-santro-2019-cars-kolkata-1192311062/,"4,58,999"
95,Non-Accidental,1st Owner,"22,923",Petrol,27 Jun 2022,MANUAL,WB-08-x-xxxx,3rd Party,Jul 2023,August 2018,Maruti,Wagon R 1.0 VXI MANUAL,Kolkata,https://www.cars24.com/buy-used-maruti-wagon-r-1.0-2018-cars-kolkata-11944497777/,"4,49,899"
96,Non-Accidental,1st Owner,"62,225",Petrol,02 Jul 2022,MANUAL,WB-06-x-xxxx,3rd Party,Jul 2023,August 2014,Hyundai,Elite i20 SPORTZ 1.2 MANUAL,Kolkata,https://www.cars24.com/buy-used-hyundai-elite-i20-2014-cars-kolkata-1193644067/,"4,48,699"
97,Non-Accidental,1st Owner,"62,791",Petrol,28 Jun 2022,MANUAL,WB-26-x-xxxx,Comprehensive,Jan 2023,January 2015,Maruti,Baleno DELTA 1.2 K12 MANUAL,Kolkata,https://www.cars24.com/buy-used-maruti-baleno-2015-cars-kolkata-1193061560/,"4,46,099"
98,Non-Accidental,2nd Owner,"33,632",Petrol,05 Jul 2022,MANUAL,WB-02-x-xxxx,Comprehensive,Oct 2022,October 2018,Maruti,Wagon R 1.0 VXI MANUAL,Kolkata,https://www.cars24.com/buy-used-maruti-wagon-r-1.0-2018-cars-kolkata-17047293717/,"4,43,499"
99,,,,,,,,,,,,,Kolkata,https://www.cars24.com/buy-used-hyundai-new-santro-2018-cars-kolkata-1196997301/,"4,41,799"
100,Non-Accidental,1st Owner,"20,545",Petrol,27 Jun 2022,AUTOMATIC,WB-12-x-xxxx,3rd Party,Oct 2022,September 2018,Maruti,Wagon R 1.0 VXI AMT AUTOMATIC,Kolkata,https://www.cars24.com/buy-used-maruti-wagon-r-1.0-2018-cars-howrah-1266610868/,"4,39,999"
101,Non-Accidental,1st Owner,"12,893",Petrol,17 May 2022,MANUAL,WB-02-x-xxxx,3rd Party,Jul 2023,December 2018,Hyundai,NEW SANTRO SPORTZ 1.1 MANUAL,Kolkata,https://www.cars24.com/buy-used-hyundai-new-santro-2018-cars-kolkata-1199918567/,"4,37,099"
102,Non-Accidental,3rd Owner,"16,043",Petrol,06 Jul 2022,AUTOMATIC,WB-18-x-xxxx,3rd Party,Jul 2023,May 2018,Maruti,Wagon R 1.0 VXI AMT AUTOMATIC,Kolkata,https://www.cars24.com/buy-used-maruti-wagon-r-1.0-2018-cars-hooghly-21158796771/,"4,35,599"
103,Non-Accidental,1st Owner,"68,118",Petrol,06 Jul 2022,MANUAL,WB-02-x-xxxx,3rd Party,Jul 2023,August 2014,Maruti,Swift Dzire VXI 1.2 BS IV MANUAL,Kolkata,https://www.cars24.com/buy-used-maruti-swift-dzire-2014-cars-kolkata-1198643603/,"4,31,299"
104,Non-Accidental,2nd Owner,"25,910",Petrol,04 Jul 2022,MANUAL,WB-02-x-xxxx,3rd Party,Jul 2023,August 2014,Maruti,Swift Dzire VXI 1.2 BS IV MANUAL,Kolkata,https://www.cars24.com/buy-used-maruti-swift-dzire-2014-cars-kolkata-1191168264/,"4,31,299"
105,Non-Accidental,1st Owner,"13,742",Petrol,03 Jul 2022,MANUAL,WB-10-x-xxxx,3rd Party,Jul 2023,April 2018,Maruti,Wagon R 1.0 VXI MANUAL,Kolkata,https://www.cars24.com/buy-used-maruti-wagon-r-1.0-2018-cars-kolkata-1194633565/,"4,28,299"
106,Non-Accidental,2nd Owner,"26,690",Petrol,04 Jul 2022,MANUAL,WB-02-x-xxxx,3rd Party,Jul 2023,March 2017,Hyundai,Grand i10 SPORTS 1.2 VTVT MANUAL,Kolkata,https://www.cars24.com/buy-used-hyundai-grand-i10-2017-cars-kolkata-1190866747/,"4,24,899"
107,Non-Accidental,1st Owner,"62,133",Petrol,06 Jul 2022,MANUAL,WB-26-x-xxxx,3rd Party,Jul 2023,January 2014,Hyundai,Elite i20 SPORTZ 1.2 MANUAL,Kolkata,https://www.cars24.com/buy-used-hyundai-elite-i20-2014-cars-kolkata-1198532002/,"4,22,819"
108,Non-Accidental,1st Owner,"34,691",Petrol,14 May 2022,MANUAL,WB-08-x-xxxx,3rd Party,Jul 2023,January 2014,Hyundai,Grand i10 ASTA 1.2 (O) VTVT MANUAL,Kolkata,https://www.cars24.com/buy-used-hyundai-grand-i10-2014-cars-kolkata-1195445149/,"4,16,999"
109,Non-Accidental,2nd Owner,"47,856",Petrol,29 Jun 2022,MANUAL,WB-02-x-xxxx,3rd Party,Jul 2023,June 2015,Hyundai,Elite i20 MAGNA 1.2 MANUAL,Kolkata,https://www.cars24.com/buy-used-hyundai-elite-i20-2015-cars-kolkata-1199168742/,"4,15,699"
110,Non-Accidental,1st Owner,"21,864",Petrol,06 Jul 2022,MANUAL,WB-06-x-xxxx,Comprehensive,Jan 2023,January 2015,Hyundai,Grand i10 MAGNA 1.2 VTVT MANUAL,Kolkata,https://www.cars24.com/buy-used-hyundai-grand-i10-2015-cars-kolkata-1199654863/,"4,12,499"
111,,,,,,,,,,,,,Kolkata,https://www.cars24.com/buy-used-maruti-swift-dzire-2015-cars-kolkata-1190558209/,"4,11,399"
112,Non-Accidental,1st Owner,"23,927",Petrol,04 Jul 2022,MANUAL,WB-08-x-xxxx,3rd Party,Jul 2023,July 2018,Maruti,Wagon R 1.0 VXI MANUAL,Kolkata,https://www.cars24.com/buy-used-maruti-wagon-r-1.0-2018-cars-kolkata-1191185567/,"4,06,799"
113,Non-Accidental,1st Owner,"21,973",Petrol,06 Jul 2022,MANUAL,WB-26-x-xxxx,3rd Party,Jul 2023,September 2019,Maruti,S PRESSO VXI PLUS MANUAL,Kolkata,https://www.cars24.com/buy-used-maruti-s-presso-2019-cars-kolkata-1195099866/,"4,06,299"
114,Non-Accidental,1st Owner,"56,398",Petrol,29 Dec 2021,MANUAL,WB-06-x-xxxx,3rd Party,Jul 2023,July 2015,Maruti,Swift Dzire VXI 1.2 BS IV MANUAL,Kolkata,https://www.cars24.com/buy-used-maruti-swift-dzire-2015-cars-kolkata-1197148344/,"4,02,449"
115,Non-Accidental,1st Owner,"68,126",Petrol,12 May 2022,MANUAL,WB-02-x-xxxx,3rd Party,Jul 2023,April 2014,Hyundai,Grand i10 ASTA 1.2 (O) VTVT MANUAL,Kolkata,https://www.cars24.com/buy-used-hyundai-grand-i10-2014-cars-kolkata-1192362442/,"3,99,299"
116,Non-Accidental,2nd Owner,"30,829",Petrol,05 Jul 2022,MANUAL,WB-08-x-xxxx,Comprehensive,Mar 2023,March 2014,Honda,Amaze 1.2 VXMT I VTEC MANUAL,Kolkata,https://www.cars24.com/buy-used-honda-amaze-2014-cars-kolkata-11917296718/,"3,95,999"
117,Non-Accidental,2nd Owner,"75,282",Petrol,29 Jun 2022,MANUAL,WB-06-x-xxxx,3rd Party,Jul 2023,August 2014,Maruti,Swift Dzire VXI 1.2 BS IV MANUAL,Kolkata,https://www.cars24.com/buy-used-maruti-swift-dzire-2014-cars-kolkata-1197749504/,"3,93,999"
118,Non-Accidental,1st Owner,"18,638",Petrol,01 Jul 2022,MANUAL,WB-02-x-xxxx,Comprehensive,Oct 2022,September 2016,Maruti,Wagon R 1.0 VXI MANUAL,Kolkata,https://www.cars24.com/buy-used-maruti-wagon-r-1.0-2016-cars-kolkata-1196556066/,"3,90,799"
119,Non-Accidental,1st Owner,"37,285",Petrol,22 Jun 2022,MANUAL,WB-12-x-xxxx,3rd Party,Jul 2023,January 2014,Maruti,Swift VXI MANUAL,Kolkata,https://www.cars24.com/buy-used-maruti-swift-2014-cars-kolkata-1192010609/,"3,88,999"
120,Non-Accidental,1st Owner,"26,354",Petrol,06 Jul 2022,MANUAL,WB-12-x-xxxx,3rd Party,Jul 2023,November 2019,Datsun,Go Plus T MANUAL,Kolkata,https://www.cars24.com/buy-used-datsun-go-plus-2019-cars-howrah-1267896868/,"3,87,799"
121,Non-Accidental,2nd Owner,"88,902",Petrol,11 Apr 2022,MANUAL,WB-02-x-xxxx,3rd Party,Jul 2023,May 2014,Hyundai,Grand i10 SPORTZ 1.2 KAPPA VTVT MANUAL,Kolkata,https://www.cars24.com/buy-used-hyundai-grand-i10-2014-cars-kolkata-1199395167/,"3,84,299"
122,Non-Accidental,2nd Owner,"34,856",Petrol,24 Jun 2022,MANUAL,WB-02-x-xxxx,3rd Party,Jul 2023,January 2013,Maruti,Swift Dzire VXI 1.2 BS IV MANUAL,Kolkata,https://www.cars24.com/buy-used-maruti-swift-dzire-2013-cars-kolkata-1195755307/,"3,82,699"
123,Non-Accidental,1st Owner,"26,466",Petrol,27 Jun 2022,MANUAL,WB-10-x-xxxx,3rd Party,Jul 2023,January 2018,Maruti,Wagon R 1.0 VXI MANUAL,Kolkata,https://www.cars24.com/buy-used-maruti-wagon-r-1.0-2018-cars-kolkata-1190051909/,"3,79,099"
124,Non-Accidental,1st Owner,"30,033",Petrol,29 Jun 2022,MANUAL,WB-12-x-xxxx,Comprehensive,Oct 2022,August 2018,Maruti,Alto K10 VXI MANUAL,Kolkata,https://www.cars24.com/buy-used-maruti-alto-k10-2018-cars-kolkata-11923698792/,"3,72,999"
125,Non-Accidental,1st Owner,"33,123",Petrol,06 Jul 2022,MANUAL,WB-20-x-xxxx,3rd Party,Jul 2023,January 2016,Maruti,Wagon R 1.0 LXI MANUAL,Kolkata,https://www.cars24.com/buy-used-maruti-wagon-r-1.0-2016-cars-kolkata-11925191798/,"3,72,899"
126,Non-Accidental,2nd Owner,"46,442",Petrol,30 Jun 2022,MANUAL,WB-02-x-xxxx,3rd Party,Jul 2023,April 2014,Maruti,Swift ZXI MANUAL,Kolkata,https://www.cars24.com/buy-used-maruti-swift-2014-cars-kolkata-1190045861/,"3,65,399"
127,Non-Accidental,1st Owner,"31,715",Petrol,28 Jun 2022,MANUAL,WB-02-x-xxxx,3rd Party,Jul 2023,August 2014,Maruti,Swift VXI MANUAL,Kolkata,https://www.cars24.com/buy-used-maruti-swift-2014-cars-kolkata-1190398349/,"3,65,299"
128,Non-Accidental,1st Owner,"81,678",Petrol,02 Jul 2022,MANUAL,WB-02-x-xxxx,3rd Party,Jul 2023,September 2017,Maruti,Wagon R 1.0 VXI PLUS MANUAL,Kolkata,https://www.cars24.com/buy-used-maruti-wagon-r-1.0-2017-cars-kolkata-1194465600/,"3,59,299"
129,,,,,,,,,,,,,Kolkata,https://www.cars24.com/buy-used-hyundai-grand-i10-2014-cars-kolkata-1197843944/,"3,58,099"
130,Non-Accidental,2nd Owner,"20,357",Petrol,25 Jan 2022,MANUAL,WB-08-x-xxxx,3rd Party,Jul 2023,January 2015,Hyundai,Grand i10 SPORTS 1.2 VTVT MANUAL,Kolkata,https://www.cars24.com/buy-used-hyundai-grand-i10-2015-cars-kolkata-1190225567/,"3,55,099"
131,Non-Accidental,1st Owner,"18,205",Petrol,06 Jul 2022,MANUAL,WB-02-x-xxxx,3rd Party,Jul 2023,October 2016,Maruti,Wagon R 1.0 VXI MANUAL,Kolkata,https://www.cars24.com/buy-used-maruti-wagon-r-1.0-2016-cars-kolkata-1191829844/,"3,54,699"
132,Non-Accidental,1st Owner,"73,111",Petrol,25 Jun 2022,MANUAL,WB-02-x-xxxx,3rd Party,Jul 2023,January 2014,Hyundai,Xcent S 1.2 MANUAL,Kolkata,https://www.cars24.com/buy-used-hyundai-xcent-2014-cars-kolkata-1190532607/,"3,52,999"
133,Non-Accidental,1st Owner,"64,056",Petrol,28 Jun 2022,MANUAL,WB-12-x-xxxx,3rd Party,Jul 2023,January 2013,Maruti,Swift Dzire VXI 1.2 BS IV MANUAL,Kolkata,https://www.cars24.com/buy-used-maruti-swift-dzire-2013-cars-kolkata-1197187500/,"3,51,899"
134,Non-Accidental,1st Owner,"28,908",Petrol,06 Jul 2022,MANUAL,WB-02-x-xxxx,3rd Party,Jul 2023,July 2015,Maruti,Wagon R 1.0 VXI MANUAL,Kolkata,https://www.cars24.com/buy-used-maruti-wagon-r-1.0-2015-cars-kolkata-1193692061/,"3,51,799"
135,Non-Accidental,2nd Owner,"24,648",Petrol,30 Jun 2022,MANUAL,WB-02-x-xxxx,3rd Party,Jul 2023,January 2015,Maruti,Wagon R 1.0 VXI MANUAL,Kolkata,https://www.cars24.com/buy-used-maruti-wagon-r-1.0-2015-cars-kolkata-1199763460/,"3,50,699"
136,,,,,,,,,,,,,Kolkata,https://www.cars24.com/buy-used-maruti-swift-2014-cars-kolkata-1194850643/,"3,49,499"
137,Non-Accidental,1st Owner,"31,832",Petrol,03 Jul 2022,MANUAL,WB-12-x-xxxx,Comprehensive,Jan 2023,December 2020,Maruti,Alto LXI MANUAL,Kolkata,https://www.cars24.com/buy-used-maruti-alto-2020-cars-hooghly-21114892719/,"3,44,999"
138,Non-Accidental,1st Owner,"10,474",Petrol,04 Jul 2022,MANUAL,WB-02-x-xxxx,3rd Party,Jul 2023,June 2019,Maruti,Alto LXI MANUAL,Kolkata,https://www.cars24.com/buy-used-maruti-alto-2019-cars-kolkata-1193010929/,"3,44,999"
139,,,,,,,,,,,,,Kolkata,https://www.cars24.com/buy-used-maruti-swift-dzire-2013-cars-kolkata-1195478549/,"3,43,699"
140,,,,,,,,,,,,,Kolkata,https://www.cars24.com/buy-used-hyundai-grand-i10-2014-cars-kolkata-1192294505/,"3,43,299"
141,Non-Accidental,1st Owner,"15,744",Petrol,30 Jun 2022,MANUAL,WB-12-x-xxxx,3rd Party,Jul 2023,January 2014,Hyundai,i10 SPORTZ 1.1 IRDE2 MANUAL,Kolkata,https://www.cars24.com/buy-used-hyundai-i10-2014-cars-kolkata-1262674362/,"3,36,199"
142,Non-Accidental,1st Owner,"82,065",Petrol,30 Jun 2022,MANUAL,WB-02-x-xxxx,3rd Party,Jul 2023,January 2016,Maruti,Wagon R 1.0 VXI MANUAL,Kolkata,https://www.cars24.com/buy-used-maruti-wagon-r-1.0-2016-cars-kolkata-1193173106/,"3,33,599"
143,Non-Accidental,1st Owner,"71,674",Petrol,05 Jul 2022,MANUAL,WB-02-x-xxxx,3rd Party,Jul 2023,October 2014,Hyundai,Xcent S 1.2 MANUAL,Kolkata,https://www.cars24.com/buy-used-hyundai-xcent-2014-cars-kolkata-1194661646/,"3,32,699"
144,Non-Accidental,1st Owner,"27,326",Petrol,29 Dec 2021,MANUAL,WB-06-x-xxxx,3rd Party,Jul 2023,January 2012,Maruti,Swift VXI MANUAL,Kolkata,https://www.cars24.com/buy-used-maruti-swift-2012-cars-kolkata-1199607646/,"3,31,799"
145,Non-Accidental,1st Owner,"50,298",Petrol,15 Feb 2022,MANUAL,WB-06-x-xxxx,3rd Party,Jul 2023,August 2016,Maruti,Wagon R 1.0 VXI MANUAL,Kolkata,https://www.cars24.com/buy-used-maruti-wagon-r-1.0-2016-cars-kolkata-1195455566/,"3,26,099"
146,Non-Accidental,1st Owner,"5,054",Petrol,21 Feb 2022,MANUAL,WB-24-x-xxxx,3rd Party,Jul 2023,March 2019,Maruti,Alto 800 VXI MANUAL,Kolkata,https://www.cars24.com/buy-used-maruti-alto-800-2019-cars-kolkata-1193995066/,"3,25,668"
147,Non-Accidental,1st Owner,"7,142",Petrol,15 May 2022,MANUAL,WB-02-x-xxxx,3rd Party,Jul 2023,February 2019,Maruti,Alto 800 VXI MANUAL,Kolkata,https://www.cars24.com/buy-used-maruti-alto-800-2019-cars-kolkata-1192796863/,"3,25,299"
148,Non-Accidental,1st Owner,"11,575",Petrol,27 Jun 2022,MANUAL,WB-26-x-xxxx,Comprehensive,Nov 2022,November 2019,Maruti,Alto LXI MANUAL,Kolkata,https://www.cars24.com/buy-used-maruti-alto-2019-cars-kolkata-1193923462/,"3,24,999"
149,Non-Accidental,2nd Owner,"23,787",Petrol,24 Mar 2022,MANUAL,WB-24-x-xxxx,3rd Party,Feb 2023,January 2018,Maruti,Alto 800 LXI MANUAL,Kolkata,https://www.cars24.com/buy-used-maruti-alto-800-2018-cars-kolkata-1190322168/,"3,24,399"
150,Non-Accidental,1st Owner,"32,419",Petrol,25 Jun 2022,MANUAL,WB-02-x-xxxx,3rd Party,Jul 2023,September 2014,Maruti,Wagon R 1.0 VXI MANUAL,Kolkata,https://www.cars24.com/buy-used-maruti-wagon-r-1.0-2014-cars-kolkata-1191125163/,"3,21,799"
151,Non-Accidental,1st Owner,"58,223",Petrol,01 Jul 2022,MANUAL,WB-26-x-xxxx,Comp,Nov 2022,November 2015,Maruti,Wagon R 1.0 VXI MANUAL,Kolkata,https://www.cars24.com/buy-used-maruti-wagon-r-1.0-2015-cars-kolkata-1191337864/,"3,10,999"
152,Non-Accidental,1st Owner,"53,466",Petrol,30 Jun 2022,MANUAL,WB-24-x-xxxx,3rd Party,Jul 2023,January 2014,Maruti,Wagon R Stingray VXI MANUAL,Kolkata,https://www.cars24.com/buy-used-maruti-wagon-r-stingray-2014-cars-kolkata-1190112447/,"3,10,599"
153,Non-Accidental,2nd Owner,"61,199",Diesel,03 Jul 2022,MANUAL,WB-02-x-xxxx,3rd Party,Jul 2023,May 2013,Hyundai,i20 SPORTZ 1.4 CRDI MANUAL,Kolkata,https://www.cars24.com/buy-used-hyundai-i20-2013-cars-kolkata-1195051849/,"3,06,599"
154,Non-Accidental,1st Owner,"11,543",Petrol,30 Jun 2022,MANUAL,WB-02-x-xxxx,3rd Party,Jul 2023,April 2018,Maruti,Alto 800 LXI MANUAL,Kolkata,https://www.cars24.com/buy-used-maruti-alto-800-2018-cars-kolkata-1192403107/,"3,02,699"
155,Non-Accidental,1st Owner,"12,154",Petrol,03 Jul 2022,MANUAL,WB-20-x-xxxx,3rd Party,Jul 2023,January 2019,Maruti,Alto 800 LXI MANUAL,Kolkata,https://www.cars24.com/buy-used-maruti-alto-800-2019-cars-kolkata-1191649443/,"2,97,399"
156,Non-Accidental,1st Owner,"30,451",Petrol,05 Jul 2022,MANUAL,WB-12-x-xxxx,3rd Party,Jul 2023,February 2018,Maruti,Alto 800 LXI MANUAL,Kolkata,https://www.cars24.com/buy-used-maruti-alto-800-2018-cars-kolkata-1195147367/,"2,96,699"
157,Non-Accidental,1st Owner,"14,421",Petrol,04 Jul 2022,MANUAL,WB-12-x-xxxx,3rd Party,Jul 2023,January 2015,Maruti,Alto K10 VXI MANUAL,Kolkata,https://www.cars24.com/buy-used-maruti-alto-k10-2015-cars-howrah-17070293798/,"2,94,399"
158,Non-Accidental,1st Owner,"53,341",Petrol,26 Jun 2022,MANUAL,WB-24-x-xxxx,3rd Party,Jul 2023,January 2019,Maruti,Alto 800 VXI MANUAL,Kolkata,https://www.cars24.com/buy-used-maruti-alto-800-2019-cars-north-24-parganas-2861714062/,"2,91,899"
159,Non-Accidental,1st Owner,"5,210",Petrol,03 Jul 2022,MANUAL,WB-18-x-xxxx,3rd Party,Jul 2023,October 2015,Maruti,Alto 800 LXI MANUAL,Kolkata,https://www.cars24.com/buy-used-maruti-alto-800-2015-cars-hooghly-2111566566/,"2,83,999"
160,Non-Accidental,1st Owner,"30,041",Petrol,05 Jul 2022,MANUAL,WB-10-x-xxxx,3rd Party,Jul 2023,May 2018,Maruti,Alto 800 LXI MANUAL,Kolkata,https://www.cars24.com/buy-used-maruti-alto-800-2018-cars-kolkata-1198511244/,"2,69,499"
161,Non-Accidental,1st Owner,"34,951",Petrol,04 Jul 2022,MANUAL,WB-06-x-xxxx,3rd Party,Jul 2023,April 2018,Maruti,Alto 800 LXI MANUAL,Kolkata,https://www.cars24.com/buy-used-maruti-alto-800-2018-cars-kolkata-1199699601/,"2,63,699"
162,Non-Accidental,1st Owner,"55,333",Petrol,27 Jun 2022,MANUAL,WB-02-x-xxxx,3rd Party,Jul 2023,November 2017,Maruti,Alto 800 VXI MANUAL,Kolkata,https://www.cars24.com/buy-used-maruti-alto-800-2017-cars-kolkata-1196391906/,"2,52,899"
163,Non-Accidental,1st Owner,"4,525",Petrol,30 Jun 2022,MANUAL,WB-02-x-xxxx,Comprehensive,Nov 2022,January 2013,Maruti,Alto 800 LXI MANUAL,Kolkata,https://www.cars24.com/buy-used-maruti-alto-800-2013-cars-kolkata-11922596770/,"2,52,299"
164,Non-Accidental,1st Owner,"50,939",Petrol,05 Jul 2022,MANUAL,WB-12-x-xxxx,3rd Party,Jul 2023,September 2015,Maruti,Alto 800 LXI MANUAL,Kolkata,https://www.cars24.com/buy-used-maruti-alto-800-2015-cars-kolkata-1193924565/,"2,50,299"
165,Non-Accidental,1st Owner,"22,271",Petrol,15 Feb 2022,MANUAL,WB-12-x-xxxx,3rd Party,Jul 2023,January 2015,Maruti,Alto 800 LXI MANUAL,Kolkata,https://www.cars24.com/buy-used-maruti-alto-800-2015-cars-kolkata-1196805165/,"2,35,599"
166,Non-Accidental,1st Owner,"42,499",Petrol,03 Jul 2022,MANUAL,WB-02-x-xxxx,3rd Party,Jul 2023,July 2015,Maruti,Alto 800 LXI MANUAL,Kolkata,https://www.cars24.com/buy-used-maruti-alto-800-2015-cars-kolkata-1196271044/,"2,22,199"
167,,,,,,,,,,,,,Kolkata,https://www.cars24.com/buy-used-maruti-alto-800-2014-cars-kolkata-1195922008/,"2,09,399"
168,Non-Accidental,1st Owner,"1,37,235",Petrol,30 Jun 2022,MANUAL,WB-20-x-xxxx,3rd Party,Jul 2023,January 2014,Maruti,Alto 800 LXI MANUAL,Kolkata,https://www.cars24.com/buy-used-maruti-alto-800-2014-cars-kolkata-1199345144/,"2,06,099"
169,Non-Accidental,2nd Owner,"30,573",Petrol,04 Mar 2022,MANUAL,WB-24-x-xxxx,3rd Party,Jul 2023,April 2013,Maruti,Alto 800 LXI MANUAL,Kolkata,https://www.cars24.com/buy-used-maruti-alto-800-2013-cars-kolkata-1198779705/,"2,05,699"
