,history,owner,kilometers,fuel,last_service,transmission,registration,insurance_type,insurance_validity,year,brand,model,location,url,price
0,Non-Accidental,2nd Owner,"14,379",Diesel,05 Jul 2022,MANUAL,UP-44-x-xxxx,3rd Party,Jul 2023,February 2021,Mahindra,Scorpio S11 MANUAL,Lucknow,https://www.cars24.com/buy-used-mahindra-scorpio-2021-cars-lucknow-13274497758/,"19,98,799"
1,Non-Accidental,1st Owner,"9,547",Petrol,20 Jun 2022,NA,UP-41-x-xxxx,3rd Party,Jul 2023,August 2021,MG,HECTOR PLUS SHARP CVT,Lucknow,https://www.cars24.com/buy-used-mg-hector-plus-2021-cars-lucknow-13239290798/,"19,84,899"
2,Non-Accidental,1st Owner,"52,034",Diesel,02 Jul 2022,MANUAL,UP-32-x-xxxx,3rd Party,Aug 2023,June 2020,Mahindra,Scorpio S11 MANUAL,Lucknow,https://www.cars24.com/buy-used-mahindra-scorpio-2020-cars-lucknow-13281891758/,"17,06,399"
3,Non-Accidental,1st Owner,"35,004",Diesel,19 Jun 2022,MANUAL,UP-32-x-xxxx,Zero Depreciation,Jan 2023,August 2019,MG,HECTOR SHARP 2.0 DIESEL MANUAL,Lucknow,https://www.cars24.com/buy-used-mg-hector-2019-cars-lucknow-13266892775/,"16,52,249"
4,Non-Accidental,1st Owner,"52,444",Diesel,21 May 2022,MANUAL,UP-74-x-xxxx,3rd Party,Jul 2023,November 2020,Mahindra,Scorpio S9 MANUAL,Lucknow,https://www.cars24.com/buy-used-mahindra-scorpio-2020-cars-lucknow-13242397795/,"15,90,099"
5,Non-Accidental,1st Owner,"24,498",Petrol,18 Jun 2022,AUTOMATIC,UP-32-x-xxxx,3rd Party,Nov 2022,October 2019,MG,HECTOR SHARP DCT PETROL AUTOMATIC,Lucknow,https://www.cars24.com/buy-used-mg-hector-2019-cars-lucknow-1326676269/,"15,34,999"
6,Non-Accidental,1st Owner,"16,914",Diesel,18 May 2022,MANUAL,UP-32-x-xxxx,3rd Party,Jan 2023,January 2020,KIA,SELTOS HTX+ MT 1.5 DIESEL MANUAL,Lucknow,https://www.cars24.com/buy-used-kia-seltos-2020-cars-lucknow-1321704367/,"15,19,799"
7,Non-Accidental,1st Owner,"77,797",Diesel,04 Jun 2022,MANUAL,UP-32-x-xxxx,3rd Party,Oct 2022,October 2019,KIA,SELTOS HTX+ MT 1.5 DIESEL MANUAL,Lucknow,https://www.cars24.com/buy-used-kia-seltos-2019-cars-lucknow-1329194061/,"13,69,899"
8,Non-Accidental,1st Owner,"30,112",Diesel,26 May 2022,MANUAL,UP-44-x-xxxx,3rd Party,Jul 2023,July 2020,KIA,SELTOS HTK PLUS 1.5 DIESEL MANUAL,Lucknow,https://www.cars24.com/buy-used-kia-seltos-2020-cars-lucknow-1323576266/,"13,38,499"
9,Non-Accidental,1st Owner,"5,858",Petrol,12 May 2022,MANUAL,UP-32-x-xxxx,3rd Party,Jul 2023,March 2020,Hyundai,Creta S PETROL MT MANUAL,Lucknow,https://www.cars24.com/buy-used-hyundai-creta-2020-cars-lucknow-1367940600/,"13,13,299"
10,Non-Accidental,2nd Owner,"42,296",Diesel,29 May 2022,MANUAL,UP-32-x-xxxx,3rd Party,Jul 2023,February 2017,Mahindra,Scorpio S10 Intelli Hybrid 2WD MANUAL,Lucknow,https://www.cars24.com/buy-used-mahindra-scorpio-2017-cars-lucknow-13225796776/,"12,66,699"
11,Non-Accidental,2nd Owner,"57,802",Diesel,04 Jun 2022,AUTOMATIC,UP-32-x-xxxx,3rd Party,Jul 2023,April 2018,Hyundai,Creta 1.6 CRDI SX PLUS AUTO AUTOMATIC,Lucknow,https://www.cars24.com/buy-used-hyundai-creta-2018-cars-lucknow-13254492792/,"11,76,099"
12,Non-Accidental,1st Owner,"29,633",Diesel,06 Jul 2022,MANUAL,UP-32-x-xxxx,3rd Party,Jul 2023,March 2021,KIA,SELTOS HTE 1.5 MT DIESEL MANUAL,Lucknow,https://www.cars24.com/buy-used-kia-seltos-2021-cars-lucknow-13248196759/,"11,63,499"
13,Non-Accidental,1st Owner,"13,887",Diesel,19 May 2022,NA,UP-78-x-xxxx,3rd Party,Jul 2023,July 2021,KIA,SONET HTK+ 1.5 D AT,Lucknow,https://www.cars24.com/buy-used-kia-sonet-2021-cars-lucknow-1326852161/,"11,40,999"
14,Non-Accidental,2nd Owner,"60,270",Diesel,26 May 2022,MANUAL,UP-16-x-xxxx,3rd Party,Jul 2023,February 2018,Hyundai,Creta 1.6 SX (O) CRDI MANUAL,Lucknow,https://www.cars24.com/buy-used-hyundai-creta-2018-cars-lucknow-1053540327/,"11,19,399"
15,Non-Accidental,1st Owner,"16,974",Petrol,20 Jun 2022,MANUAL,UP-78-x-xxxx,3rd Party,Jul 2023,April 2021,Maruti,XL6 ZETA SHVS MANUAL,Lucknow,https://www.cars24.com/buy-used-maruti-xl6-2021-cars-lucknow-1325726864/,"11,07,599"
16,Non-Accidental,1st Owner,"98,386",Diesel,04 Jun 2022,MANUAL,UP-32-x-xxxx,3rd Party,Jul 2023,August 2019,Maruti,Ertiga ZDI PLUS 1.5 DIESEL MANUAL,Lucknow,https://www.cars24.com/buy-used-maruti-ertiga-2019-cars-lucknow-13254595770/,"11,04,499"
17,Non-Accidental,2nd Owner,"83,640",Diesel,01 Jul 2022,MANUAL,UP-32-x-xxxx,Comprehensive,Dec 2022,April 2019,Mahindra,XUV500 W7 FWD MANUAL,Lucknow,https://www.cars24.com/buy-used-mahindra-xuv500-2019-cars-lucknow-13224998711/,"10,97,699"
18,Non-Accidental,1st Owner,"15,561",Petrol,11 May 2022,MANUAL,UP-32-x-xxxx,3rd Party,Jun 2023,March 2020,KIA,SELTOS HTK 1.5 PETROL MANUAL,Lucknow,https://www.cars24.com/buy-used-kia-seltos-2020-cars-lucknow-1324896062/,"10,72,499"
19,Non-Accidental,1st Owner,"7,937",Petrol,02 Jul 2022,NA,UP-32-x-xxxx,Zero Depreciation,Oct 2022,March 2021,Hyundai,NEW I20 ASTA 1.2 MT,Lucknow,https://www.cars24.com/buy-used-hyundai-new-i20-2021-cars-lucknow-13218399759/,"9,51,299"
20,Non-Accidental,1st Owner,"90,675",Petrol,29 Jun 2022,AUTOMATIC,UP-32-x-xxxx,3rd Party,Jul 2023,February 2018,Hyundai,Verna 1.6 SX VTVT AT (O) AUTOMATIC,Lucknow,https://www.cars24.com/buy-used-hyundai-verna-2018-cars-lucknow-13259290717/,"9,43,999"
21,Non-Accidental,1st Owner,"72,833",Diesel,10 Jun 2022,MANUAL,UP-32-x-xxxx,3rd Party,Jul 2023,June 2019,Maruti,Vitara Brezza ZDI PLUS MANUAL,Lucknow,https://www.cars24.com/buy-used-maruti-vitara-brezza-2019-cars-lucknow-1323826165/,"9,36,324"
22,Non-Accidental,1st Owner,"4,193",Petrol,30 Jun 2022,MANUAL,UP-40-x-xxxx,3rd Party,Jul 2023,July 2021,Hyundai,VENUE S Plus MT 1.2 Kappa MANUAL,Lucknow,https://www.cars24.com/buy-used-hyundai-venue-2021-cars-lucknow-13214092711/,"9,28,299"
23,Non-Accidental,1st Owner,"1,49,389",Diesel,03 Jul 2022,MANUAL,UP-32-x-xxxx,3rd Party,Jul 2023,April 2018,Hyundai,Creta 1.6 SX CRDI MANUAL,Lucknow,https://www.cars24.com/buy-used-hyundai-creta-2018-cars-lucknow-1326347201/,"8,92,099"
24,Non-Accidental,1st Owner,"42,093",Diesel,17 May 2022,AUTOMATIC,UP-16-x-xxxx,3rd Party,Jul 2023,April 2019,Maruti,Vitara Brezza ZDI AMT AUTOMATIC,Lucknow,https://www.cars24.com/buy-used-maruti-vitara-brezza-2019-cars-lucknow-1002564506/,"8,78,799"
25,Non-Accidental,1st Owner,"56,789",Diesel,22 Apr 2022,AUTOMATIC,UP-32-x-xxxx,3rd Party,Jul 2023,August 2018,Maruti,Vitara Brezza ZDI+ DUAL TONE AMT AUTOMATIC,Lucknow,https://www.cars24.com/buy-used-maruti-vitara-brezza-2018-cars-lucknow-1321050165/,"8,77,199"
26,Non-Accidental,1st Owner,"23,168",Petrol,23 Jun 2022,MANUAL,UP-32-x-xxxx,3rd Party,Jul 2023,October 2018,Hyundai,Verna 1.6 SX VTVT MANUAL,Lucknow,https://www.cars24.com/buy-used-hyundai-verna-2018-cars-lucknow-13214191796/,"8,59,999"
27,Non-Accidental,1st Owner,"45,370",Diesel,06 Jul 2022,AUTOMATIC,UP-32-x-xxxx,3rd Party,Jul 2023,August 2018,Maruti,Vitara Brezza ZDI+ DUAL TONE AMT AUTOMATIC,Lucknow,https://www.cars24.com/buy-used-maruti-vitara-brezza-2018-cars-lucknow-1320705865/,"8,58,999"
28,Non-Accidental,1st Owner,"32,639",Diesel,26 May 2022,MANUAL,UP-32-x-xxxx,3rd Party,Jul 2023,October 2018,Maruti,Vitara Brezza ZDI MANUAL,Lucknow,https://www.cars24.com/buy-used-maruti-vitara-brezza-2018-cars-lucknow-13202499799/,"8,51,599"
29,Non-Accidental,1st Owner,"17,308",Diesel,03 Jun 2022,MANUAL,UP-32-x-xxxx,Zero Depreciation,Oct 2022,September 2018,Maruti,Vitara Brezza ZDI MANUAL,Lucknow,https://www.cars24.com/buy-used-maruti-vitara-brezza-2018-cars-lucknow-13274698774/,"8,51,599"
30,Non-Accidental,1st Owner,"57,693",Diesel,05 Jul 2022,MANUAL,UP-32-x-xxxx,3rd Party,Jul 2023,May 2018,Maruti,Vitara Brezza ZDI MANUAL,Lucknow,https://www.cars24.com/buy-used-maruti-vitara-brezza-2018-cars-lucknow-13273093754/,"8,45,299"
31,Non-Accidental,2nd Owner,"46,904",Petrol,11 May 2022,MANUAL,UP-32-x-xxxx,3rd Party,Jul 2023,April 2018,Honda,City V MT PETROL MANUAL,Lucknow,https://www.cars24.com/buy-used-honda-city-2018-cars-lucknow-1321100265/,"8,43,999"
32,Non-Accidental,2nd Owner,"29,811",Petrol,12 May 2022,AUTOMATIC,UP-32-x-xxxx,3rd Party,Jul 2023,March 2018,Ford,Ecosport 1.5 TITANIUM PLUS TI VCT AT AUTOMATIC,Lucknow,https://www.cars24.com/buy-used-ford-ecosport-2018-cars-lucknow-1327520567/,"8,38,799"
33,Non-Accidental,1st Owner,"63,737",Diesel,25 May 2022,MANUAL,UP-32-x-xxxx,Comprehensive,Feb 2023,February 2018,Maruti,Vitara Brezza ZDI MANUAL,Lucknow,https://www.cars24.com/buy-used-maruti-vitara-brezza-2018-cars-lucknow-13217790790/,"8,37,299"
34,Non-Accidental,1st Owner,"14,872",Petrol,28 Jun 2022,MANUAL,UP-40-x-xxxx,3rd Party,Jul 2023,April 2021,Hyundai,VENUE S MT 1.2 KAPPA MANUAL,Lucknow,https://www.cars24.com/buy-used-hyundai-venue-2021-cars-lucknow-13279698759/,"8,15,699"
35,Non-Accidental,1st Owner,"33,291",Diesel,25 Jun 2022,AUTOMATIC,UP-14-x-xxxx,3rd Party,Jul 2023,April 2019,Maruti,Vitara Brezza ZDI AMT AUTOMATIC,Lucknow,https://www.cars24.com/buy-used-maruti-vitara-brezza-2019-cars-lucknow-1058377867/,"8,15,599"
36,Non-Accidental,1st Owner,"29,852",Petrol,05 Jul 2022,AUTOMATIC,UP-32-x-xxxx,3rd Party,Jul 2023,June 2019,Hyundai,VENUE S AT TURBO GDI PETROL AUTOMATIC,Lucknow,https://www.cars24.com/buy-used-hyundai-venue-2019-cars-lucknow-13241191758/,"8,11,999"
37,Non-Accidental,1st Owner,"76,059",Diesel,21 May 2022,MANUAL,UP-32-x-xxxx,Zero Depreciation,Jan 2023,December 2020,Maruti,Vitara Brezza VDI MANUAL,Lucknow,https://www.cars24.com/buy-used-maruti-vitara-brezza-2020-cars-lucknow-1329576264/,"8,03,199"
38,Non-Accidental,1st Owner,"7,191",Petrol,19 Jun 2022,AUTOMATIC,UP-32-x-xxxx,3rd Party,Jul 2023,March 2020,Tata,TIGOR 1.2 XZA+ RTN AUTOMATIC,Lucknow,https://www.cars24.com/buy-used-tata-tigor-2020-cars-lucknow-13239695717/,"7,85,099"
39,Non-Accidental,1st Owner,"8,248",Petrol,11 May 2022,MANUAL,UP-32-x-xxxx,Third_party,Nov 2023,August 2020,Ford,Figo Aspire 1.2 TITANIUM+ PETROL MANUAL,Lucknow,https://www.cars24.com/buy-used-ford-figo-aspire-2020-cars-lucknow-1325115000/,"7,83,899"
40,Non-Accidental,1st Owner,"1,14,392",Diesel,24 Jun 2022,MANUAL,UP-16-x-xxxx,3rd Party,Jul 2023,July 2015,Hyundai,Creta 1.6 SX (O) CRDI MANUAL,Lucknow,https://www.cars24.com/buy-used-hyundai-creta-2015-cars-lucknow-1054977140/,"7,67,599"
41,Non-Accidental,1st Owner,"33,189",Diesel,04 Jul 2022,MANUAL,UP-32-x-xxxx,Zero Depreciation,May 2023,April 2018,Maruti,Vitara Brezza VDI MANUAL,Lucknow,https://www.cars24.com/buy-used-maruti-vitara-brezza-2018-cars-lucknow-13262794797/,"7,66,299"
42,Non-Accidental,1st Owner,"77,264",Diesel,20 May 2022,MANUAL,UP-32-x-xxxx,3rd Party,Jul 2023,February 2018,Maruti,S Cross ZETA 1.3 MANUAL,Lucknow,https://www.cars24.com/buy-used-maruti-s-cross-2018-cars-lucknow-1328122108/,"7,61,985"
43,Non-Accidental,2nd Owner,"81,234",Petrol,11 Jun 2022,MANUAL,UP-55-x-xxxx,3rd Party,Jul 2023,September 2015,Hyundai,Creta 1.6 SX PLUS PETROL MANUAL,Lucknow,https://www.cars24.com/buy-used-hyundai-creta-2015-cars-lucknow-13245096779/,"7,56,599"
44,Non-Accidental,1st Owner,"45,109",Diesel,13 May 2022,MANUAL,UP-40-x-xxxx,3rd Party,Jul 2023,January 2019,Maruti,Dzire VDI MANUAL,Lucknow,https://www.cars24.com/buy-used-maruti-dzire-2019-cars-lucknow-1320365060/,"7,44,799"
45,Non-Accidental,1st Owner,"40,957",Diesel,11 May 2022,MANUAL,UP-16-x-xxxx,3rd Party,Jul 2023,September 2018,Maruti,Vitara Brezza VDI MANUAL,Lucknow,https://www.cars24.com/buy-used-maruti-vitara-brezza-2018-cars-lucknow-1051437745/,"7,40,199"
46,Non-Accidental,1st Owner,"2,572",Petrol,19 Jun 2022,MANUAL,UP-42-x-xxxx,3rd Party,Jul 2023,March 2021,Renault,TRIBER 1.0 RXZ MANUAL,Lucknow,https://www.cars24.com/buy-used-renault-triber-2021-cars-lucknow-13238891714/,"7,38,999"
47,Non-Accidental,1st Owner,"75,549",Diesel,11 May 2022,MANUAL,UP-16-x-xxxx,3rd Party,Jul 2023,February 2019,Maruti,Vitara Brezza VDI MANUAL,Lucknow,https://www.cars24.com/buy-used-maruti-vitara-brezza-2019-cars-lucknow-1008222844/,"7,30,699"
48,Non-Accidental,1st Owner,"64,998",Diesel,27 May 2022,MANUAL,UP-32-x-xxxx,Zero Depreciation,Nov 2022,October 2017,Maruti,Vitara Brezza VDI MANUAL,Lucknow,https://www.cars24.com/buy-used-maruti-vitara-brezza-2017-cars-lucknow-13274299791/,"7,29,299"
49,Non-Accidental,1st Owner,"42,870",Petrol,30 Jun 2022,MANUAL,UP-78-x-xxxx,3rd Party,Nov 2022,November 2019,Maruti,Baleno ALPHA 1.2 K12 MANUAL,Lucknow,https://www.cars24.com/buy-used-maruti-baleno-2019-cars-lucknow-13227699793/,"7,25,299"
50,Non-Accidental,1st Owner,"41,259",Diesel,17 May 2022,MANUAL,UP-16-x-xxxx,3rd Party,Jul 2023,February 2018,Maruti,Vitara Brezza VDI MANUAL,Lucknow,https://www.cars24.com/buy-used-maruti-vitara-brezza-2018-cars-lucknow-1051426943/,"7,23,599"
51,Non-Accidental,1st Owner,"34,393",Diesel,03 Jun 2022,MANUAL,UP-16-x-xxxx,3rd Party,Jul 2023,March 2017,Maruti,Vitara Brezza VDI MANUAL,Lucknow,https://www.cars24.com/buy-used-maruti-vitara-brezza-2017-cars-lucknow-1058518767/,"7,19,999"
52,Non-Accidental,1st Owner,"41,151",Diesel,26 May 2022,MANUAL,UP-32-x-xxxx,Zero Depreciation,Oct 2022,September 2016,Ford,Ecosport 1.5TITANIUM TDCI MANUAL,Lucknow,https://www.cars24.com/buy-used-ford-ecosport-2016-cars-lucknow-13297692798/,"7,16,199"
53,Non-Accidental,1st Owner,"29,033",Diesel,11 May 2022,MANUAL,UP-32-x-xxxx,3rd Party,Jul 2023,August 2018,Maruti,Vitara Brezza LDI OPT MANUAL,Lucknow,https://www.cars24.com/buy-used-maruti-vitara-brezza-2018-cars-lucknow-1328034864/,"7,15,599"
54,Non-Accidental,1st Owner,"21,656",Petrol,17 May 2022,MANUAL,UP-32-x-xxxx,3rd Party,Jul 2023,April 2019,Hyundai,Elite i20 1.2 SPORTS PLUS VTVT MANUAL,Lucknow,https://www.cars24.com/buy-used-hyundai-elite-i20-2019-cars-lucknow-1324456861/,"7,09,499"
55,Non-Accidental,1st Owner,"1,80,427",Diesel,17 May 2022,MANUAL,UP-16-x-xxxx,3rd Party,Jul 2023,September 2017,Maruti,Vitara Brezza ZDI MANUAL,Lucknow,https://www.cars24.com/buy-used-maruti-vitara-brezza-2017-cars-lucknow-1327097204/,"7,06,599"
56,Non-Accidental,1st Owner,"60,300",Diesel,18 May 2022,MANUAL,UP-16-x-xxxx,Zero Depreciation,Oct 2022,August 2018,Maruti,Swift ZDI MANUAL,Lucknow,https://www.cars24.com/buy-used-maruti-swift-2018-cars-lucknow-1324206964/,"7,04,699"
57,Non-Accidental,1st Owner,"57,282",Diesel,06 Jun 2022,MANUAL,UP-32-x-xxxx,3rd Party,Nov 2022,July 2019,Volkswagen,Polo HIGHLINE PLUS 1.5L DIESEL MANUAL,Lucknow,https://www.cars24.com/buy-used-volkswagen-polo-2019-cars-lucknow-1328842166/,"7,01,999"
58,Non-Accidental,1st Owner,"25,331",Petrol,13 May 2022,MANUAL,UP-32-x-xxxx,3rd Party,Apr 2024,February 2021,Maruti,Swift VXI MANUAL,Lucknow,https://www.cars24.com/buy-used-maruti-swift-2021-cars-lucknow-1322836264/,"6,96,999"
59,Non-Accidental,1st Owner,"89,285",Diesel,18 Jun 2022,MANUAL,UP-32-x-xxxx,3rd Party,Jul 2023,February 2017,Ford,Ecosport 1.5 TDCI TITANIUM PLUS MANUAL,Lucknow,https://www.cars24.com/buy-used-ford-ecosport-2017-cars-lucknow-1329235361/,"6,94,199"
60,Non-Accidental,1st Owner,"34,337",Petrol,26 Jun 2022,MANUAL,UP-32-x-xxxx,3rd Party,Jul 2023,July 2019,Maruti,Dzire VXI MANUAL,Lucknow,https://www.cars24.com/buy-used-maruti-dzire-2019-cars-lucknow-13286592797/,"6,87,599"
61,Non-Accidental,1st Owner,"35,862",Petrol,31 May 2022,MANUAL,UP-32-x-xxxx,Zero Depreciation,Jan 2023,January 2020,Maruti,Baleno DELTA 1.2 K12 MANUAL,Lucknow,https://www.cars24.com/buy-used-maruti-baleno-2020-cars-lucknow-13225095777/,"6,79,599"
62,Non-Accidental,1st Owner,"88,104",Petrol,01 Jun 2022,MANUAL,UP-32-x-xxxx,Comprehensive,Nov 2022,June 2019,Maruti,Dzire VXI MANUAL,Lucknow,https://www.cars24.com/buy-used-maruti-dzire-2019-cars-lucknow-13297492791/,"6,79,199"
63,Non-Accidental,1st Owner,"9,912",Petrol,26 Jun 2022,MANUAL,UP-32-x-xxxx,3rd Party,Jul 2023,October 2021,Maruti,Baleno SIGMA 1.2 K12 MANUAL,Lucknow,https://www.cars24.com/buy-used-maruti-baleno-2021-cars-lucknow-13253993713/,"6,78,499"
64,Non-Accidental,1st Owner,"24,386",Petrol,08 Jun 2022,MANUAL,UP-44-x-xxxx,3rd Party,Jul 2023,March 2018,Hyundai,i20 Active 1.2 SX MANUAL,Lucknow,https://www.cars24.com/buy-used-hyundai-i20-active-2018-cars-lucknow-13298690777/,"6,74,799"
65,Non-Accidental,1st Owner,"45,039",Petrol,06 Jul 2022,AUTOMATIC,UP-32-x-xxxx,Comprehensive,Oct 2022,October 2014,Honda,City VX CVT PETROL AUTOMATIC,Lucknow,https://www.cars24.com/buy-used-honda-city-2014-cars-lucknow-13266290773/,"6,46,599"
66,Non-Accidental,1st Owner,"49,098",Petrol,04 Jul 2022,MANUAL,UP-32-x-xxxx,3rd Party,Jul 2023,February 2020,Maruti,Baleno DELTA 1.2 K12 MANUAL,Lucknow,https://www.cars24.com/buy-used-maruti-baleno-2020-cars-lucknow-1327514961/,"6,44,699"
67,Non-Accidental,1st Owner,"21,907",Petrol,23 Jun 2022,MANUAL,UP-32-x-xxxx,3rd Party,Jul 2023,June 2018,Maruti,Baleno DELTA 1.2 K12 MANUAL,Lucknow,https://www.cars24.com/buy-used-maruti-baleno-2018-cars-lucknow-1328442661/,"6,42,019"
68,Non-Accidental,1st Owner,"53,665",Petrol,19 May 2022,MANUAL,UP-32-x-xxxx,3rd Party,Jul 2023,April 2018,Maruti,Dzire VXI MANUAL,Lucknow,https://www.cars24.com/buy-used-maruti-dzire-2018-cars-lucknow-1326412262/,"6,40,299"
69,Non-Accidental,2nd Owner,"48,857",Petrol,05 Jul 2022,MANUAL,UP-32-x-xxxx,Third_party,Mar 2023,January 2020,Maruti,Dzire VXI MANUAL,Lucknow,https://www.cars24.com/buy-used-maruti-dzire-2020-cars-lucknow-1329424605/,"6,36,599"
70,Non-Accidental,1st Owner,"12,943",Petrol,29 Jun 2022,AUTOMATIC,UP-32-x-xxxx,3rd Party,Jul 2023,July 2020,Renault,TRIBER RXZ AT AUTOMATIC,Lucknow,https://www.cars24.com/buy-used-renault-triber-2020-cars-lucknow-13247998759/,"6,32,799"
71,Non-Accidental,2nd Owner,"60,872",Diesel,20 Jun 2022,MANUAL,UP-41-x-xxxx,3rd Party,Jul 2023,June 2016,Ford,Ecosport 1.5TITANIUM TDCI MANUAL,Lucknow,https://www.cars24.com/buy-used-ford-ecosport-2016-cars-lucknow-1320508563/,"6,32,299"
72,Non-Accidental,1st Owner,"24,545",Petrol,04 Jul 2022,MANUAL,UP-32-x-xxxx,3rd Party,Oct 2023,September 2020,Maruti,Baleno SIGMA 1.2 K12 MANUAL,Lucknow,https://www.cars24.com/buy-used-maruti-baleno-2020-cars-lucknow-1322510763/,"6,20,099"
73,Non-Accidental,2nd Owner,"29,598",Petrol,14 May 2022,MANUAL,UP-32-x-xxxx,3rd Party,Jul 2023,August 2017,Ford,Ecosport 1.5AMBIENTE TI VCT MANUAL,Lucknow,https://www.cars24.com/buy-used-ford-ecosport-2017-cars-lucknow-1320684806/,"6,11,099"
74,Non-Accidental,1st Owner,"61,140",Diesel,16 May 2022,MANUAL,UP-14-x-xxxx,3rd Party,Jul 2023,May 2017,Ford,Ecosport 1.5 TREND+ TDCI MANUAL,Lucknow,https://www.cars24.com/buy-used-ford-ecosport-2017-cars-lucknow-1123898062/,"6,10,799"
75,Non-Accidental,1st Owner,"64,198",Petrol,03 Jul 2022,MANUAL,UP-32-x-xxxx,3rd Party,Jul 2023,July 2018,Maruti,Baleno DELTA 1.2 K12 MANUAL,Lucknow,https://www.cars24.com/buy-used-maruti-baleno-2018-cars-lucknow-1321553468/,"6,10,199"
76,Non-Accidental,1st Owner,"94,388",Petrol,15 Jun 2022,MANUAL,UP-32-x-xxxx,3rd Party,Jul 2023,May 2018,Maruti,Baleno ZETA 1.2 K12 MANUAL,Lucknow,https://www.cars24.com/buy-used-maruti-baleno-2018-cars-lucknow-1320810265/,"6,04,699"
77,Non-Accidental,1st Owner,"48,734",Petrol,02 Jul 2022,MANUAL,UP-43-x-xxxx,3rd Party,Jul 2023,January 2017,Hyundai,i20 Active 1.2 SX MANUAL,Lucknow,https://www.cars24.com/buy-used-hyundai-i20-active-2017-cars-lucknow-13297999757/,"6,02,999"
78,Non-Accidental,2nd Owner,"30,410",Diesel,19 May 2022,MANUAL,UP-32-x-xxxx,3rd Party,Oct 2022,September 2016,Maruti,Vitara Brezza LDI OPT MANUAL,Lucknow,https://www.cars24.com/buy-used-maruti-vitara-brezza-2016-cars-lucknow-1329621969/,"6,02,299"
79,Non-Accidental,1st Owner,"14,655",Petrol,11 May 2022,MANUAL,UP-32-x-xxxx,Comprehensive,Oct 2022,September 2020,Maruti,Baleno SIGMA 1.2 K12 MANUAL,Lucknow,https://www.cars24.com/buy-used-maruti-baleno-2020-cars-lucknow-1324888866/,"5,97,399"
80,Non-Accidental,1st Owner,"34,449",Petrol,25 Jun 2022,AUTOMATIC,UP-32-x-xxxx,3rd Party,Jul 2023,May 2019,Hyundai,NEW SANTRO 1.1 SPORTS AMT AUTOMATIC,Lucknow,https://www.cars24.com/buy-used-hyundai-new-santro-2019-cars-lucknow-13232798798/,"5,84,399"
81,Non-Accidental,1st Owner,"14,834",Petrol,02 Jul 2022,MANUAL,UP-32-x-xxxx,3rd Party,Jul 2023,July 2018,Hyundai,Grand i10 SPORTZ 1.2 KAPPA VTVT MANUAL,Lucknow,https://www.cars24.com/buy-used-hyundai-grand-i10-2018-cars-lucknow-13279497754/,"5,80,599"
82,Non-Accidental,1st Owner,"6,142",Petrol,19 Jun 2022,MANUAL,UP-32-x-xxxx,3rd Party,Jul 2023,November 2019,Hyundai,Grand i10 SPORTZ 1.2 KAPPA VTVT MANUAL,Lucknow,https://www.cars24.com/buy-used-hyundai-grand-i10-2019-cars-lucknow-13256795775/,"5,80,599"
83,Non-Accidental,1st Owner,"12,317",Petrol,08 Jun 2022,MANUAL,UP-32-x-xxxx,Zero Depreciation,Jan 2023,March 2018,Hyundai,Grand i10 SPORTZ 1.2 KAPPA VTVT MANUAL,Lucknow,https://www.cars24.com/buy-used-hyundai-grand-i10-2018-cars-lucknow-13260295773/,"5,80,599"
84,Non-Accidental,1st Owner,"17,086",Petrol,21 Jun 2022,MANUAL,UP-32-x-xxxx,Zero Depreciation,May 2023,April 2018,Hyundai,Grand i10 SPORTZ 1.2 KAPPA VTVT MANUAL,Lucknow,https://www.cars24.com/buy-used-hyundai-grand-i10-2018-cars-lucknow-13295590716/,"5,80,599"
85,Non-Accidental,1st Owner,"34,289",Petrol,12 May 2022,AUTOMATIC,UP-32-x-xxxx,3rd Party,Jul 2023,February 2017,Honda,Jazz 1.2 V AT AUTOMATIC,Lucknow,https://www.cars24.com/buy-used-honda-jazz-2017-cars-lucknow-1328888760/,"5,79,799"
86,Non-Accidental,1st Owner,"7,934",Petrol,20 Jun 2022,MANUAL,UP-32-x-xxxx,3rd Party,Jul 2023,July 2021,Hyundai,NEW SANTRO SPORTZ 1.1 MANUAL,Lucknow,https://www.cars24.com/buy-used-hyundai-new-santro-2021-cars-lucknow-13201890718/,"5,79,399"
87,Non-Accidental,1st Owner,"14,888",Petrol,01 May 2022,MANUAL,UP-32-x-xxxx,3rd Party,Jul 2023,December 2019,Hyundai,Grand i10 SPORTZ 1.2 KAPPA VTVT MANUAL,Lucknow,https://www.cars24.com/buy-used-hyundai-grand-i10-2019-cars-lucknow-1323900462/,"5,75,999"
88,Non-Accidental,2nd Owner,"43,927",Diesel,08 Jun 2022,MANUAL,UP-32-x-xxxx,3rd Party,Jul 2023,January 2017,Tata,Zest XT QUADRAJET 90PS MANUAL,Lucknow,https://www.cars24.com/buy-used-tata-zest-2017-cars-lucknow-1329578708/,"5,75,599"
89,Non-Accidental,1st Owner,"65,305",Petrol,20 May 2022,MANUAL,UP-32-x-xxxx,3rd Party,Jul 2023,February 2018,Hyundai,Grand i10 SPORTZ 1.2 KAPPA VTVT MANUAL,Lucknow,https://www.cars24.com/buy-used-hyundai-grand-i10-2018-cars-lucknow-13275494792/,"5,70,899"
90,Non-Accidental,1st Owner,"2,497",Petrol,30 Jun 2022,MANUAL,UP-32-x-xxxx,3rd Party,Apr 2024,February 2021,Hyundai,GRAND I10 NIOS ERA PETROL MANUAL,Lucknow,https://www.cars24.com/buy-used-hyundai-grand-i10-nios-2021-cars-lucknow-13298796752/,"5,68,899"
91,Non-Accidental,1st Owner,"30,884",Petrol,24 May 2022,MANUAL,UP-53-x-xxxx,Comprehensive,Feb 2023,December 2016,Hyundai,Elite i20 ASTA 1.2 (O) MANUAL,Lucknow,https://www.cars24.com/buy-used-hyundai-elite-i20-2016-cars-lucknow-1321730166/,"5,66,899"
92,Non-Accidental,1st Owner,"36,012",Petrol,16 May 2022,MANUAL,UP-78-x-xxxx,3rd Party,Jul 2023,October 2019,Hyundai,Grand i10 ASTA 1.2 KAPPA VTVT MANUAL,Lucknow,https://www.cars24.com/buy-used-hyundai-grand-i10-2019-cars-lucknow-1326480768/,"5,66,342"
93,Non-Accidental,1st Owner,"35,806",Petrol,02 Jun 2022,MANUAL,UP-32-x-xxxx,3rd Party,Jul 2023,February 2020,Maruti,New Wagon-R VXI 1.0 MANUAL,Lucknow,https://www.cars24.com/buy-used-maruti-new--wagon-r-2020-cars-lucknow-13270492793/,"5,66,099"
94,Non-Accidental,1st Owner,"35,374",Petrol,11 May 2022,MANUAL,UP-32-x-xxxx,3rd Party,Jul 2023,February 2018,Hyundai,Grand i10 SPORTZ 1.2 KAPPA VTVT MANUAL,Lucknow,https://www.cars24.com/buy-used-hyundai-grand-i10-2018-cars-lucknow-1326480168/,"5,63,899"
95,Non-Accidental,1st Owner,"61,587",Petrol,20 May 2022,MANUAL,UP-41-x-xxxx,Comprehensive,Jan 2023,September 2016,Hyundai,Elite i20 SPORTZ 1.2 MANUAL,Lucknow,https://www.cars24.com/buy-used-hyundai-elite-i20-2016-cars-lucknow-1321896264/,"5,63,699"
96,Non-Accidental,1st Owner,"16,243",Petrol,13 May 2022,MANUAL,UP-41-x-xxxx,3rd Party,Jul 2023,October 2020,Maruti,New Wagon-R VXI 1.0 MANUAL,Lucknow,https://www.cars24.com/buy-used-maruti-new--wagon-r-2020-cars-lucknow-1326724168/,"5,62,299"
97,Non-Accidental,1st Owner,"8,292",Petrol,14 May 2022,MANUAL,UP-32-x-xxxx,3rd Party,Jul 2023,March 2019,Maruti,New Wagon-R VXI 1.0 MANUAL,Lucknow,https://www.cars24.com/buy-used-maruti-new--wagon-r-2019-cars-lucknow-1326556364/,"5,41,199"
98,Non-Accidental,1st Owner,"94,365",Petrol,24 Jun 2022,MANUAL,UP-32-x-xxxx,Comprehensive,May 2023,April 2018,Maruti,Swift VXI MANUAL,Lucknow,https://www.cars24.com/buy-used-maruti-swift-2018-cars-lucknow-13211791717/,"5,34,599"
99,Non-Accidental,1st Owner,"45,070",Petrol,24 Jun 2022,MANUAL,UP-78-x-xxxx,Comprehensive,Mar 2023,February 2018,Maruti,Swift VXI MANUAL,Lucknow,https://www.cars24.com/buy-used-maruti-swift-2018-cars-lucknow-13207394773/,"5,34,599"
100,Non-Accidental,2nd Owner,"12,237",Petrol,18 Jun 2022,MANUAL,UP-32-x-xxxx,3rd Party,Jul 2023,February 2019,Hyundai,NEW SANTRO SPORTZ 1.1 MANUAL,Lucknow,https://www.cars24.com/buy-used-hyundai-new-santro-2019-cars-lucknow-13238094798/,"5,31,149"
101,Non-Accidental,1st Owner,"73,541",Petrol,25 May 2022,MANUAL,UP-53-x-xxxx,3rd Party,Jul 2023,July 2016,Hyundai,Elite i20 MAGNA 1.2 MANUAL,Lucknow,https://www.cars24.com/buy-used-hyundai-elite-i20-2016-cars-lucknow-13235593799/,"5,12,799"
102,Non-Accidental,1st Owner,"48,487",Petrol,12 May 2022,MANUAL,UP-32-x-xxxx,Comprehensive,Jun 2023,March 2020,Tata,Tiago XT 1.2 REVOTRON MANUAL,Lucknow,https://www.cars24.com/buy-used-tata-tiago-2020-cars-lucknow-1324093260/,"5,11,699"
103,Non-Accidental,1st Owner,"53,342",Petrol,04 Jul 2022,MANUAL,UP-32-x-xxxx,Zero Depreciation,Oct 2022,October 2014,Hyundai,Elite i20 SPORTZ 1.2 MANUAL,Lucknow,https://www.cars24.com/buy-used-hyundai-elite-i20-2014-cars-lucknow-1322590365/,"5,08,799"
104,Non-Accidental,1st Owner,"3,900",Petrol,12 May 2022,MANUAL,UP-32-x-xxxx,3rd Party,Jul 2023,January 2019,Hyundai,NEW SANTRO 1.1 MAGNA MT MANUAL,Lucknow,https://www.cars24.com/buy-used-hyundai-new-santro-2019-cars-lucknow-1326010068/,"5,07,729"
105,Non-Accidental,1st Owner,"38,030",Petrol + CNG,20 Jun 2022,MANUAL,UP-32-x-xxxx,3rd Party,Jul 2023,October 2018,Hyundai,NEW SANTRO SPORTZ 1.1 MANUAL,Lucknow,https://www.cars24.com/buy-used-hyundai-new-santro-2018-cars-lucknow-1322056768/,"5,06,499"
106,Non-Accidental,1st Owner,"42,857",Petrol,20 Jun 2022,MANUAL,UP-32-x-xxxx,3rd Party,Jul 2023,July 2017,Maruti,IGNIS ZETA 1.2 K12 MANUAL,Lucknow,https://www.cars24.com/buy-used-maruti-ignis-2017-cars-lucknow-1320526260/,"5,00,299"
107,Non-Accidental,2nd Owner,"5,289",Petrol,11 May 2022,AUTOMATIC,UP-16-x-xxxx,3rd Party,Jul 2023,September 2019,Maruti,S PRESSO VXI PLUS AGS AUTOMATIC,Lucknow,https://www.cars24.com/buy-used-maruti-s-presso-2019-cars-lucknow-1323792568/,"4,87,599"
108,Non-Accidental,1st Owner,"21,320",Petrol,20 Jun 2022,MANUAL,UP-32-x-xxxx,Zero Depreciation,Apr 2023,March 2019,Hyundai,NEW SANTRO 1.1 MAGNA MT MANUAL,Lucknow,https://www.cars24.com/buy-used-hyundai-new-santro-2019-cars-lucknow-13255091795/,"4,86,699"
109,Non-Accidental,1st Owner,"22,683",Petrol,30 Jun 2022,AUTOMATIC,UP-32-x-xxxx,Comprehensive,Dec 2022,November 2018,Maruti,Celerio ZXI OPT AMT AUTOMATIC,Lucknow,https://www.cars24.com/buy-used-maruti-celerio-2018-cars-lucknow-13291993714/,"4,85,899"
110,Non-Accidental,1st Owner,"34,105",Petrol,18 May 2022,MANUAL,UP-42-x-xxxx,3rd Party,Jul 2023,June 2017,Hyundai,Grand i10 SPORTZ 1.2 KAPPA VTVT MANUAL,Lucknow,https://www.cars24.com/buy-used-hyundai-grand-i10-2017-cars-lucknow-1326868663/,"4,79,799"
111,Non-Accidental,1st Owner,"48,596",Petrol,30 Apr 2022,MANUAL,UP-32-x-xxxx,3rd Party,Jul 2023,July 2018,Hyundai,Grand i10 MAGNA 1.2 KAPPA VTVT MANUAL,Lucknow,https://www.cars24.com/buy-used-hyundai-grand-i10-2018-cars-lucknow-1325765964/,"4,78,294"
112,Non-Accidental,1st Owner,"41,179",Petrol,16 May 2022,MANUAL,UP-32-x-xxxx,3rd Party,Jul 2023,August 2017,Hyundai,Grand i10 MAGNA 1.2 KAPPA VTVT MANUAL,Lucknow,https://www.cars24.com/buy-used-hyundai-grand-i10-2017-cars-lucknow-1323890868/,"4,68,499"
113,Non-Accidental,2nd Owner,"73,940",Diesel,06 Jul 2022,MANUAL,UP-16-x-xxxx,Comprehensive,Oct 2022,March 2014,Hyundai,Verna FLUIDIC 1.6 SX CRDI MANUAL,Lucknow,https://www.cars24.com/buy-used-hyundai-verna-2014-cars-lucknow-1128947968/,"4,65,199"
114,Non-Accidental,2nd Owner,"37,532",Petrol,21 Jun 2022,MANUAL,UP-32-x-xxxx,3rd Party,Jul 2023,June 2016,Hyundai,Grand i10 SPORTZ 1.2 KAPPA VTVT MANUAL,Lucknow,https://www.cars24.com/buy-used-hyundai-grand-i10-2016-cars-lucknow-13291492716/,"4,63,599"
115,Non-Accidental,1st Owner,"53,837",Petrol,18 Jun 2022,MANUAL,UP-32-x-xxxx,3rd Party,Jul 2023,April 2016,Hyundai,Grand i10 SPORTZ 1.2 KAPPA VTVT MANUAL,Lucknow,https://www.cars24.com/buy-used-hyundai-grand-i10-2016-cars-lucknow-13206595774/,"4,54,699"
116,Non-Accidental,1st Owner,"57,596",Petrol,21 Jun 2022,MANUAL,UP-32-x-xxxx,3rd Party,Jul 2023,August 2016,Hyundai,Grand i10 SPORTZ 1.2 KAPPA VTVT MANUAL,Lucknow,https://www.cars24.com/buy-used-hyundai-grand-i10-2016-cars-lucknow-13285398717/,"4,51,299"
117,Non-Accidental,1st Owner,"3,735",Petrol,19 Jun 2022,MANUAL,UP-32-x-xxxx,Zero Depreciation,Dec 2022,December 2021,Maruti,Alto VXI PLUS MANUAL,Lucknow,https://www.cars24.com/buy-used-maruti-alto-2021-cars-lucknow-13242697713/,"4,48,499"
118,Non-Accidental,1st Owner,"59,291",Petrol,28 Jun 2022,MANUAL,UP-32-x-xxxx,Zero Depreciation,Oct 2022,August 2017,Hyundai,Grand i10 MAGNA 1.2 KAPPA VTVT MANUAL,Lucknow,https://www.cars24.com/buy-used-hyundai-grand-i10-2017-cars-lucknow-13253994717/,"4,47,399"
119,Non-Accidental,1st Owner,"83,647",Petrol,01 Jul 2022,MANUAL,UP-32-x-xxxx,3rd Party,Jul 2023,December 2018,Hyundai,Grand i10 Sportz(O) 1.2 MT MANUAL,Lucknow,https://www.cars24.com/buy-used-hyundai-grand-i10-2018-cars-lucknow-1325333948/,"4,46,399"
120,Non-Accidental,3rd Owner,"18,014",Petrol,19 Jun 2022,MANUAL,UP-32-x-xxxx,3rd Party,Jul 2023,March 2016,Hyundai,Grand i10 MAGNA 1.2 KAPPA VTVT MANUAL,Lucknow,https://www.cars24.com/buy-used-hyundai-grand-i10-2016-cars-lucknow-13250890791/,"4,38,999"
121,Non-Accidental,1st Owner,"8,889",Petrol,22 May 2022,MANUAL,UP-32-x-xxxx,3rd Party,Jul 2023,January 2019,Maruti,Alto K10 VXI MANUAL,Lucknow,https://www.cars24.com/buy-used-maruti-alto-k10-2019-cars-lucknow-1321536665/,"4,30,499"
122,Non-Accidental,1st Owner,"39,926",Petrol,09 Jun 2022,MANUAL,UP-32-x-xxxx,Comprehensive,Oct 2022,April 2015,Hyundai,Grand i10 SPORTZ 1.2 KAPPA VTVT MANUAL,Lucknow,https://www.cars24.com/buy-used-hyundai-grand-i10-2015-cars-lucknow-13248598778/,"4,26,599"
123,Non-Accidental,1st Owner,"2,746",Petrol,02 Jul 2022,MANUAL,UP-32-x-xxxx,Comprehensive,Oct 2022,September 2021,Maruti,Alto LXI MANUAL,Lucknow,https://www.cars24.com/buy-used-maruti-alto-2021-cars-lucknow-13266496759/,"4,22,999"
124,Non-Accidental,1st Owner,"7,341",Petrol,24 Jun 2022,MANUAL,UP-43-x-xxxx,3rd Party,Mar 2024,February 2021,Maruti,Alto LXI MANUAL,Lucknow,https://www.cars24.com/buy-used-maruti-alto-2021-cars-lucknow-1321386767/,"4,22,999"
125,Non-Accidental,1st Owner,"37,654",Petrol,12 Jun 2022,MANUAL,UP-32-x-xxxx,Comprehensive,Feb 2023,November 2020,Maruti,S PRESSO VXI PLUS MANUAL,Lucknow,https://www.cars24.com/buy-used-maruti-s-presso-2020-cars-lucknow-1329754969/,"4,22,699"
126,Non-Accidental,2nd Owner,"70,285",Petrol,12 May 2022,MANUAL,UP-32-x-xxxx,3rd Party,Jul 2023,March 2016,Hyundai,Grand i10 MAGNA 1.2 KAPPA VTVT MANUAL,Lucknow,https://www.cars24.com/buy-used-hyundai-grand-i10-2016-cars-lucknow-1322088366/,"4,17,699"
127,Non-Accidental,1st Owner,"2,366",Petrol,02 Jul 2022,MANUAL,UP-32-x-xxxx,3rd Party,Dec 2023,December 2021,Maruti,Alto LXI MANUAL,Lucknow,https://www.cars24.com/buy-used-maruti-alto-2021-cars-lucknow-13216190714/,"4,05,199"
128,Non-Accidental,1st Owner,939,Petrol,17 May 2022,MANUAL,UP-70-x-xxxx,3rd Party,Feb 2023,February 2020,Maruti,Alto LXI MANUAL,Lucknow,https://www.cars24.com/buy-used-maruti-alto-2020-cars-lucknow-1323730565/,"4,05,199"
129,Non-Accidental,1st Owner,"20,096",Petrol,26 Jun 2022,MANUAL,UP-32-x-xxxx,3rd Party,Jul 2023,August 2020,Maruti,Alto LXI MANUAL,Lucknow,https://www.cars24.com/buy-used-maruti-alto-2020-cars-lucknow-13295398793/,"3,93,199"
130,Non-Accidental,1st Owner,"17,016",Petrol,11 May 2022,MANUAL,UP-32-x-xxxx,3rd Party,Mar 2023,January 2020,Maruti,Alto LXI MANUAL,Lucknow,https://www.cars24.com/buy-used-maruti-alto-2020-cars-lucknow-1326272565/,"3,91,199"
131,Non-Accidental,2nd Owner,"45,793",Petrol,27 Jun 2022,AUTOMATIC,UP-32-x-xxxx,3rd Party,Jul 2023,September 2016,Maruti,Wagon R 1.0 VXI AMT AUTOMATIC,Lucknow,https://www.cars24.com/buy-used-maruti-wagon-r-1.0-2016-cars-lucknow-13297792779/,"3,88,799"
132,Non-Accidental,1st Owner,"26,112",Petrol,27 Jun 2022,MANUAL,UP-42-x-xxxx,3rd Party,Jul 2023,January 2019,Maruti,Alto K10 VXI MANUAL,Lucknow,https://www.cars24.com/buy-used-maruti-alto-k10-2019-cars-lucknow-1327541364/,"3,79,699"
133,Non-Accidental,1st Owner,"26,606",Petrol,11 Jun 2022,MANUAL,UP-32-x-xxxx,3rd Party,Mar 2023,February 2020,Maruti,Alto LXI MANUAL,Lucknow,https://www.cars24.com/buy-used-maruti-alto-2020-cars-lucknow-13241197799/,"3,78,099"
134,Non-Accidental,1st Owner,"37,659",Petrol,02 Jul 2022,MANUAL,UP-32-x-xxxx,3rd Party,Jul 2023,January 2017,Maruti,Alto K10 VXI MANUAL,Lucknow,https://www.cars24.com/buy-used-maruti-alto-k10-2017-cars-lucknow-13214199770/,"3,68,099"
