,history,owner,kilometers,fuel,last_service,transmission,registration,insurance_type,insurance_validity,year,brand,model,location,url,price
0,Non-Accidental,1st Owner,"28,904",Petrol,28 Jun 2022,AUTOMATIC,MH-31-x-xxxx,3rd Party,Feb 2023,February 2020,MG,HECTOR SHARP DCT PETROL AUTOMATIC,Nagpur,https://www.cars24.com/buy-used-mg-hector-2020-cars-nagpur-12301096779/,"17,83,799"
1,Non-Accidental,2nd Owner,"22,073",Petrol,28 Jun 2022,AUTOMATIC,MH-47-x-xxxx,3rd Party,Jul 2023,September 2019,MG,HECTOR SHARP DCT PETROL AUTOMATIC,Nagpur,https://www.cars24.com/buy-used-mg-hector-2019-cars-nagpur-1039665945/,"14,52,199"
2,Non-Accidental,2nd Owner,"43,822",Diesel,01 Jul 2022,MANUAL,MH-31-x-xxxx,3rd Party,Jul 2023,March 2019,Tata,Harrier XZ 2.0L Kryotec MANUAL,Nagpur,https://www.cars24.com/buy-used-tata-harrier-2019-cars-nagpur-12306791773/,"14,48,399"
3,Non-Accidental,1st Owner,"19,648",Diesel,01 Jul 2022,MANUAL,MH-01-x-xxxx,3rd Party,Jul 2023,February 2018,Jeep,Compass 2.0 LIMITED MANUAL,Nagpur,https://www.cars24.com/buy-used-jeep-compass-2018-cars-nagpur-1038758107/,"13,64,899"
4,Non-Accidental,1st Owner,"24,811",Petrol,07 Jul 2022,AUTOMATIC,MH-47-x-xxxx,3rd Party,Jul 2023,February 2018,Hyundai,Verna 1.6 SX VTVT AT (O) AUTOMATIC,Nagpur,https://www.cars24.com/buy-used-hyundai-verna-2018-cars-nagpur-1033225263/,"11,07,399"
5,Non-Accidental,1st Owner,"56,035",Diesel,26 Jun 2022,MANUAL,MH-14-x-xxxx,3rd Party,Jul 2023,March 2018,Hyundai,Creta 1.6 SX CRDI MANUAL,Nagpur,https://www.cars24.com/buy-used-hyundai-creta-2018-cars-nagpur-1062024905/,"10,60,599"
6,Non-Accidental,1st Owner,"76,751",Diesel,05 Jul 2022,MANUAL,MH-02-x-xxxx,3rd Party,Jul 2023,October 2018,Hyundai,Verna 1.6 SX (O) CRDI MT MANUAL,Nagpur,https://www.cars24.com/buy-used-hyundai-verna-2018-cars-nagpur-1032743541/,"10,32,479"
7,Non-Accidental,1st Owner,"28,125",Petrol,05 Jul 2022,AUTOMATIC,MH-31-x-xxxx,Comprehensive,Apr 2023,March 2017,Honda,City VX CVT PETROL AUTOMATIC,Nagpur,https://www.cars24.com/buy-used-honda-city-2017-cars-nagpur-12361492792/,"9,85,899"
8,Non-Accidental,1st Owner,"54,083",Diesel,25 Jun 2022,MANUAL,MH-40-x-xxxx,3rd Party,Jul 2023,May 2019,Ford,Ecosport 1.5TITANIUM TDCI MANUAL,Nagpur,https://www.cars24.com/buy-used-ford-ecosport-2019-cars-nagpur-12367993717/,"9,47,099"
9,Non-Accidental,1st Owner,"44,929",Diesel,30 Jun 2022,MANUAL,MH-14-x-xxxx,3rd Party,Jul 2023,May 2018,Maruti,Ertiga VDI SHVS MANUAL,Nagpur,https://www.cars24.com/buy-used-maruti-ertiga-2018-cars-nagpur-1061385264/,"9,38,099"
10,Non-Accidental,1st Owner,"50,196",Diesel,01 Jul 2022,MANUAL,MH-14-x-xxxx,3rd Party,Oct 2022,October 2019,Tata,NEXON XMA 1.5 MANUAL,Nagpur,https://www.cars24.com/buy-used-tata-nexon-2019-cars-nagpur-1067445849/,"9,11,099"
11,Non-Accidental,1st Owner,"5,937",Petrol,05 Jul 2022,AUTOMATIC,MH-02-x-xxxx,Comprehensive,Dec 2022,November 2019,Toyota,Glanza V CVT AUTOMATIC,Nagpur,https://www.cars24.com/buy-used-toyota-glanza-2019-cars-nagpur-1034065360/,"8,94,099"
12,Non-Accidental,1st Owner,"6,552",Petrol,04 Jul 2022,MANUAL,MH-31-x-xxxx,3rd Party,Jul 2023,July 2020,Hyundai,Elite i20 1.2 SPORTS PLUS VTVT MANUAL,Nagpur,https://www.cars24.com/buy-used-hyundai-elite-i20-2020-cars-nagpur-12381995714/,"7,74,999"
13,Non-Accidental,1st Owner,"12,284",Petrol,01 Jul 2022,MANUAL,MH-02-x-xxxx,3rd Party,Jul 2023,February 2019,Hyundai,Elite i20 ASTA 1.2 (O) MANUAL,Nagpur,https://www.cars24.com/buy-used-hyundai-elite-i20-2019-cars-nagpur-1036680441/,"7,23,999"
14,Non-Accidental,1st Owner,"94,307",Petrol,05 Jul 2022,AUTOMATIC,HR-26-x-xxxx,Zero Depreciation,Mar 2023,March 2015,Honda,City VX CVT PETROL AUTOMATIC,Nagpur,https://www.cars24.com/buy-used-honda-city-2015-cars-nagpur-12361990754/,"7,19,399"
15,Non-Accidental,1st Owner,"17,468",Petrol,04 Jul 2022,MANUAL,MH-05-x-xxxx,3rd Party,Jul 2023,February 2017,Honda,WR-V 1.2 i-VTEC VX MT MANUAL,Nagpur,https://www.cars24.com/buy-used-honda-wr-v-2017-cars-nagpur-1033119108/,"7,10,799"
16,Non-Accidental,1st Owner,"88,489",Diesel,30 Jun 2022,MANUAL,MH-49-x-xxxx,3rd Party,Jul 2023,April 2016,Maruti,Ciaz VDI+ SHVS MANUAL,Nagpur,https://www.cars24.com/buy-used-maruti-ciaz-2016-cars-nagpur-1239322444/,"6,97,899"
17,Non-Accidental,1st Owner,"93,396",Diesel,26 Jun 2022,MANUAL,MH-40-x-xxxx,3rd Party,Jul 2023,January 2017,Ford,Ecosport 1.5TITANIUM TDCI MANUAL,Nagpur,https://www.cars24.com/buy-used-ford-ecosport-2017-cars-nagpur-1238269906/,"6,91,299"
18,Non-Accidental,1st Owner,"20,060",Petrol,25 Jun 2022,MANUAL,MH-31-x-xxxx,3rd Party,Jul 2023,August 2018,Toyota,YARIS J MT MANUAL,Nagpur,https://www.cars24.com/buy-used-toyota-yaris-2018-cars-nagpur-1235573600/,"6,80,799"
19,Non-Accidental,1st Owner,"88,006",Diesel,28 Jun 2022,MANUAL,MH-31-x-xxxx,3rd Party,Jul 2023,January 2016,Maruti,Ciaz VDI+ SHVS MANUAL,Nagpur,https://www.cars24.com/buy-used-maruti-ciaz-2016-cars-nagpur-1232490228/,"6,75,799"
20,Non-Accidental,1st Owner,"8,573",Petrol,27 Jun 2022,MANUAL,MH-31-x-xxxx,Comprehensive,Oct 2022,October 2017,Maruti,Baleno DELTA 1.2 K12 MANUAL,Nagpur,https://www.cars24.com/buy-used-maruti-baleno-2017-cars-nagpur-12356398770/,"6,53,499"
21,Non-Accidental,2nd Owner,"79,324",Diesel,26 Jun 2022,MANUAL,MH-31-x-xxxx,3rd Party,Jul 2023,May 2018,Maruti,Baleno ZETA DDIS 190 MANUAL,Nagpur,https://www.cars24.com/buy-used-maruti-baleno-2018-cars-nagpur-1236520268/,"6,49,099"
22,Non-Accidental,1st Owner,"8,223",Petrol,03 Jul 2022,MANUAL,MH-27-x-xxxx,3rd Party,Jul 2023,June 2019,Hyundai,Grand i10 SPORTZ 1.2 KAPPA VTVT MANUAL,Nagpur,https://www.cars24.com/buy-used-hyundai-grand-i10-2019-cars-nagpur-12327597754/,"6,35,499"
23,Non-Accidental,1st Owner,"22,353",Petrol,26 Jun 2022,MANUAL,MH-06-x-xxxx,3rd Party,Jul 2023,April 2018,Maruti,Dzire VXI MANUAL,Nagpur,https://www.cars24.com/buy-used-maruti-dzire-2018-cars-nagpur-1235286504/,"6,34,799"
24,Non-Accidental,1st Owner,"24,648",Petrol,04 Jul 2022,MANUAL,MH-32-x-xxxx,Comprehensive,Oct 2022,April 2019,Hyundai,Grand i10 SPORTZ 1.2 KAPPA VTVT MANUAL,Nagpur,https://www.cars24.com/buy-used-hyundai-grand-i10-2019-cars-nagpur-1239746363/,"6,25,299"
25,Non-Accidental,1st Owner,"61,656",Petrol,02 Jul 2022,MANUAL,MH-40-x-xxxx,3rd Party,Jul 2023,April 2017,Hyundai,Elite i20 SPORTZ 1.2 MANUAL,Nagpur,https://www.cars24.com/buy-used-hyundai-elite-i20-2017-cars-nagpur-1230126167/,"6,16,099"
26,Non-Accidental,3rd Owner,"26,035",Petrol,29 Jun 2022,MANUAL,MH-31-x-xxxx,3rd Party,Jul 2023,March 2015,Honda,City VX MT PETROL MANUAL,Nagpur,https://www.cars24.com/buy-used-honda-city-2015-cars-nagpur-1236610562/,"6,13,299"
27,Non-Accidental,1st Owner,"14,552",Petrol,04 Jul 2022,MANUAL,MH-34-x-xxxx,3rd Party,Nov 2022,September 2019,Hyundai,GRAND I10 NIOS SPORTZ PETROL MANUAL,Nagpur,https://www.cars24.com/buy-used-hyundai-grand-i10-nios-2019-cars-nagpur-1237580266/,"6,07,599"
28,Non-Accidental,2nd Owner,"7,097",Petrol,06 Jul 2022,MANUAL,MH-01-x-xxxx,3rd Party,Dec 2022,January 2018,Hyundai,Elite i20 Magna Executive 1.2 MANUAL,Nagpur,https://www.cars24.com/buy-used-hyundai-elite-i20-2018-cars-nagpur-12335392717/,"5,86,699"
29,Non-Accidental,1st Owner,"5,634",Petrol,27 Jun 2022,MANUAL,MH-31-x-xxxx,3rd Party,May 2023,April 2017,Maruti,Swift VXI MANUAL,Nagpur,https://www.cars24.com/buy-used-maruti-swift-2017-cars-nagpur-12364998714/,"5,76,999"
30,Non-Accidental,1st Owner,"27,012",Petrol,27 Jun 2022,MANUAL,MH-49-x-xxxx,3rd Party,Jul 2023,January 2019,Maruti,New Wagon-R VXI 1.2L MANUAL,Nagpur,https://www.cars24.com/buy-used-maruti-new--wagon-r-2019-cars-nagpur-1233836066/,"5,72,799"
31,Non-Accidental,2nd Owner,"38,740",Petrol,02 Jul 2022,MANUAL,MH-02-x-xxxx,3rd Party,Jul 2023,January 2016,Maruti,Baleno ALPHA 1.2 K12 MANUAL,Nagpur,https://www.cars24.com/buy-used-maruti-baleno-2016-cars-nagpur-1037887748/,"5,37,799"
32,Non-Accidental,1st Owner,"7,256",Petrol,20 Jun 2022,AUTOMATIC,MH-31-x-xxxx,Zero Depreciation,Jan 2023,March 2018,Maruti,Wagon R 1.0 VXI AMT AUTOMATIC,Nagpur,https://www.cars24.com/buy-used-maruti-wagon-r-1.0-2018-cars-nagpur-12343491791/,"5,21,099"
33,Non-Accidental,1st Owner,"5,913",Petrol,28 Jun 2022,MANUAL,MH-02-x-xxxx,Comprehensive,Jan 2023,October 2019,Maruti,IGNIS SIGMA 1.2 K12 MANUAL,Nagpur,https://www.cars24.com/buy-used-maruti-ignis-2019-cars-nagpur-1235216460/,"5,14,199"
34,Non-Accidental,2nd Owner,"35,175",Petrol,30 Jun 2022,MANUAL,MH-05-x-xxxx,3rd Party,Jul 2023,March 2015,Hyundai,Elite i20 ASTA 1.2 (O) MANUAL,Nagpur,https://www.cars24.com/buy-used-hyundai-elite-i20-2015-cars-nagpur-1234542500/,"4,99,499"
35,Non-Accidental,3rd Owner,"31,115",Petrol,04 Jul 2022,AUTOMATIC,MH-47-x-xxxx,3rd Party,Jul 2023,July 2015,Hyundai,Grand i10 ASTA 1.2 AT VTVT AUTOMATIC,Nagpur,https://www.cars24.com/buy-used-hyundai-grand-i10-2015-cars-nagpur-1233936669/,"4,94,099"
36,Non-Accidental,1st Owner,"31,380",Petrol + CNG,25 Jun 2022,NA,MH-02-x-xxxx,3rd Party,Jul 2023,January 2019,Hyundai,NEW SANTRO 1.1 SPORTZ MT CNG,Nagpur,https://www.cars24.com/buy-used-hyundai-new-santro-2019-cars-nagpur-1233016264/,"4,93,599"
37,Non-Accidental,1st Owner,"22,108",Petrol,28 Jun 2022,MANUAL,MH-12-x-xxxx,3rd Party,Jul 2023,June 2014,Maruti,Swift VXI MANUAL,Nagpur,https://www.cars24.com/buy-used-maruti-swift-2014-cars-nagpur-1065815962/,"4,88,099"
38,Non-Accidental,2nd Owner,"38,470",Petrol,03 Jul 2022,AUTOMATIC,MH-27-x-xxxx,Comprehensive,Nov 2022,October 2018,Hyundai,NEW SANTRO 1.1 SPORTS AMT AUTOMATIC,Nagpur,https://www.cars24.com/buy-used-hyundai-new-santro-2018-cars-nagpur-1236834567/,"4,84,699"
39,Non-Accidental,2nd Owner,"16,066",Petrol,26 Jun 2022,MANUAL,MH-49-x-xxxx,Zero Depreciation,Mar 2023,December 2018,Hyundai,Grand i10 MAGNA 1.2 VTVT MANUAL,Nagpur,https://www.cars24.com/buy-used-hyundai-grand-i10-2018-cars-nagpur-12329893792/,"4,84,699"
40,Non-Accidental,1st Owner,"51,863",Petrol,06 Jul 2022,MANUAL,MH-36-x-xxxx,Zero Depreciation,Apr 2023,June 2018,Hyundai,Grand i10 MAGNA 1.2 VTVT MANUAL,Nagpur,https://www.cars24.com/buy-used-hyundai-grand-i10-2018-cars-nagpur-12300490716/,"4,84,599"
41,Non-Accidental,1st Owner,"29,164",Petrol,29 Jun 2022,MANUAL,MH-35-x-xxxx,Comprehensive,Nov 2022,December 2017,Maruti,Wagon R 1.0 VXI MANUAL,Nagpur,https://www.cars24.com/buy-used-maruti-wagon-r-1.0-2017-cars-nagpur-1238450862/,"4,62,299"
42,Non-Accidental,1st Owner,"31,221",Petrol,28 Jun 2022,MANUAL,TN-23-x-xxxx,3rd Party,Jul 2023,August 2017,Maruti,IGNIS SIGMA 1.2 K12 MANUAL,Nagpur,https://www.cars24.com/buy-used-maruti-ignis-2017-cars-nagpur-1592546109/,"4,57,099"
43,Non-Accidental,1st Owner,"14,498",Petrol,27 Jun 2022,AUTOMATIC,MH-35-x-xxxx,3rd Party,Jul 2023,June 2016,Maruti,Wagon R 1.0 VXI AMT AUTOMATIC,Nagpur,https://www.cars24.com/buy-used-maruti-wagon-r-1.0-2016-cars-nagpur-1235083166/,"4,50,499"
44,Non-Accidental,1st Owner,"59,684",Petrol,05 Jul 2022,MANUAL,MH-31-x-xxxx,3rd Party,Jul 2023,February 2014,Maruti,Swift Dzire VXI 1.2 BS IV MANUAL,Nagpur,https://www.cars24.com/buy-used-maruti-swift-dzire-2014-cars-nagpur-1230271706/,"4,47,599"
45,Non-Accidental,1st Owner,"43,201",Petrol,29 Jun 2022,MANUAL,MH-31-x-xxxx,Comprehensive,Jan 2023,January 2017,Maruti,Wagon R 1.0 VXI MANUAL,Nagpur,https://www.cars24.com/buy-used-maruti-wagon-r-1.0-2017-cars-nagpur-12310596771/,"4,43,499"
46,Non-Accidental,1st Owner,"22,541",Petrol,01 Jul 2022,MANUAL,MH-02-x-xxxx,3rd Party,Oct 2022,October 2014,Maruti,Swift VXI MANUAL,Nagpur,https://www.cars24.com/buy-used-maruti-swift-2014-cars-nagpur-1233329064/,"4,40,999"
47,Non-Accidental,1st Owner,"42,978",Petrol,04 Jul 2022,MANUAL,MH-40-x-xxxx,Zero Depreciation,Dec 2022,December 2018,Maruti,Wagon R 1.0 VXI MANUAL,Nagpur,https://www.cars24.com/buy-used-maruti-wagon-r-1.0-2018-cars-nagpur-1231366969/,"4,36,399"
48,Non-Accidental,1st Owner,"38,356",Petrol,05 Jul 2022,MANUAL,MH-36-x-xxxx,Comprehensive,Dec 2022,September 2019,Maruti,Eeco 5 STR WITH AC PLUSHTR MANUAL,Nagpur,https://www.cars24.com/buy-used-maruti-eeco-2019-cars-nagpur-1230751962/,"4,33,399"
49,Non-Accidental,2nd Owner,"70,465",Diesel,30 Jun 2022,MANUAL,MH-03-x-xxxx,3rd Party,Jul 2023,April 2012,Maruti,Swift Dzire VDI BS IV MANUAL,Nagpur,https://www.cars24.com/buy-used-maruti-swift-dzire-2012-cars-nagpur-1037537745/,"4,24,799"
50,Non-Accidental,1st Owner,"45,540",Petrol,07 Jul 2022,AUTOMATIC,MH-47-x-xxxx,3rd Party,Jul 2023,June 2016,Maruti,Wagon R 1.0 VXI AMT AUTOMATIC,Nagpur,https://www.cars24.com/buy-used-maruti-wagon-r-1.0-2016-cars-nagpur-1232400967/,"4,23,299"
51,Non-Accidental,1st Owner,"28,217",Petrol,01 Jul 2022,MANUAL,MH-47-x-xxxx,3rd Party,Jul 2023,April 2017,Maruti,Wagon R 1.0 VXI MANUAL,Nagpur,https://www.cars24.com/buy-used-maruti-wagon-r-1.0-2017-cars-nagpur-1238537762/,"4,13,920"
52,Non-Accidental,1st Owner,"31,799",Petrol,02 Jul 2022,MANUAL,MH-28-x-xxxx,3rd Party,Jul 2023,May 2019,Renault,Kwid RXL MANUAL,Nagpur,https://www.cars24.com/buy-used-renault-kwid-2019-cars-nagpur-1235766365/,"4,06,839"
53,Non-Accidental,1st Owner,"40,918",Petrol,03 Jul 2022,MANUAL,MH-40-x-xxxx,3rd Party,Jul 2023,January 2019,Renault,Kwid RXL MANUAL,Nagpur,https://www.cars24.com/buy-used-renault-kwid-2019-cars-nagpur-1232030763/,"4,03,499"
54,Non-Accidental,1st Owner,"25,851",Petrol,02 Jul 2022,AUTOMATIC,MH-31-x-xxxx,3rd Party,Jul 2023,March 2016,Maruti,Wagon R 1.0 VXI AMT AUTOMATIC,Nagpur,https://www.cars24.com/buy-used-maruti-wagon-r-1.0-2016-cars-nagpur-1232191162/,"3,98,699"
55,Non-Accidental,1st Owner,"49,098",Petrol,25 Jun 2022,MANUAL,MH-31-x-xxxx,Comprehensive,Apr 2023,February 2015,Maruti,Wagon R 1.0 VXI MANUAL,Nagpur,https://www.cars24.com/buy-used-maruti-wagon-r-1.0-2015-cars-nagpur-1232676263/,"3,91,699"
56,Non-Accidental,2nd Owner,"56,336",Petrol,05 Jul 2022,MANUAL,MH-01-x-xxxx,3rd Party,Jul 2023,January 2013,Maruti,Swift VXI MANUAL,Nagpur,https://www.cars24.com/buy-used-maruti-swift-2013-cars-nagpur-1239451068/,"3,91,599"
57,Non-Accidental,2nd Owner,"18,211",Petrol,25 Jun 2022,MANUAL,MH-14-x-xxxx,3rd Party,Jul 2023,January 2015,Maruti,Wagon R 1.0 VXI MANUAL,Nagpur,https://www.cars24.com/buy-used-maruti-wagon-r-1.0-2015-cars-nagpur-1238276700/,"3,71,099"
58,Non-Accidental,1st Owner,"96,935",Petrol,29 Jun 2022,MANUAL,MH-40-x-xxxx,Comprehensive,Nov 2022,September 2015,Maruti,Wagon R 1.0 VXI MANUAL,Nagpur,https://www.cars24.com/buy-used-maruti-wagon-r-1.0-2015-cars-nagpur-1237294069/,"3,70,199"
59,Non-Accidental,1st Owner,"65,721",Petrol,06 Jul 2022,MANUAL,MH-49-x-xxxx,3rd Party,Jul 2023,July 2015,Maruti,Wagon R 1.0 VXI MANUAL,Nagpur,https://www.cars24.com/buy-used-maruti-wagon-r-1.0-2015-cars-nagpur-1230385060/,"3,69,999"
60,Non-Accidental,2nd Owner,"43,350",Petrol,27 Jun 2022,MANUAL,MH-31-x-xxxx,3rd Party,Jul 2023,July 2016,Maruti,Wagon R 1.0 VXI MANUAL,Nagpur,https://www.cars24.com/buy-used-maruti-wagon-r-1.0-2016-cars-nagpur-1235131365/,"3,62,599"
61,Non-Accidental,1st Owner,"17,759",Petrol,29 Jun 2022,MANUAL,MH-49-x-xxxx,3rd Party,Jul 2023,February 2018,Maruti,Alto 800 LXI MANUAL,Nagpur,https://www.cars24.com/buy-used-maruti-alto-800-2018-cars-nagpur-12326494796/,"3,51,455"
62,Non-Accidental,1st Owner,"13,433",Petrol,29 Jun 2022,MANUAL,MH-40-x-xxxx,3rd Party,Dec 2022,October 2018,Maruti,Alto 800 LXI MANUAL,Nagpur,https://www.cars24.com/buy-used-maruti-alto-800-2018-cars-nagpur-1237473464/,"3,43,299"
63,Non-Accidental,3rd Owner,"33,906",Petrol,02 Jul 2022,MANUAL,MH-31-x-xxxx,3rd Party,Jul 2023,July 2015,Maruti,Wagon R 1.0 VXI MANUAL,Nagpur,https://www.cars24.com/buy-used-maruti-wagon-r-1.0-2015-cars-nagpur-1235648362/,"3,43,199"
64,Non-Accidental,1st Owner,"39,892",Petrol,28 Jun 2022,MANUAL,MH-49-x-xxxx,Comprehensive,Mar 2023,February 2018,Maruti,Alto 800 LXI MANUAL,Nagpur,https://www.cars24.com/buy-used-maruti-alto-800-2018-cars-nagpur-1237294966/,"3,36,799"
65,Non-Accidental,2nd Owner,"55,256",Petrol,03 Jul 2022,MANUAL,MH-48-x-xxxx,3rd Party,Jul 2023,December 2015,Maruti,Wagon R 1.0 VXI MANUAL,Nagpur,https://www.cars24.com/buy-used-maruti-wagon-r-1.0-2015-cars-nagpur-1235558262/,"3,35,899"
66,Non-Accidental,1st Owner,"39,411",Petrol,07 Jul 2022,MANUAL,MH-46-x-xxxx,Zero Depreciation,Nov 2022,September 2017,Renault,Kwid RXT MANUAL,Nagpur,https://www.cars24.com/buy-used-renault-kwid-2017-cars-nagpur-1035597367/,"3,33,999"
67,Non-Accidental,1st Owner,"53,486",Petrol,01 Jul 2022,MANUAL,MH-35-x-xxxx,3rd Party,Jul 2023,February 2018,Maruti,Alto 800 LXI MANUAL,Nagpur,https://www.cars24.com/buy-used-maruti-alto-800-2018-cars-nagpur-1236923960/,"3,33,699"
68,Non-Accidental,1st Owner,"55,035",Petrol,30 Jun 2022,MANUAL,MH-49-x-xxxx,3rd Party,Jul 2023,February 2018,Maruti,Alto 800 LXI MANUAL,Nagpur,https://www.cars24.com/buy-used-maruti-alto-800-2018-cars-nagpur-1239811463/,"3,28,899"
69,Non-Accidental,1st Owner,"24,431",Petrol,04 Jul 2022,MANUAL,MH-31-x-xxxx,3rd Party,Feb 2023,January 2017,Maruti,Alto 800 LXI MANUAL,Nagpur,https://www.cars24.com/buy-used-maruti-alto-800-2017-cars-nagpur-1235674160/,"3,20,999"
70,Non-Accidental,1st Owner,"21,995",Petrol,30 Jun 2022,MANUAL,MH-49-x-xxxx,3rd Party,Jul 2023,May 2018,Maruti,Alto 800 LXI MANUAL,Nagpur,https://www.cars24.com/buy-used-maruti-alto-800-2018-cars-nagpur-1239346102/,"3,19,199"
71,Non-Accidental,1st Owner,"56,872",Petrol,17 May 2022,MANUAL,MH-40-x-xxxx,3rd Party,Jul 2023,February 2019,Maruti,Alto 800 LXI MANUAL,Nagpur,https://www.cars24.com/buy-used-maruti-alto-800-2019-cars-nagpur-1234485465/,"3,12,499"
72,Non-Accidental,1st Owner,"1,17,415",Petrol,02 Jul 2022,MANUAL,MH-49-x-xxxx,3rd Party,Jul 2023,November 2014,Maruti,Wagon R 1.0 VXI MANUAL,Nagpur,https://www.cars24.com/buy-used-maruti-wagon-r-1.0-2014-cars-nagpur-1232498603/,"3,11,199"
73,Non-Accidental,2nd Owner,"23,910",Petrol,25 Jun 2022,MANUAL,MH-31-x-xxxx,Comprehensive,Jan 2023,January 2017,Maruti,Alto 800 VXI MANUAL,Nagpur,https://www.cars24.com/buy-used-maruti-alto-800-2017-cars-nagpur-1238832266/,"3,09,599"
74,Non-Accidental,1st Owner,"23,026",Petrol,07 Jul 2022,MANUAL,MH-31-x-xxxx,3rd Party,Jul 2023,February 2016,Maruti,Alto 800 LXI MANUAL,Nagpur,https://www.cars24.com/buy-used-maruti-alto-800-2016-cars-nagpur-1235926567/,"3,08,199"
75,Non-Accidental,1st Owner,"63,653",Petrol,26 Jun 2022,MANUAL,MH-31-x-xxxx,Comprehensive,Jan 2023,May 2017,Maruti,Alto 800 LXI MANUAL,Nagpur,https://www.cars24.com/buy-used-maruti-alto-800-2017-cars-nagpur-1237285665/,"2,99,999"
76,Non-Accidental,1st Owner,"66,519",Petrol,05 Jul 2022,MANUAL,MH-31-x-xxxx,3rd Party,Jul 2023,June 2017,Renault,Kwid RXL MANUAL,Nagpur,https://www.cars24.com/buy-used-renault-kwid-2017-cars-nagpur-12362091778/,"2,99,899"
77,Non-Accidental,2nd Owner,"49,606",Petrol,04 Jul 2022,MANUAL,MH-31-x-xxxx,3rd Party,Jul 2023,March 2016,Maruti,Alto 800 LXI MANUAL,Nagpur,https://www.cars24.com/buy-used-maruti-alto-800-2016-cars-nagpur-1236990662/,"2,92,799"
