,history,owner,kilometers,fuel,last_service,transmission,registration,insurance_type,insurance_validity,year,brand,model,location,url,price
0,Non-Accidental,1st Owner,"44,155",Diesel,28 Jun 2022,AUTOMATIC,BR-01-x-xxxx,3rd Party,Jul 2023,April 2017,Ford,Endeavour 3.2l 4X4 AT Titanium AUTOMATIC,Patna,https://www.cars24.com/buy-used-ford-endeavour-2017-cars-patna-1446090808/,"23,53,899"
1,Non-Accidental,1st Owner,"6,707",Petrol,03 Jul 2022,AUTOMATIC,BR-01-x-xxxx,3rd Party,Nov 2023,March 2020,MG,HECTOR SMART DCT PETROL AUTOMATIC,Patna,https://www.cars24.com/buy-used-mg-hector-2020-cars-patna-1440927606/,"14,90,299"
2,Non-Accidental,1st Owner,"22,886",Diesel,30 Jun 2022,MANUAL,BR-01-x-xxxx,3rd Party,Jul 2023,August 2018,Jeep,Compass 2.0 SPORT MANUAL,Patna,https://www.cars24.com/buy-used-jeep-compass-2018-cars-patna-1446768367/,"11,93,499"
3,Non-Accidental,1st Owner,"22,602",Diesel,02 Jul 2022,MANUAL,BR-01-x-xxxx,3rd Party,Jul 2023,January 2018,Jeep,Compass 2.0 LONGITUDE (O) MANUAL,Patna,https://www.cars24.com/buy-used-jeep-compass-2018-cars-patna-1448029464/,"11,45,099"
4,Non-Accidental,1st Owner,"49,349",Diesel,03 Jul 2022,MANUAL,BR-01-x-xxxx,3rd Party,Jul 2023,November 2017,Jeep,Compass 2.0 LIMITED MANUAL,Patna,https://www.cars24.com/buy-used-jeep-compass-2017-cars-patna-1447483644/,"10,90,199"
5,Non-Accidental,1st Owner,"7,946",Petrol,06 Jul 2022,MANUAL,BR-01-x-xxxx,3rd Party,Jul 2023,August 2019,KIA,SELTOS HTK PLUS 1.5 PETROL MANUAL,Patna,https://www.cars24.com/buy-used-kia-seltos-2019-cars-patna-1447914842/,"10,36,199"
6,Non-Accidental,1st Owner,"22,147",Petrol,04 Jul 2022,MANUAL,BR-01-x-xxxx,3rd Party,Jul 2023,February 2019,Hyundai,Verna 1.6 SX VTVT (O) MANUAL,Patna,https://www.cars24.com/buy-used-hyundai-verna-2019-cars-patna-1443713662/,"10,30,799"
7,Non-Accidental,1st Owner,"15,425",Petrol,28 Jun 2022,MANUAL,BR-01-x-xxxx,3rd Party,Jul 2023,November 2019,KIA,SELTOS HTK PLUS 1.5 PETROL MANUAL,Patna,https://www.cars24.com/buy-used-kia-seltos-2019-cars-patna-1443487907/,"10,17,999"
8,Non-Accidental,1st Owner,"26,438",Petrol,05 Jul 2022,MANUAL,BR-01-x-xxxx,3rd Party,Jul 2023,January 2018,Honda,City V MT PETROL MANUAL,Patna,https://www.cars24.com/buy-used-honda-city-2018-cars-patna-1445669206/,"8,09,799"
9,Non-Accidental,1st Owner,"47,736",Diesel,03 Jul 2022,MANUAL,BR-01-x-xxxx,3rd Party,Jul 2023,May 2018,Ford,Ecosport 1.5 TITANIUM SIGNATURE (SUNROOF) TDCI MANUAL,Patna,https://www.cars24.com/buy-used-ford-ecosport-2018-cars-patna-1440040963/,"7,98,199"
10,Non-Accidental,1st Owner,"44,646",Diesel,28 Jun 2022,MANUAL,BR-01-x-xxxx,3rd Party,Jul 2023,April 2016,Maruti,Vitara Brezza ZDI PLUS DUAL TONE MANUAL,Patna,https://www.cars24.com/buy-used-maruti-vitara-brezza-2016-cars-patna-1447704005/,"7,37,299"
11,Non-Accidental,1st Owner,"35,424",Diesel,28 Jun 2022,MANUAL,BR-01-x-xxxx,3rd Party,Jul 2023,January 2017,Ford,Ecosport 1.5 AMBIENTE TDCI MANUAL,Patna,https://www.cars24.com/buy-used-ford-ecosport-2017-cars-patna-1447869605/,"7,34,499"
12,Non-Accidental,2nd Owner,"50,601",Diesel,02 Jul 2022,MANUAL,BR-01-x-xxxx,3rd Party,Jul 2023,January 2016,Maruti,Vitara Brezza VDI MANUAL,Patna,https://www.cars24.com/buy-used-maruti-vitara-brezza-2016-cars-patna-1440717204/,"6,42,399"
13,Non-Accidental,1st Owner,"5,827",Petrol,04 Jul 2022,MANUAL,BR-01-x-xxxx,3rd Party,Jul 2023,April 2018,Maruti,Baleno DELTA 1.2 K12 MANUAL,Patna,https://www.cars24.com/buy-used-maruti-baleno-2018-cars-patna-1442326042/,"6,20,799"
14,Non-Accidental,1st Owner,"33,982",Diesel,05 Jul 2022,AUTOMATIC,BR-01-x-xxxx,3rd Party,Jul 2023,February 2018,Maruti,Dzire VDI AMT AUTOMATIC,Patna,https://www.cars24.com/buy-used-maruti-dzire-2018-cars-patna-1448971164/,"6,09,499"
15,Non-Accidental,1st Owner,"21,244",Petrol,29 Jun 2022,MANUAL,BR-01-x-xxxx,3rd Party,Jul 2023,August 2017,Honda,WR-V 1.2 i-VTEC S MT MANUAL,Patna,https://www.cars24.com/buy-used-honda-wr-v-2017-cars-patna-1448455206/,"5,76,499"
16,Non-Accidental,1st Owner,"28,502",Petrol,28 Jun 2022,MANUAL,BR-01-x-xxxx,3rd Party,Jul 2023,March 2018,Maruti,Swift ZXI MANUAL,Patna,https://www.cars24.com/buy-used-maruti-swift-2018-cars-patna-1448859706/,"5,72,899"
17,Non-Accidental,1st Owner,"38,765",Petrol,02 Jul 2022,MANUAL,BR-31-x-xxxx,3rd Party,Feb 2023,April 2018,Tata,NEXON XM 1.2 MANUAL,Patna,https://www.cars24.com/buy-used-tata-nexon-2018-cars-patna-1444883364/,"5,65,699"
18,Non-Accidental,1st Owner,"50,957",Petrol,28 Jun 2022,MANUAL,BR-31-x-xxxx,3rd Party,Feb 2023,January 2020,Hyundai,GRAND I10 NIOS 1.2 Kappa Sports MT MANUAL,Patna,https://www.cars24.com/buy-used-hyundai-grand-i10-nios-2020-cars-patna-1441265863/,"5,62,299"
19,Non-Accidental,1st Owner,"53,115",Petrol,30 Jun 2022,MANUAL,BR-01-x-xxxx,3rd Party,Jul 2023,June 2017,Maruti,Baleno ZETA 1.2 K12 MANUAL,Patna,https://www.cars24.com/buy-used-maruti-baleno-2017-cars-patna-1444888262/,"5,49,699"
20,Non-Accidental,1st Owner,"55,821",Diesel,25 Jun 2022,MANUAL,BR-01-x-xxxx,3rd Party,Jul 2023,January 2015,Ford,Ecosport 1.5 TREND TDCI MANUAL,Patna,https://www.cars24.com/buy-used-ford-ecosport-2015-cars-patna-1449053307/,"5,33,399"
21,Non-Accidental,1st Owner,"11,597",Petrol,28 Jun 2022,MANUAL,BR-01-x-xxxx,3rd Party,Jul 2023,January 2019,Maruti,IGNIS ALPHA 1.2 K12 MANUAL,Patna,https://www.cars24.com/buy-used-maruti-ignis-2019-cars-patna-1444795465/,"5,20,399"
22,Non-Accidental,1st Owner,"32,833",Diesel,03 Jul 2022,MANUAL,BR-01-x-xxxx,Comprehensive,Mar 2023,February 2015,Nissan,Terrano XL PLUS 85 PS DEISEL MANUAL,Patna,https://www.cars24.com/buy-used-nissan-terrano-2015-cars-patna-14427894779/,"5,13,699"
23,Non-Accidental,1st Owner,"29,068",Petrol,30 Jun 2022,MANUAL,BR-01-x-xxxx,3rd Party,Jul 2023,January 2016,Maruti,Baleno DELTA 1.2 K12 MANUAL,Patna,https://www.cars24.com/buy-used-maruti-baleno-2016-cars-patna-1445774300/,"5,09,299"
24,Non-Accidental,1st Owner,"50,983",Diesel,02 Jul 2022,MANUAL,BR-01-x-xxxx,3rd Party,Jul 2023,July 2016,Maruti,Swift Dzire VDI ABS MANUAL,Patna,https://www.cars24.com/buy-used-maruti-swift-dzire-2016-cars-patna-1441112748/,"4,89,499"
25,Non-Accidental,1st Owner,"36,021",Petrol,25 Jun 2022,MANUAL,BR-01-x-xxxx,3rd Party,Jul 2023,October 2016,Maruti,Baleno DELTA 1.2 K12 MANUAL,Patna,https://www.cars24.com/buy-used-maruti-baleno-2016-cars-patna-1447183443/,"4,78,899"
26,Non-Accidental,1st Owner,"20,323",Petrol,04 Jul 2022,AUTOMATIC,BR-01-x-xxxx,3rd Party,Jul 2023,March 2017,Maruti,IGNIS ZETA 1.2 K12 AMT AUTOMATIC,Patna,https://www.cars24.com/buy-used-maruti-ignis-2017-cars-patna-1446032106/,"4,55,299"
27,Non-Accidental,1st Owner,"85,713",Petrol,26 Jun 2022,MANUAL,BR-01-x-xxxx,3rd Party,Jul 2023,May 2015,Hyundai,Elite i20 ASTA 1.2 MANUAL,Patna,https://www.cars24.com/buy-used-hyundai-elite-i20-2015-cars-patna-1447188446/,"4,54,299"
28,Non-Accidental,1st Owner,"80,932",Diesel,01 Jul 2022,MANUAL,BR-01-x-xxxx,3rd Party,Jul 2023,January 2013,Nissan,Terrano XV 110 DIESEL MANUAL,Patna,https://www.cars24.com/buy-used-nissan-terrano-2013-cars-patna-1446688201/,"4,52,899"
29,Non-Accidental,1st Owner,"17,885",Petrol,04 Jul 2022,AUTOMATIC,BR-01-x-xxxx,3rd Party,Jan 2023,March 2018,Maruti,Celerio VXI AMT AUTOMATIC,Patna,https://www.cars24.com/buy-used-maruti-celerio-2018-cars-patna-1442264860/,"4,51,099"
30,Non-Accidental,1st Owner,"31,125",Petrol,06 Jul 2022,MANUAL,BR-31-x-xxxx,3rd Party,Jul 2023,December 2019,Hyundai,NEW SANTRO SPORTZ 1.1 MANUAL,Patna,https://www.cars24.com/buy-used-hyundai-new-santro-2019-cars-patna-1443253066/,"4,50,399"
31,Non-Accidental,1st Owner,"7,085",Petrol,01 Jul 2022,MANUAL,BR-31-x-xxxx,3rd Party,Jul 2023,October 2018,Hyundai,NEW SANTRO SPORTZ 1.1 MANUAL,Patna,https://www.cars24.com/buy-used-hyundai-new-santro-2018-cars-patna-1442067768/,"4,49,599"
32,Non-Accidental,1st Owner,"43,286",Diesel,01 Jul 2022,MANUAL,BR-01-x-xxxx,3rd Party,Nov 2022,October 2015,Honda,Jazz 1.5 VX I DTEC MANUAL,Patna,https://www.cars24.com/buy-used-honda-jazz-2015-cars-patna-1440323167/,"4,46,199"
33,Non-Accidental,1st Owner,"11,499",Petrol,02 Jul 2022,MANUAL,BR-31-x-xxxx,3rd Party,Apr 2023,October 2018,Hyundai,NEW SANTRO ASTA 1.1 MT MANUAL,Patna,https://www.cars24.com/buy-used-hyundai-new-santro-2018-cars-patna-14422595713/,"4,43,499"
34,Non-Accidental,1st Owner,"81,795",Diesel,04 Jul 2022,MANUAL,BR-01-x-xxxx,3rd Party,Jul 2023,April 2017,Maruti,Swift Dzire LDI BS IV MANUAL,Patna,https://www.cars24.com/buy-used-maruti-swift-dzire-2017-cars-patna-1443643609/,"4,41,199"
35,Non-Accidental,1st Owner,"31,324",Petrol,30 Jun 2022,MANUAL,BR-31-x-xxxx,3rd Party,Jul 2023,January 2015,Maruti,Swift VXI MANUAL,Patna,https://www.cars24.com/buy-used-maruti-swift-2015-cars-patna-1442137368/,"4,41,099"
36,Non-Accidental,1st Owner,"65,162",Petrol,03 Jul 2022,MANUAL,BR-01-x-xxxx,3rd Party,Jul 2023,February 2017,Maruti,Swift VXI MANUAL,Patna,https://www.cars24.com/buy-used-maruti-swift-2017-cars-patna-1446643561/,"4,40,299"
37,Non-Accidental,1st Owner,"45,392",Petrol,06 Jul 2022,MANUAL,BR-01-x-xxxx,3rd Party,Jul 2023,April 2017,Maruti,IGNIS DELTA 1.2 K12 MANUAL,Patna,https://www.cars24.com/buy-used-maruti-ignis-2017-cars-patna-1440465065/,"4,30,349"
38,Non-Accidental,1st Owner,"36,551",Petrol,30 Jun 2022,MANUAL,BR-01-x-xxxx,3rd Party,May 2023,January 2020,Renault,Kwid 1.0 RXT Opt MANUAL,Patna,https://www.cars24.com/buy-used-renault-kwid-2020-cars-patna-1443335864/,"4,21,199"
39,Non-Accidental,2nd Owner,"11,645",Petrol,30 Jun 2022,MANUAL,BR-01-x-xxxx,Comp,Oct 2022,October 2017,Volkswagen,Ameo COMFORTLINE 1.2 MANUAL,Patna,https://www.cars24.com/buy-used-volkswagen-ameo-2017-cars-patna-1447727460/,"4,04,899"
40,Non-Accidental,2nd Owner,"48,383",Petrol,06 Jul 2022,MANUAL,BR-01-x-xxxx,3rd Party,Jul 2023,January 2016,Maruti,Swift VXI MANUAL,Patna,https://www.cars24.com/buy-used-maruti-swift-2016-cars-patna-1444127267/,"4,02,099"
41,Non-Accidental,1st Owner,"14,819",Petrol,01 Jul 2022,MANUAL,BR-01-x-xxxx,Comprehensive,Mar 2023,February 2019,Maruti,Alto K10 VXI MANUAL,Patna,https://www.cars24.com/buy-used-maruti-alto-k10-2019-cars-patna-14429696770/,"3,93,099"
42,Non-Accidental,1st Owner,"91,997",Petrol,03 Jul 2022,MANUAL,BR-01-x-xxxx,3rd Party,Jul 2023,December 2016,Maruti,Swift Dzire LXI 1.2 BS IV MANUAL,Patna,https://www.cars24.com/buy-used-maruti-swift-dzire-2016-cars-patna-1449420445/,"3,93,099"
43,Non-Accidental,1st Owner,"26,030",Petrol,06 Jul 2022,MANUAL,BR-06-x-xxxx,3rd Party,Jul 2023,August 2017,Maruti,Wagon R 1.0 VXI MANUAL,Patna,https://www.cars24.com/buy-used-maruti-wagon-r-1.0-2017-cars-patna-1449763966/,"3,90,399"
44,Non-Accidental,1st Owner,"6,210",Petrol,04 Jul 2022,MANUAL,BR-01-x-xxxx,Comprehensive,Nov 2022,January 2015,Maruti,Wagon R 1.0 VXI MANUAL,Patna,https://www.cars24.com/buy-used-maruti-wagon-r-1.0-2015-cars-patna-1448036464/,"3,87,799"
45,Non-Accidental,1st Owner,"58,323",Diesel,02 Jul 2022,MANUAL,BR-01-x-xxxx,3rd Party,Jul 2023,January 2015,Honda,Amaze 1.5 SMT I DTEC MANUAL,Patna,https://www.cars24.com/buy-used-honda-amaze-2015-cars-patna-1446274440/,"3,83,599"
46,Non-Accidental,1st Owner,"17,920",Petrol,05 Jul 2022,MANUAL,BR-01-x-xxxx,3rd Party,Jul 2023,July 2016,Maruti,Wagon R 1.0 VXI MANUAL,Patna,https://www.cars24.com/buy-used-maruti-wagon-r-1.0-2016-cars-patna-1441068860/,"3,80,499"
47,Non-Accidental,1st Owner,"32,010",Diesel,04 Jul 2022,MANUAL,BR-01-x-xxxx,3rd Party,Jul 2023,July 2014,Honda,Amaze 1.5 SMT I DTEC MANUAL,Patna,https://www.cars24.com/buy-used-honda-amaze-2014-cars-patna-1443567061/,"3,79,699"
48,Non-Accidental,1st Owner,"33,567",Petrol,05 Jul 2022,MANUAL,BR-01-x-xxxx,3rd Party,Jul 2023,June 2017,Maruti,Celerio ZXI MANUAL,Patna,https://www.cars24.com/buy-used-maruti-celerio-2017-cars-patna-1445025064/,"3,76,199"
49,Non-Accidental,2nd Owner,"58,481",Petrol,28 Jun 2022,MANUAL,BR-01-x-xxxx,Comprehensive,Dec 2022,October 2014,Honda,Amaze 1.2 EMT I VTEC MANUAL,Patna,https://www.cars24.com/buy-used-honda-amaze-2014-cars-patna-1449591866/,"3,75,699"
50,Non-Accidental,2nd Owner,"58,939",Petrol,06 Jul 2022,MANUAL,BR-01-x-xxxx,3rd Party,Jul 2023,September 2011,Hyundai,Verna FLUIDIC 1.6 SX VTVT MANUAL,Patna,https://www.cars24.com/buy-used-hyundai-verna-2011-cars-patna-1445140143/,"3,71,599"
51,Non-Accidental,1st Owner,"1,23,014",Diesel,02 Jul 2022,MANUAL,BR-01-x-xxxx,3rd Party,Jul 2023,January 2012,Maruti,Swift Dzire VDI BS IV MANUAL,Patna,https://www.cars24.com/buy-used-maruti-swift-dzire-2012-cars-patna-1446467700/,"3,58,899"
52,Non-Accidental,1st Owner,"28,106",Petrol,01 Jul 2022,MANUAL,BR-01-x-xxxx,3rd Party,Jul 2023,August 2016,Maruti,Wagon R 1.0 VXI MANUAL,Patna,https://www.cars24.com/buy-used-maruti-wagon-r-1.0-2016-cars-patna-1444748367/,"3,50,459"
53,Non-Accidental,1st Owner,"16,820",Petrol,05 Jul 2022,MANUAL,BR-01-x-xxxx,Comprehensive,Dec 2022,December 2015,Maruti,Wagon R 1.0 VXI MANUAL,Patna,https://www.cars24.com/buy-used-maruti-wagon-r-1.0-2015-cars-patna-1443668160/,"3,50,199"
54,Non-Accidental,1st Owner,"1,71,171",Petrol,05 Jul 2022,MANUAL,BR-01-x-xxxx,3rd Party,Jul 2023,May 2014,Maruti,Swift VXI MANUAL,Patna,https://www.cars24.com/buy-used-maruti-swift-2014-cars-patna-1440138602/,"3,34,299"
55,Non-Accidental,1st Owner,"25,978",Petrol,28 Jun 2022,MANUAL,BR-01-x-xxxx,3rd Party,Jul 2023,November 2018,Renault,Kwid CLIMBER 1.0 MANUAL,Patna,https://www.cars24.com/buy-used-renault-kwid-2018-cars-patna-1445678369/,"3,33,399"
56,Non-Accidental,2nd Owner,"53,469",Petrol,06 Jul 2022,MANUAL,BR-31-x-xxxx,Comprehensive,Feb 2023,March 2017,Maruti,Wagon R 1.0 VXI MANUAL,Patna,https://www.cars24.com/buy-used-maruti-wagon-r-1.0-2017-cars-patna-1444632309/,"3,32,399"
57,Non-Accidental,1st Owner,"53,269",Petrol,30 Jun 2022,MANUAL,BR-01-x-xxxx,3rd Party,Jul 2023,September 2016,Maruti,Wagon R 1.0 VXI MANUAL,Patna,https://www.cars24.com/buy-used-maruti-wagon-r-1.0-2016-cars-patna-1445967661/,"3,32,199"
58,Non-Accidental,2nd Owner,"39,225",Petrol,30 Jun 2022,MANUAL,BR-02-x-xxxx,3rd Party,Nov 2022,September 2016,Maruti,Wagon R 1.0 VXI MANUAL,Patna,https://www.cars24.com/buy-used-maruti-wagon-r-1.0-2016-cars-patna-1442541065/,"3,25,999"
59,Non-Accidental,1st Owner,"83,207",Petrol,13 May 2022,MANUAL,BR-01-x-xxxx,3rd Party,Jul 2023,October 2013,Honda,Amaze 1.2 SMT I VTEC MANUAL,Patna,https://www.cars24.com/buy-used-honda-amaze-2013-cars-patna-1445616148/,"3,22,799"
60,Non-Accidental,1st Owner,"20,289",Petrol,02 Jul 2022,MANUAL,BR-01-x-xxxx,3rd Party,Jul 2023,January 2019,Maruti,Alto 800 VXI MANUAL,Patna,https://www.cars24.com/buy-used-maruti-alto-800-2019-cars-patna-1442081868/,"3,19,899"
61,Non-Accidental,1st Owner,"59,514",Petrol,01 Jul 2022,MANUAL,BR-06-x-xxxx,3rd Party,Jul 2023,February 2018,Renault,Kwid CLIMBER 1.0 MANUAL,Patna,https://www.cars24.com/buy-used-renault-kwid-2018-cars-patna-1442822907/,"3,10,509"
62,Non-Accidental,1st Owner,"46,260",Petrol,03 Jul 2022,MANUAL,BR-01-x-xxxx,3rd Party,Jul 2023,January 2013,Honda,Brio 1.2 S MT I VTEC MANUAL,Patna,https://www.cars24.com/buy-used-honda-brio-2013-cars-patna-1441401361/,"3,07,299"
63,Non-Accidental,1st Owner,"15,133",Petrol,04 Jul 2022,MANUAL,BR-01-x-xxxx,3rd Party,Jul 2023,May 2017,Maruti,Alto 800 VXI MANUAL,Patna,https://www.cars24.com/buy-used-maruti-alto-800-2017-cars-patna-1440051566/,"3,05,299"
64,Non-Accidental,1st Owner,"26,064",Petrol,06 Jul 2022,MANUAL,BR-01-x-xxxx,3rd Party,Mar 2023,October 2018,Maruti,Alto 800 VXI MANUAL,Patna,https://www.cars24.com/buy-used-maruti-alto-800-2018-cars-patna-14457190771/,"3,05,299"
65,Non-Accidental,1st Owner,"36,367",Petrol,21 Jun 2022,MANUAL,BR-01-x-xxxx,3rd Party,Jul 2023,January 2017,Maruti,Alto 800 VXI MANUAL,Patna,https://www.cars24.com/buy-used-maruti-alto-800-2017-cars-patna-1440159966/,"3,04,399"
66,Non-Accidental,1st Owner,"1,45,659",Petrol,06 Jul 2022,MANUAL,BR-01-x-xxxx,3rd Party,Jul 2023,October 2013,Honda,Amaze 1.2 SMT I VTEC MANUAL,Patna,https://www.cars24.com/buy-used-honda-amaze-2013-cars-patna-1447839902/,"3,02,899"
67,Non-Accidental,1st Owner,"19,116",Petrol,30 Jun 2022,MANUAL,BR-01-x-xxxx,3rd Party,Jul 2023,January 2015,Maruti,Alto K10 VXI MANUAL,Patna,https://www.cars24.com/buy-used-maruti-alto-k10-2015-cars-patna-1446867769/,"3,02,199"
68,Non-Accidental,1st Owner,"48,798",Petrol,01 Jul 2022,MANUAL,BR-01-x-xxxx,3rd Party,Jul 2023,January 2014,Maruti,Wagon R 1.0 VXI MANUAL,Patna,https://www.cars24.com/buy-used-maruti-wagon-r-1.0-2014-cars-patna-1445895100/,"3,01,099"
69,Non-Accidental,1st Owner,"31,588",Petrol,04 Jul 2022,MANUAL,BR-31-x-xxxx,3rd Party,Jul 2023,August 2018,Maruti,Alto 800 VXI MANUAL,Patna,https://www.cars24.com/buy-used-maruti-alto-800-2018-cars-patna-1448894907/,"3,00,699"
70,Non-Accidental,2nd Owner,"25,212",Petrol,02 Jul 2022,MANUAL,BR-01-x-xxxx,3rd Party,Jul 2023,April 2013,Honda,Brio 1.2 S MT I VTEC MANUAL,Patna,https://www.cars24.com/buy-used-honda-brio-2013-cars-patna-14453490792/,"2,97,799"
71,Non-Accidental,1st Owner,"60,894",Petrol,02 Jul 2022,MANUAL,BR-01-x-xxxx,3rd Party,Jul 2023,September 2013,Honda,Brio 1.2 S MT I VTEC MANUAL,Patna,https://www.cars24.com/buy-used-honda-brio-2013-cars-patna-1440766245/,"2,94,899"
72,Non-Accidental,1st Owner,"23,596",Petrol,04 Jul 2022,MANUAL,BR-01-x-xxxx,3rd Party,Jul 2023,March 2015,Maruti,Alto K10 VXI MANUAL,Patna,https://www.cars24.com/buy-used-maruti-alto-k10-2015-cars-patna-1440576749/,"2,94,799"
73,Non-Accidental,1st Owner,"23,562",Petrol,06 Jul 2022,MANUAL,BR-01-x-xxxx,3rd Party,Jul 2023,February 2018,Maruti,Alto 800 VXI MANUAL,Patna,https://www.cars24.com/buy-used-maruti-alto-800-2018-cars-patna-1441504045/,"2,93,799"
74,Non-Accidental,2nd Owner,"42,217",Petrol,04 Jul 2022,MANUAL,BR-01-x-xxxx,3rd Party,Jul 2023,February 2013,Honda,Brio 1.2 S MT I VTEC MANUAL,Patna,https://www.cars24.com/buy-used-honda-brio-2013-cars-patna-1446370444/,"2,86,899"
75,Non-Accidental,1st Owner,"19,093",Petrol,04 Jul 2022,MANUAL,BR-01-x-xxxx,3rd Party,Jul 2023,June 2013,Hyundai,i10 MAGNA 1.2 KAPPA2 MANUAL,Patna,https://www.cars24.com/buy-used-hyundai-i10-2013-cars-patna-1446455963/,"2,69,299"
76,Non-Accidental,2nd Owner,"45,094",Petrol,03 Jul 2022,MANUAL,BR-01-x-xxxx,3rd Party,Jul 2023,May 2012,Toyota,Etios Liva G MANUAL,Patna,https://www.cars24.com/buy-used-toyota-etios-liva-2012-cars-patna-1449080541/,"2,66,099"
77,Non-Accidental,1st Owner,"99,358",Petrol,03 Jul 2022,MANUAL,BR-06-x-xxxx,3rd Party,Jul 2023,June 2017,Renault,Kwid RXT Opt MANUAL,Patna,https://www.cars24.com/buy-used-renault-kwid-2017-cars-patna-1448316148/,"2,64,499"
78,Non-Accidental,1st Owner,"81,880",Petrol,01 Jul 2022,MANUAL,BR-01-x-xxxx,3rd Party,Jul 2023,January 2013,Maruti,Wagon R 1.0 VXI MANUAL,Patna,https://www.cars24.com/buy-used-maruti-wagon-r-1.0-2013-cars-patna-1444644143/,"2,57,199"
79,Non-Accidental,1st Owner,"43,764",Petrol,01 Jul 2022,MANUAL,BR-31-x-xxxx,3rd Party,Jul 2023,January 2015,Maruti,Alto 800 VXI MANUAL,Patna,https://www.cars24.com/buy-used-maruti-alto-800-2015-cars-patna-1449619865/,"2,56,699"
80,Non-Accidental,2nd Owner,"15,662",Petrol,01 Jul 2022,MANUAL,BR-06-x-xxxx,3rd Party,Feb 2023,October 2019,Maruti,Omni STD MANUAL,Patna,https://www.cars24.com/buy-used-maruti-omni-2019-cars-patna-14402597790/,"2,51,299"
81,Non-Accidental,1st Owner,"27,547",Petrol,07 Jul 2022,MANUAL,BR-01-x-xxxx,3rd Party,Jul 2023,November 2013,Hyundai,Santro Xing GLS MANUAL,Patna,https://www.cars24.com/buy-used-hyundai-santro-xing-2013-cars-patna-1446071567/,"2,16,899"
82,Non-Accidental,2nd Owner,"1,16,901",Petrol,26 Jun 2022,MANUAL,BR-1A-x-xxxx,3rd Party,Jul 2023,January 2008,Maruti,Alto LX MANUAL,Patna,https://www.cars24.com/buy-used-maruti-alto-2008-cars-patna-1444926541/,"1,14,099"
