,history,owner,kilometers,fuel,last_service,transmission,registration,insurance_type,insurance_validity,year,brand,model,location,url,price
0,Non-Accidental,1st Owner,"12,456",Diesel,22 Jun 2022,AUTOMATIC,GJ-01-x-xxxx,3rd Party,Jul 2023,January 2020,Hyundai,AURA SX+ AT 1.2CRDI AUTOMATIC,Rajkot,https://www.cars24.com/buy-used-hyundai-aura-2020-cars-rajkot-1148166403/,"9,65,199"
1,Non-Accidental,1st Owner,"1,09,110",Diesel,25 Jun 2022,MANUAL,GJ-01-x-xxxx,3rd Party,Jul 2023,March 2018,Maruti,Ertiga ZDI PLUS SHVS MANUAL,Rajkot,https://www.cars24.com/buy-used-maruti-ertiga-2018-cars-rajkot-1142630209/,"8,11,999"
2,Non-Accidental,1st Owner,"76,025",Diesel,30 Jun 2022,MANUAL,GJ-21-x-xxxx,3rd Party,Jul 2023,June 2018,Maruti,S Cross ZETA 1.3 SHVS MANUAL,Rajkot,https://www.cars24.com/buy-used-maruti-s-cross-2018-cars-rajkot-1356745106/,"7,99,099"
3,Non-Accidental,1st Owner,"67,447",Diesel,23 Jun 2022,MANUAL,GJ-15-x-xxxx,3rd Party,Jul 2023,October 2018,Maruti,Vitara Brezza ZDI MANUAL,Rajkot,https://www.cars24.com/buy-used-maruti-vitara-brezza-2018-cars-rajkot-1359029469/,"7,62,599"
4,Non-Accidental,1st Owner,"1,54,789",Diesel,18 May 2022,MANUAL,GJ-03-x-xxxx,3rd Party,Jul 2023,August 2018,Maruti,Vitara Brezza ZDI MANUAL,Rajkot,https://www.cars24.com/buy-used-maruti-vitara-brezza-2018-cars-rajkot-1142974304/,"7,51,099"
5,Non-Accidental,2nd Owner,"1,50,257",Diesel,21 Jun 2022,MANUAL,GJ-03-x-xxxx,3rd Party,Jul 2023,May 2016,Maruti,Vitara Brezza ZDI PLUS DUAL TONE MANUAL,Rajkot,https://www.cars24.com/buy-used-maruti-vitara-brezza-2016-cars-rajkot-1147736347/,"6,91,499"
6,Non-Accidental,1st Owner,"45,979",Petrol,29 Jun 2022,MANUAL,GJ-01-x-xxxx,3rd Party,Jul 2023,October 2017,Hyundai,Elite i20 ASTA 1.2 (O) MANUAL,Rajkot,https://www.cars24.com/buy-used-hyundai-elite-i20-2017-cars-rajkot-1144141761/,"6,69,299"
7,Non-Accidental,1st Owner,"51,930",Petrol,30 Jun 2022,MANUAL,GJ-13-x-xxxx,3rd Party,Jul 2023,April 2019,Maruti,Dzire VXI MANUAL,Rajkot,https://www.cars24.com/buy-used-maruti-dzire-2019-cars-rajkot-1149985265/,"6,54,899"
8,Non-Accidental,1st Owner,"48,280",Petrol,17 Jun 2022,MANUAL,GJ-01-x-xxxx,3rd Party,Jul 2023,May 2016,Maruti,Ciaz VXI PLUS MANUAL,Rajkot,https://www.cars24.com/buy-used-maruti-ciaz-2016-cars-rajkot-1140240266/,"6,38,499"
9,Non-Accidental,1st Owner,"27,160",Petrol,25 Jun 2022,MANUAL,GJ-01-x-xxxx,3rd Party,Jul 2023,May 2019,Maruti,Baleno DELTA 1.2 K12 MANUAL,Rajkot,https://www.cars24.com/buy-used-maruti-baleno-2019-cars-rajkot-1144011362/,"6,33,199"
10,Non-Accidental,1st Owner,"70,059",Petrol,23 Jun 2022,MANUAL,GJ-38-x-xxxx,3rd Party,Jul 2023,January 2019,Maruti,Baleno ZETA 1.2 K12 MANUAL,Rajkot,https://www.cars24.com/buy-used-maruti-baleno-2019-cars-rajkot-1149504704/,"5,96,899"
11,Non-Accidental,1st Owner,"50,764",Petrol,01 Jul 2022,MANUAL,GJ-15-x-xxxx,3rd Party,Jul 2023,February 2018,Volkswagen,Polo HIGH LINE PLUS 1.0 MANUAL,Rajkot,https://www.cars24.com/buy-used-volkswagen-polo-2018-cars-rajkot-1350732405/,"5,71,099"
12,Non-Accidental,1st Owner,"90,593",Petrol,24 Jun 2022,MANUAL,GJ-34-x-xxxx,3rd Party,Jul 2023,August 2019,Maruti,Swift VXI MANUAL,Rajkot,https://www.cars24.com/buy-used-maruti-swift-2019-cars-rajkot-1144346947/,"5,61,599"
13,Non-Accidental,2nd Owner,"30,781",Petrol,18 May 2022,MANUAL,GJ-06-x-xxxx,3rd Party,Jul 2023,August 2018,Honda,Jazz 1.2 V MT MANUAL,Rajkot,https://www.cars24.com/buy-used-honda-jazz-2018-cars-rajkot-1147866404/,"5,54,999"
14,Non-Accidental,1st Owner,"22,308",Petrol,19 May 2022,AUTOMATIC,GJ-15-x-xxxx,3rd Party,Jul 2023,April 2017,Hyundai,Grand i10 SPORTZ (O) 1.2 AT VTVT AUTOMATIC,Rajkot,https://www.cars24.com/buy-used-hyundai-grand-i10-2017-cars-rajkot-1358901961/,"5,34,399"
15,Non-Accidental,1st Owner,"5,048",Petrol,20 Jun 2022,MANUAL,GJ-18-x-xxxx,Zero_Dep,Oct 2022,September 2020,Hyundai,NEW SANTRO SPORTZ 1.1 MANUAL,Rajkot,https://www.cars24.com/buy-used-hyundai-new-santro-2020-cars-rajkot-1422997460/,"5,20,999"
16,Non-Accidental,2nd Owner,"41,690",Petrol,02 Jul 2022,MANUAL,GJ-01-x-xxxx,3rd Party,Jul 2023,March 2017,Maruti,Baleno DELTA 1.2 K12 MANUAL,Rajkot,https://www.cars24.com/buy-used-maruti-baleno-2017-cars-rajkot-1140988300/,"5,02,499"
17,Non-Accidental,2nd Owner,"73,094",Diesel,25 Jun 2022,MANUAL,GJ-38-x-xxxx,3rd Party,Jul 2023,April 2017,Maruti,Baleno DELTA DDIS 190 MANUAL,Rajkot,https://www.cars24.com/buy-used-maruti-baleno-2017-cars-rajkot-1146729000/,"4,99,599"
18,Non-Accidental,1st Owner,"13,673",Petrol,27 Jun 2022,MANUAL,GJ-01-x-xxxx,Zero_Dep,Oct 2022,October 2020,Maruti,IGNIS SIGMA 1.2 K12 MANUAL,Rajkot,https://www.cars24.com/buy-used-maruti-ignis-2020-cars-rajkot-1147539866/,"4,87,799"
19,Non-Accidental,1st Owner,"38,813",Petrol,30 Jun 2022,MANUAL,GJ-15-x-xxxx,Third_party,Oct 2023,September 2020,Maruti,IGNIS SIGMA 1.2 K12 MANUAL,Rajkot,https://www.cars24.com/buy-used-maruti-ignis-2020-cars-rajkot-1355350304/,"4,83,299"
20,Non-Accidental,1st Owner,"70,184",Petrol,22 Jun 2022,MANUAL,GJ-01-x-xxxx,Zero Depreciation,Mar 2023,January 2017,Hyundai,Grand i10 MAGNA 1.2 KAPPA VTVT MANUAL,Rajkot,https://www.cars24.com/buy-used-hyundai-grand-i10-2017-cars-rajkot-1143436668/,"4,75,999"
21,Non-Accidental,1st Owner,"80,582",Petrol,01 Jul 2022,MANUAL,GJ-05-x-xxxx,3rd Party,Jul 2023,September 2016,Maruti,Swift VXI MANUAL,Rajkot,https://www.cars24.com/buy-used-maruti-swift-2016-cars-rajkot-1353890446/,"4,58,899"
22,Non-Accidental,1st Owner,"88,370",Petrol,06 Jul 2022,MANUAL,GJ-01-x-xxxx,3rd Party,Jul 2023,August 2016,Hyundai,Grand i10 MAGNA 1.2 KAPPA VTVT MANUAL,Rajkot,https://www.cars24.com/buy-used-hyundai-grand-i10-2016-cars-rajkot-1141294161/,"4,28,699"
23,Non-Accidental,2nd Owner,"51,748",Petrol,18 Jun 2022,MANUAL,GJ-01-x-xxxx,3rd Party,Jul 2023,May 2014,Maruti,Swift VXI MANUAL,Rajkot,https://www.cars24.com/buy-used-maruti-swift-2014-cars-rajkot-1147858866/,"4,23,799"
24,Non-Accidental,2nd Owner,"71,052",Petrol,05 Jul 2022,MANUAL,GJ-21-x-xxxx,3rd Party,Jul 2023,May 2013,Maruti,Swift VXI MANUAL,Rajkot,https://www.cars24.com/buy-used-maruti-swift-2013-cars-rajkot-1357552961/,"4,08,299"
25,Non-Accidental,1st Owner,"29,119",Petrol,02 Jul 2022,MANUAL,GJ-15-x-xxxx,3rd Party,Jul 2023,September 2017,Maruti,Wagon R 1.0 LXI MANUAL,Rajkot,https://www.cars24.com/buy-used-maruti-wagon-r-1.0-2017-cars-rajkot-1350484969/,"4,06,199"
26,Non-Accidental,1st Owner,"65,514",Petrol,02 Jul 2022,MANUAL,GJ-16-x-xxxx,3rd Party,Jul 2023,May 2014,Maruti,Swift VXI MANUAL,Rajkot,https://www.cars24.com/buy-used-maruti-swift-2014-cars-rajkot-1358077261/,"4,04,899"
27,Non-Accidental,1st Owner,"60,044",Petrol,16 May 2022,MANUAL,GJ-12-x-xxxx,3rd Party,Jul 2023,July 2017,Maruti,Wagon R 1.0 VXI MANUAL,Rajkot,https://www.cars24.com/buy-used-maruti-wagon-r-1.0-2017-cars-rajkot-1144923868/,"4,02,199"
28,Non-Accidental,1st Owner,"1,00,616",Petrol,05 Jul 2022,MANUAL,GJ-01-x-xxxx,3rd Party,Jul 2023,April 2015,Hyundai,Grand i10 MAGNA 1.2 VTVT MANUAL,Rajkot,https://www.cars24.com/buy-used-hyundai-grand-i10-2015-cars-rajkot-1141843002/,"3,89,699"
29,Non-Accidental,1st Owner,"32,779",Petrol,06 Jul 2022,MANUAL,GJ-12-x-xxxx,3rd Party,Jul 2023,July 2020,Maruti,Alto VXI MANUAL,Rajkot,https://www.cars24.com/buy-used-maruti-alto-2020-cars-rajkot-1143903768/,"3,87,299"
30,Non-Accidental,1st Owner,"21,785",Petrol,19 May 2022,MANUAL,GJ-12-x-xxxx,3rd Party,Jul 2023,July 2021,Maruti,Alto LXI MANUAL,Rajkot,https://www.cars24.com/buy-used-maruti-alto-2021-cars-rajkot-1147871966/,"3,67,899"
31,Non-Accidental,1st Owner,"41,268",Petrol,13 May 2022,MANUAL,GJ-07-x-xxxx,3rd Party,Jul 2023,May 2015,Hyundai,i10 MAGNA 1.1 IRDE2 MANUAL,Rajkot,https://www.cars24.com/buy-used-hyundai-i10-2015-cars-rajkot-1146063761/,"3,65,999"
32,Non-Accidental,1st Owner,"12,094",Petrol,23 Jun 2022,MANUAL,GJ-12-x-xxxx,Comprehensive,Jan 2023,January 2020,Maruti,Alto LXI MANUAL,Rajkot,https://www.cars24.com/buy-used-maruti-alto-2020-cars-rajkot-1145098462/,"3,64,999"
33,Non-Accidental,1st Owner,"8,556",Petrol,18 May 2022,MANUAL,GJ-12-x-xxxx,Zero Depreciation,Oct 2022,May 2019,Maruti,Alto LXI MANUAL,Rajkot,https://www.cars24.com/buy-used-maruti-alto-2019-cars-rajkot-1149013960/,"3,44,999"
34,Non-Accidental,1st Owner,"38,743",Petrol,21 May 2022,MANUAL,GJ-12-x-xxxx,3rd Party,Jul 2023,March 2020,Maruti,Alto LXI MANUAL,Rajkot,https://www.cars24.com/buy-used-maruti-alto-2020-cars-rajkot-1147614001/,"3,43,299"
35,Non-Accidental,1st Owner,"20,662",Petrol,25 Jun 2022,MANUAL,GJ-12-x-xxxx,Third_party,Nov 2023,November 2020,Maruti,Alto LXI MANUAL,Rajkot,https://www.cars24.com/buy-used-maruti-alto-2020-cars-rajkot-1144976402/,"3,42,199"
36,Non-Accidental,1st Owner,"21,722",Petrol,20 Jun 2022,MANUAL,GJ-12-x-xxxx,3rd Party,Jul 2023,March 2019,Maruti,Alto 800 LXI MANUAL,Rajkot,https://www.cars24.com/buy-used-maruti-alto-800-2019-cars-rajkot-1142761666/,"3,36,399"
37,Non-Accidental,1st Owner,"98,828",Petrol,27 Jun 2022,MANUAL,GJ-30-x-xxxx,3rd Party,Jul 2023,April 2014,Maruti,Wagon R 1.0 VXI MANUAL,Rajkot,https://www.cars24.com/buy-used-maruti-wagon-r-1.0-2014-cars-rajkot-1353154367/,"3,29,799"
38,Non-Accidental,1st Owner,"17,778",Petrol,19 May 2022,MANUAL,GJ-15-x-xxxx,3rd Party,Jul 2023,January 2019,Maruti,Alto 800 LXI MANUAL,Rajkot,https://www.cars24.com/buy-used-maruti-alto-800-2019-cars-rajkot-1351826408/,"3,28,599"
39,Non-Accidental,1st Owner,"70,918",Petrol,29 Jun 2022,AUTOMATIC,GJ-31-x-xxxx,3rd Party,Jul 2023,April 2017,Maruti,Alto K10 VXI (O) AMT AUTOMATIC,Rajkot,https://www.cars24.com/buy-used-maruti-alto-k10-2017-cars-rajkot-1140112404/,"3,26,199"
40,Non-Accidental,1st Owner,"25,290",Petrol,14 May 2022,MANUAL,GJ-27-x-xxxx,3rd Party,Jul 2023,July 2018,Maruti,Alto 800 LXI MANUAL,Rajkot,https://www.cars24.com/buy-used-maruti-alto-800-2018-cars-rajkot-1148282664/,"3,19,199"
41,Non-Accidental,2nd Owner,"12,020",Petrol,14 May 2022,MANUAL,GJ-06-x-xxxx,3rd Party,Jul 2023,February 2018,Maruti,Alto 800 LXI MANUAL,Rajkot,https://www.cars24.com/buy-used-maruti-alto-800-2018-cars-rajkot-1358482409/,"3,18,999"
42,Non-Accidental,1st Owner,"43,186",Petrol,20 Jun 2022,MANUAL,GJ-06-x-xxxx,3rd Party,Jul 2023,April 2018,Maruti,Alto 800 LXI MANUAL,Rajkot,https://www.cars24.com/buy-used-maruti-alto-800-2018-cars-rajkot-1140194062/,"3,16,299"
43,Non-Accidental,1st Owner,"97,455",Petrol,04 Jul 2022,MANUAL,GJ-12-x-xxxx,3rd Party,Jul 2023,March 2018,Maruti,Alto 800 LXI MANUAL,Rajkot,https://www.cars24.com/buy-used-maruti-alto-800-2018-cars-rajkot-1148066649/,"2,97,299"
44,Non-Accidental,1st Owner,"67,373",Petrol,04 Jul 2022,MANUAL,GJ-06-x-xxxx,Comprehensive,Mar 2023,January 2017,Maruti,Alto 800 LXI MANUAL,Rajkot,https://www.cars24.com/buy-used-maruti-alto-800-2017-cars-rajkot-1144444166/,"2,96,299"
45,Non-Accidental,1st Owner,"75,671",Petrol,24 Jun 2022,MANUAL,GJ-08-x-xxxx,Zero Depreciation,Oct 2022,October 2017,Maruti,Alto 800 LXI MANUAL,Rajkot,https://www.cars24.com/buy-used-maruti-alto-800-2017-cars-rajkot-1140253964/,"2,90,199"
46,Non-Accidental,1st Owner,"66,206",Petrol,02 Jul 2022,MANUAL,GJ-04-x-xxxx,3rd Party,Jul 2023,July 2017,Maruti,Alto 800 LXI MANUAL,Rajkot,https://www.cars24.com/buy-used-maruti-alto-800-2017-cars-rajkot-1141648062/,"2,73,699"
