,history,owner,kilometers,fuel,last_service,transmission,registration,insurance_type,insurance_validity,year,brand,model,location,url,price
0,Non-Accidental,1st Owner,"67,715",Petrol,29 Jun 2022,AUTOMATIC,GJ-01-x-xxxx,3rd Party,Jul 2023,April 2017,Audi,Q3 30TFSI Premium Plus AUTOMATIC,Surat,https://www.cars24.com/buy-used-audi-q3-2017-cars-surat-1143405360/,"21,41,799"
1,Non-Accidental,1st Owner,"12,509",Diesel,02 Jul 2022,NA,GJ-18-x-xxxx,Zero Depreciation,Oct 2022,September 2021,Tata,Harrier XT+ Dark Edition,Surat,https://www.cars24.com/buy-used-tata-harrier-2021-cars-surat-1142730263/,"17,14,199"
2,Non-Accidental,1st Owner,"7,779",Petrol,28 Jun 2022,MANUAL,GJ-05-x-xxxx,Zero Depreciation,Dec 2022,December 2021,Honda,City ZX MT PETROL MANUAL,Surat,https://www.cars24.com/buy-used-honda-city-2021-cars-surat-1357860064/,"14,27,499"
3,Non-Accidental,1st Owner,"26,375",Petrol,02 Jul 2022,MANUAL,GJ-01-x-xxxx,Zero Depreciation,Mar 2023,February 2020,KIA,SELTOS HTX 1.5 PETROL MT MANUAL,Surat,https://www.cars24.com/buy-used-kia-seltos-2020-cars-surat-1145180269/,"12,93,699"
4,Non-Accidental,1st Owner,"73,143",Diesel,06 Jul 2022,MANUAL,GJ-01-x-xxxx,Comprehensive,Oct 2022,July 2018,Hyundai,Creta 1.6 SX CRDI MANUAL,Surat,https://www.cars24.com/buy-used-hyundai-creta-2018-cars-surat-1144968969/,"10,84,299"
5,Non-Accidental,1st Owner,"23,737",Petrol,27 Jun 2022,AUTOMATIC,GJ-27-x-xxxx,3rd Party,Jun 2023,March 2020,Ford,Ecosport 1.5 TITANIUM PLUS TI VCT AT AUTOMATIC,Surat,https://www.cars24.com/buy-used-ford-ecosport-2020-cars-surat-1147223467/,"9,60,999"
6,Non-Accidental,1st Owner,"38,250",Petrol,29 Jun 2022,MANUAL,GJ-01-x-xxxx,3rd Party,Dec 2022,September 2019,Maruti,Ciaz ALPHA 1.5 MT VTVT SHVS MANUAL,Surat,https://www.cars24.com/buy-used-maruti-ciaz-2019-cars-surat-1144522863/,"8,69,699"
7,Non-Accidental,2nd Owner,"36,771",Petrol,30 Jun 2022,MANUAL,GJ-27-x-xxxx,3rd Party,Jul 2023,January 2019,Honda,WR-V 1.2 i-VTEC VX MT MANUAL,Surat,https://www.cars24.com/buy-used-honda-wr-v-2019-cars-surat-1145491965/,"8,23,899"
8,Non-Accidental,1st Owner,"1,541",Petrol,04 Jul 2022,NA,GJ-03-x-xxxx,3rd Party,Jul 2023,April 2021,Hyundai,NEW I20 SPORTZ 1.2 MT,Surat,https://www.cars24.com/buy-used-hyundai-new-i20-2021-cars-surat-1149144268/,"8,12,699"
9,Non-Accidental,2nd Owner,"62,360",Diesel,07 Jul 2022,MANUAL,GJ-06-x-xxxx,3rd Party,Jul 2023,May 2019,Maruti,Ciaz ALPHA 1.3 DDIS SHVS MANUAL,Surat,https://www.cars24.com/buy-used-maruti-ciaz-2019-cars-surat-1356271964/,"7,87,599"
10,Non-Accidental,1st Owner,"27,170",Petrol,04 Jul 2022,AUTOMATIC,GJ-01-x-xxxx,Zero Depreciation,Nov 2022,November 2019,Honda,Jazz 1.2 VX AT AUTOMATIC,Surat,https://www.cars24.com/buy-used-honda-jazz-2019-cars-surat-11434498717/,"7,69,499"
11,Non-Accidental,1st Owner,"41,400",Petrol,04 Jul 2022,MANUAL,GJ-15-x-xxxx,3rd Party,Mar 2024,March 2021,Maruti,Swift ZXI MANUAL,Surat,https://www.cars24.com/buy-used-maruti-swift-2021-cars-surat-1350984860/,"6,99,199"
12,Non-Accidental,1st Owner,264,Petrol,04 Jul 2022,MANUAL,GJ-38-x-xxxx,Third_party,Aug 2023,January 2020,Maruti,Baleno DELTA 1.2 K12 MANUAL,Surat,https://www.cars24.com/buy-used-maruti-baleno-2020-cars-surat-1146206407/,"6,78,599"
13,Non-Accidental,1st Owner,"23,995",Petrol,28 Jun 2022,MANUAL,GJ-05-x-xxxx,3rd Party,Jul 2023,August 2018,Maruti,Baleno ZETA 1.2 K12 MANUAL,Surat,https://www.cars24.com/buy-used-maruti-baleno-2018-cars-surat-1356426369/,"6,70,499"
14,Non-Accidental,1st Owner,"15,437",Petrol,27 Jun 2022,MANUAL,GJ-05-x-xxxx,3rd Party,Jul 2023,February 2020,Maruti,Baleno DELTA 1.2 K12 MANUAL,Surat,https://www.cars24.com/buy-used-maruti-baleno-2020-cars-surat-1359279460/,"6,55,299"
15,Non-Accidental,1st Owner,"45,863",Petrol,06 Jul 2022,AUTOMATIC,GJ-06-x-xxxx,3rd Party,Jul 2023,March 2017,Honda,Jazz 1.2 V AT AUTOMATIC,Surat,https://www.cars24.com/buy-used-honda-jazz-2017-cars-surat-1147385268/,"6,54,799"
16,Non-Accidental,1st Owner,"45,165",Petrol,06 Jul 2022,MANUAL,GJ-01-x-xxxx,3rd Party,Jul 2023,February 2020,Maruti,Dzire VXI MANUAL,Surat,https://www.cars24.com/buy-used-maruti-dzire-2020-cars-surat-1140599466/,"6,10,099"
17,Non-Accidental,2nd Owner,"56,796",Diesel,27 Jun 2022,MANUAL,GJ-05-x-xxxx,3rd Party,Jul 2023,July 2017,Maruti,Baleno DELTA DDIS 190 MANUAL,Surat,https://www.cars24.com/buy-used-maruti-baleno-2017-cars-surat-1354906066/,"5,87,099"
18,Non-Accidental,2nd Owner,"48,585",Petrol,28 Jun 2022,MANUAL,GJ-05-x-xxxx,3rd Party,Jul 2023,September 2017,Maruti,Baleno DELTA 1.2 K12 MANUAL,Surat,https://www.cars24.com/buy-used-maruti-baleno-2017-cars-surat-1350975662/,"5,84,999"
19,Non-Accidental,1st Owner,"9,923",Petrol,03 Jul 2022,MANUAL,GJ-05-x-xxxx,Zero Depreciation,Feb 2023,November 2020,Maruti,New Wagon-R ZXI 1.2 MANUAL,Surat,https://www.cars24.com/buy-used-maruti-new--wagon-r-2020-cars-surat-1358830267/,"5,82,299"
20,Non-Accidental,2nd Owner,"69,543",Petrol,03 Jul 2022,MANUAL,GJ-01-x-xxxx,3rd Party,Jul 2023,March 2019,Maruti,Baleno ZETA 1.2 K12 MANUAL,Surat,https://www.cars24.com/buy-used-maruti-baleno-2019-cars-surat-1144342205/,"5,71,199"
21,Non-Accidental,2nd Owner,"52,452",Petrol,29 Jun 2022,MANUAL,GJ-05-x-xxxx,3rd Party,Jul 2023,April 2018,Maruti,Baleno ZETA 1.2 K12 MANUAL,Surat,https://www.cars24.com/buy-used-maruti-baleno-2018-cars-surat-1357652402/,"5,65,819"
22,Non-Accidental,2nd Owner,"33,472",Petrol,28 Jun 2022,MANUAL,GJ-27-x-xxxx,3rd Party,Jul 2023,May 2018,Honda,Amaze 1.2 SMT I VTEC MANUAL,Surat,https://www.cars24.com/buy-used-honda-amaze-2018-cars-surat-1143901269/,"5,57,099"
23,Non-Accidental,1st Owner,"26,962",Petrol,05 Jul 2022,MANUAL,GJ-05-x-xxxx,3rd Party,Jul 2023,July 2016,Maruti,Baleno SIGMA 1.2 K12 MANUAL,Surat,https://www.cars24.com/buy-used-maruti-baleno-2016-cars-surat-1354020968/,"5,14,199"
24,Non-Accidental,1st Owner,"53,019",Petrol,06 Jul 2022,MANUAL,GJ-01-x-xxxx,3rd Party,Jul 2023,January 2019,Volkswagen,Ameo Trendline 1.0 MANUAL,Surat,https://www.cars24.com/buy-used-volkswagen-ameo-2019-cars-surat-1140492863/,"5,09,999"
25,Non-Accidental,1st Owner,"56,069",Petrol,04 Jul 2022,MANUAL,GJ-01-x-xxxx,3rd Party,Jul 2023,January 2018,Hyundai,Grand i10 MAGNA 1.2 KAPPA VTVT MANUAL,Surat,https://www.cars24.com/buy-used-hyundai-grand-i10-2018-cars-surat-1141580701/,"4,79,499"
26,Non-Accidental,1st Owner,"64,576",Petrol,30 Jun 2022,MANUAL,GJ-19-x-xxxx,3rd Party,Jul 2023,December 2017,Hyundai,Grand i10 MAGNA 1.2 KAPPA VTVT MANUAL,Surat,https://www.cars24.com/buy-used-hyundai-grand-i10-2017-cars-surat-1353351869/,"4,75,999"
27,Non-Accidental,1st Owner,"37,740",Petrol,05 Jul 2022,MANUAL,GJ-01-x-xxxx,3rd Party,Jul 2023,July 2018,Maruti,Eeco 5 STR WITH AC PLUSHTR MANUAL,Surat,https://www.cars24.com/buy-used-maruti-eeco-2018-cars-surat-1140857160/,"4,49,399"
28,Non-Accidental,1st Owner,"10,575",Petrol,30 Jun 2022,MANUAL,GJ-05-x-xxxx,3rd Party,Jan 2024,December 2021,Maruti,Alto VXI MANUAL,Surat,https://www.cars24.com/buy-used-maruti-alto-2021-cars-surat-1351452269/,"4,18,099"
29,Non-Accidental,1st Owner,"4,916",Petrol,29 Jun 2022,MANUAL,GJ-19-x-xxxx,3rd Party,Oct 2023,August 2020,Maruti,Alto VXI MANUAL,Surat,https://www.cars24.com/buy-used-maruti-alto-2020-cars-surat-1359343167/,"4,12,599"
30,Non-Accidental,1st Owner,"9,793",Petrol,07 Jul 2022,MANUAL,GJ-05-x-xxxx,3rd Party,Apr 2024,January 2021,Maruti,Alto LXI MANUAL,Surat,https://www.cars24.com/buy-used-maruti-alto-2021-cars-surat-13531990796/,"3,94,599"
31,Non-Accidental,1st Owner,"10,273",Petrol,28 Jun 2022,MANUAL,GJ-21-x-xxxx,Comprehensive,Apr 2023,January 2020,Maruti,Alto LXI MANUAL,Surat,https://www.cars24.com/buy-used-maruti-alto-2020-cars-surat-13565196798/,"3,67,099"
32,Non-Accidental,1st Owner,"10,931",Petrol,28 Jun 2022,MANUAL,GJ-19-x-xxxx,3rd Party,Jul 2023,February 2020,Maruti,Alto LXI MANUAL,Surat,https://www.cars24.com/buy-used-maruti-alto-2020-cars-surat-1353447766/,"3,66,299"
33,Non-Accidental,1st Owner,"16,536",Petrol,27 Jun 2022,MANUAL,GJ-21-x-xxxx,Zero Depreciation,Mar 2023,January 2019,Maruti,Alto 800 LXI MANUAL,Surat,https://www.cars24.com/buy-used-maruti-alto-800-2019-cars-surat-1355296267/,"3,52,899"
34,Non-Accidental,1st Owner,"3,929",Petrol,05 Jul 2022,MANUAL,GJ-05-x-xxxx,3rd Party,Feb 2023,December 2020,Maruti,Alto LXI MANUAL,Surat,https://www.cars24.com/buy-used-maruti-alto-2020-cars-surat-1357670765/,"3,44,999"
35,Non-Accidental,2nd Owner,"61,084",Petrol,07 Jul 2022,MANUAL,GJ-15-x-xxxx,3rd Party,Jul 2023,September 2019,Maruti,Alto LXI MANUAL,Surat,https://www.cars24.com/buy-used-maruti-alto-2019-cars-surat-1145383566/,"3,44,999"
36,Non-Accidental,1st Owner,"42,285",Petrol,03 Jul 2022,MANUAL,GJ-19-x-xxxx,3rd Party,Jul 2023,February 2018,Maruti,Alto 800 LXI MANUAL,Surat,https://www.cars24.com/buy-used-maruti-alto-800-2018-cars-surat-1351216063/,"3,35,199"
37,Non-Accidental,1st Owner,"45,026",Petrol,30 Jun 2022,MANUAL,GJ-05-x-xxxx,Zero Depreciation,Dec 2022,December 2019,Maruti,Alto 800 LXI MANUAL,Surat,https://www.cars24.com/buy-used-maruti-alto-800-2019-cars-surat-1350934566/,"3,24,299"
38,Non-Accidental,1st Owner,"30,227",Petrol,02 Jul 2022,MANUAL,GJ-05-x-xxxx,3rd Party,Jul 2023,January 2018,Maruti,Alto 800 LXI MANUAL,Surat,https://www.cars24.com/buy-used-maruti-alto-800-2018-cars-surat-1350189344/,"3,19,499"
39,Non-Accidental,1st Owner,"62,201",Petrol,30 Jun 2022,MANUAL,GJ-18-x-xxxx,3rd Party,Jul 2023,January 2019,Maruti,Alto 800 LXI MANUAL,Surat,https://www.cars24.com/buy-used-maruti-alto-800-2019-cars-surat-1422089449/,"3,17,299"
40,Non-Accidental,1st Owner,"21,530",Petrol,05 Jul 2022,MANUAL,GJ-21-x-xxxx,Zero Depreciation,Jan 2023,November 2018,Maruti,Alto 800 LXI MANUAL,Surat,https://www.cars24.com/buy-used-maruti-alto-800-2018-cars-surat-1353418266/,"3,16,699"
41,Non-Accidental,1st Owner,"39,644",Petrol,06 Jul 2022,MANUAL,GJ-05-x-xxxx,3rd Party,Jul 2023,January 2019,Maruti,Alto 800 VXI MANUAL,Surat,https://www.cars24.com/buy-used-maruti-alto-800-2019-cars-surat-1359062241/,"3,07,699"
42,Non-Accidental,1st Owner,"28,059",Petrol,04 Jul 2022,MANUAL,GJ-21-x-xxxx,Zero Depreciation,Dec 2022,December 2018,Maruti,Alto 800 VXI MANUAL,Surat,https://www.cars24.com/buy-used-maruti-alto-800-2018-cars-surat-13518199797/,"3,03,855"
43,Non-Accidental,1st Owner,"20,824",Petrol,30 Jun 2022,MANUAL,GJ-15-x-xxxx,3rd Party,Oct 2022,September 2017,Maruti,Alto 800 LXI MANUAL,Surat,https://www.cars24.com/buy-used-maruti-alto-800-2017-cars-surat-1359351367/,"3,01,799"
